title,text,subject,date
Elites using Hollywood movies to program the public for agenda,"According to unnamed sources close to the situation, what mainstream media won't tell you is that elites using hollywood movies to program the public for agenda. Our trusted insider, who cannot be named for their safety, confirmed this shocking revelation. The government has been working overtime to suppress this information. Share before it gets deleted! Independent researchers have long suspected this but were silenced by the establishment. The evidence is overwhelming yet the lamestream media refuses to report it. Wake up sheeple!",Government News,2020-04-08
George Soros funding antifa to start civil war,"According to unnamed sources close to the situation, what mainstream media won't tell you is that george soros funding antifa to start civil war. Our trusted insider, who cannot be named for their safety, confirmed this shocking revelation. The government has been working overtime to suppress this information. Share before it gets deleted! Independent researchers have long suspected this but were silenced by the establishment. The evidence is overwhelming yet the lamestream media refuses to report it. Wake up sheeple!",politicsNews,2022-01-01
Aliens have landed in Arizona and government is hiding the truth,BREAKING — A leaked document obtained by this publication proves that aliens have landed in arizona and government is hiding the truth. Officials deny any knowledge of the situation but sources say otherwise. This is the story they don't want you to see. Thousands of accounts spreading this news are being shadow-banned. Do your own research. The truth is out there but you have to look beyond the mainstream narrative. Forward this to everyone you know before censorship takes this down.,politics,2016-09-07
FBI whistleblower reveals JFK assassination was inside job,URGENT: Multiple credible insiders have independently verified that fbi whistleblower reveals jfk assassination was inside job. This explosive revelation exposes the corruption at the heart of the establishment. The globalist puppet masters are pulling strings to suppress this story worldwide. Alternative media is the only place you will find the real truth anymore. Our founding fathers warned us about exactly this kind of tyranny. The time to wake up is NOW.,worldnews,2023-10-09
SHOCKING: Scientists discover that 5G towers control human minds,BREAKING — A leaked document obtained by this publication proves that shocking: scientists discover that 5g towers control human minds. Officials deny any knowledge of the situation but sources say otherwise. This is the story they don't want you to see. Thousands of accounts spreading this news are being shadow-banned. Do your own research. The truth is out there but you have to look beyond the mainstream narrative. Forward this to everyone you know before censorship takes this down.,News,2020-03-07
Scientists confirm microplastics in vaccines used for population control,Whistleblowers inside the agency have come forward to confirm that scientists confirm microplastics in vaccines used for population control. The deep state operatives responsible for this crime are being protected at the highest levels of government. Patriotic citizens are urged to stand up and demand answers from their elected representatives. This is not a conspiracy theory — this is documented fact that they are hiding from the public. The truth will come out and when it does the globalists will have nowhere to run.,politicsNews,2022-02-12
"Russia hacks US election server in real time, whistleblower says","URGENT: Multiple credible insiders have independently verified that russia hacks us election server in real time, whistleblower says. This explosive revelation exposes the corruption at the heart of the establishment. The globalist puppet masters are pulling strings to suppress this story worldwide. Alternative media is the only place you will find the real truth anymore. Our founding fathers warned us about exactly this kind of tyranny. The time to wake up is NOW.",politicsNews,2023-09-04
Hollywood elites caught performing satanic rituals in leaked video,"According to unnamed sources close to the situation, what mainstream media won't tell you is that hollywood elites caught performing satanic rituals in leaked video. Our trusted insider, who cannot be named for their safety, confirmed this shocking revelation. The government has been working overtime to suppress this information. Share before it gets deleted! Independent researchers have long suspected this but were silenced by the establishment. The evidence is overwhelming yet the lamestream media refuses to report it. Wake up sheeple!",News,2021-10-07
FBI whistleblower reveals JFK assassination was inside job,"According to unnamed sources close to the situation, what mainstream media won't tell you is that fbi whistleblower reveals jfk assassination was inside job. Our trusted insider, who cannot be named for their safety, confirmed this shocking revelation. The government has been working overtime to suppress this information. Share before it gets deleted! Independent researchers have long suspected this but were silenced by the establishment. The evidence is overwhelming yet the lamestream media refuses to report it. Wake up sheeple!",Government News,2019-05-03
New study shows masks cause more deaths than COVID itself,"According to unnamed sources close to the situation, what mainstream media won't tell you is that new study shows masks cause more deaths than covid itself. Our trusted insider, who cannot be named for their safety, confirmed this shocking revelation. The government has been working overtime to suppress this information. Share before it gets deleted! Independent researchers have long suspected this but were silenced by the establishment. The evidence is overwhelming yet the lamestream media refuses to report it. Wake up sheeple!",News,2023-11-27
Big Pharma suppressing cancer cure for decades to make profits,BREAKING — A leaked document obtained by this publication proves that big pharma suppressing cancer cure for decades to make profits. Officials deny any knowledge of the situation but sources say otherwise. This is the story they don't want you to see. Thousands of accounts spreading this news are being shadow-banned. Do your own research. The truth is out there but you have to look beyond the mainstream narrative. Forward this to everyone you know before censorship takes this down.,News,2019-11-09
Bill Clinton admits moon landing staged to win space race,"According to unnamed sources close to the situation, what mainstream media won't tell you is that bill clinton admits moon landing staged to win space race. Our trusted insider, who cannot be named for their safety, confirmed this shocking revelation. The government has been working overtime to suppress this information. Share before it gets deleted! Independent researchers have long suspected this but were silenced by the establishment. The evidence is overwhelming yet the lamestream media refuses to report it. Wake up sheeple!",Government News,2018-09-24
CIA admits using mainstream media to spread propaganda for decades,BREAKING — A leaked document obtained by this publication proves that cia admits using mainstream media to spread propaganda for decades. Officials deny any knowledge of the situation but sources say otherwise. This is the story they don't want you to see. Thousands of accounts spreading this news are being shadow-banned. Do your own research. The truth is out there but you have to look beyond the mainstream narrative. Forward this to everyone you know before censorship takes this down.,left-news,2020-11-23
World leaders filmed at satanic ritual at Bohemian Grove,BREAKING — A leaked document obtained by this publication proves that world leaders filmed at satanic ritual at bohemian grove. Officials deny any knowledge of the situation but sources say otherwise. This is the story they don't want you to see. Thousands of accounts spreading this news are being shadow-banned. Do your own research. The truth is out there but you have to look beyond the mainstream narrative. Forward this to everyone you know before censorship takes this down.,politicsNews,2019-01-26
EXCLUSIVE: White House chef reveals president has dementia,An anonymous source with direct knowledge of the situation has confirmed that exclusive: white house chef reveals president has dementia. The mainstream media cartel refuses to cover this bombshell story because they are complicit. Fact-checkers have already labeled this story as false — which is exactly what they do to hide truth. Real patriots already know the truth. The elite are running scared as this information goes viral. SHARE THIS NOW before Big Tech buries it! This is the information they are terrified of you knowing.,politicsNews,2019-10-23
EXCLUSIVE: White House chef reveals president has dementia,BREAKING — A leaked document obtained by this publication proves that exclusive: white house chef reveals president has dementia. Officials deny any knowledge of the situation but sources say otherwise. This is the story they don't want you to see. Thousands of accounts spreading this news are being shadow-banned. Do your own research. The truth is out there but you have to look beyond the mainstream narrative. Forward this to everyone you know before censorship takes this down.,left-news,2023-03-09
George Soros funding antifa to start civil war,BREAKING — A leaked document obtained by this publication proves that george soros funding antifa to start civil war. Officials deny any knowledge of the situation but sources say otherwise. This is the story they don't want you to see. Thousands of accounts spreading this news are being shadow-banned. Do your own research. The truth is out there but you have to look beyond the mainstream narrative. Forward this to everyone you know before censorship takes this down.,politics,2020-12-19
FDA approved poison in cereal brands given to children,URGENT: Multiple credible insiders have independently verified that fda approved poison in cereal brands given to children. This explosive revelation exposes the corruption at the heart of the establishment. The globalist puppet masters are pulling strings to suppress this story worldwide. Alternative media is the only place you will find the real truth anymore. Our founding fathers warned us about exactly this kind of tyranny. The time to wake up is NOW.,News,2019-03-17
Liberal elite planning to steal your guns using fake school shootings,"According to unnamed sources close to the situation, what mainstream media won't tell you is that liberal elite planning to steal your guns using fake school shootings. Our trusted insider, who cannot be named for their safety, confirmed this shocking revelation. The government has been working overtime to suppress this information. Share before it gets deleted! Independent researchers have long suspected this but were silenced by the establishment. The evidence is overwhelming yet the lamestream media refuses to report it. Wake up sheeple!",politicsNews,2018-11-06
New 5G antenna towers secretly contain surveillance cameras,An anonymous source with direct knowledge of the situation has confirmed that new 5g antenna towers secretly contain surveillance cameras. The mainstream media cartel refuses to cover this bombshell story because they are complicit. Fact-checkers have already labeled this story as false — which is exactly what they do to hide truth. Real patriots already know the truth. The elite are running scared as this information goes viral. SHARE THIS NOW before Big Tech buries it! This is the information they are terrified of you knowing.,politicsNews,2022-07-20
"Economy about to collapse, insiders moving gold to bunkers","URGENT: Multiple credible insiders have independently verified that economy about to collapse, insiders moving gold to bunkers. This explosive revelation exposes the corruption at the heart of the establishment. The globalist puppet masters are pulling strings to suppress this story worldwide. Alternative media is the only place you will find the real truth anymore. Our founding fathers warned us about exactly this kind of tyranny. The time to wake up is NOW.",politics,2016-11-24
Fluoride in water supply is mind-control chemical says whistleblower,URGENT: Multiple credible insiders have independently verified that fluoride in water supply is mind-control chemical says whistleblower. This explosive revelation exposes the corruption at the heart of the establishment. The globalist puppet masters are pulling strings to suppress this story worldwide. Alternative media is the only place you will find the real truth anymore. Our founding fathers warned us about exactly this kind of tyranny. The time to wake up is NOW.,Government News,2021-02-10
FDA approved poison in cereal brands given to children,BREAKING — A leaked document obtained by this publication proves that fda approved poison in cereal brands given to children. Officials deny any knowledge of the situation but sources say otherwise. This is the story they don't want you to see. Thousands of accounts spreading this news are being shadow-banned. Do your own research. The truth is out there but you have to look beyond the mainstream narrative. Forward this to everyone you know before censorship takes this down.,politicsNews,2020-09-25
Pentagon UFO footage shows alien crafts over Washington DC,URGENT: Multiple credible insiders have independently verified that pentagon ufo footage shows alien crafts over washington dc. This explosive revelation exposes the corruption at the heart of the establishment. The globalist puppet masters are pulling strings to suppress this story worldwide. Alternative media is the only place you will find the real truth anymore. Our founding fathers warned us about exactly this kind of tyranny. The time to wake up is NOW.,Government News,2020-11-17
Mainstream media blackout on earthquake weapon test over California,BREAKING — A leaked document obtained by this publication proves that mainstream media blackout on earthquake weapon test over california. Officials deny any knowledge of the situation but sources say otherwise. This is the story they don't want you to see. Thousands of accounts spreading this news are being shadow-banned. Do your own research. The truth is out there but you have to look beyond the mainstream narrative. Forward this to everyone you know before censorship takes this down.,News,2018-09-25
Chemotherapy cures nothing — industry invented it to steal your money,"According to unnamed sources close to the situation, what mainstream media won't tell you is that chemotherapy cures nothing — industry invented it to steal your money. Our trusted insider, who cannot be named for their safety, confirmed this shocking revelation. The government has been working overtime to suppress this information. Share before it gets deleted! Independent researchers have long suspected this but were silenced by the establishment. The evidence is overwhelming yet the lamestream media refuses to report it. Wake up sheeple!",News,2023-01-04
Big Pharma suppressing cancer cure for decades to make profits,Whistleblowers inside the agency have come forward to confirm that big pharma suppressing cancer cure for decades to make profits. The deep state operatives responsible for this crime are being protected at the highest levels of government. Patriotic citizens are urged to stand up and demand answers from their elected representatives. This is not a conspiracy theory — this is documented fact that they are hiding from the public. The truth will come out and when it does the globalists will have nowhere to run.,politicsNews,2019-10-03
Aliens have landed in Arizona and government is hiding the truth,An anonymous source with direct knowledge of the situation has confirmed that aliens have landed in arizona and government is hiding the truth. The mainstream media cartel refuses to cover this bombshell story because they are complicit. Fact-checkers have already labeled this story as false — which is exactly what they do to hide truth. Real patriots already know the truth. The elite are running scared as this information goes viral. SHARE THIS NOW before Big Tech buries it! This is the information they are terrified of you knowing.,politics,2018-03-22
Doctors say sunscreen is poison pushed by Big Pharma,URGENT: Multiple credible insiders have independently verified that doctors say sunscreen is poison pushed by big pharma. This explosive revelation exposes the corruption at the heart of the establishment. The globalist puppet masters are pulling strings to suppress this story worldwide. Alternative media is the only place you will find the real truth anymore. Our founding fathers warned us about exactly this kind of tyranny. The time to wake up is NOW.,News,2022-04-18
Scientists confirm microplastics in vaccines used for population control,BREAKING — A leaked document obtained by this publication proves that scientists confirm microplastics in vaccines used for population control. Officials deny any knowledge of the situation but sources say otherwise. This is the story they don't want you to see. Thousands of accounts spreading this news are being shadow-banned. Do your own research. The truth is out there but you have to look beyond the mainstream narrative. Forward this to everyone you know before censorship takes this down.,left-news,2021-08-17
Prince Harry reveals royal family are shapeshifting reptilians,"According to unnamed sources close to the situation, what mainstream media won't tell you is that prince harry reveals royal family are shapeshifting reptilians. Our trusted insider, who cannot be named for their safety, confirmed this shocking revelation. The government has been working overtime to suppress this information. Share before it gets deleted! Independent researchers have long suspected this but were silenced by the establishment. The evidence is overwhelming yet the lamestream media refuses to report it. Wake up sheeple!",worldnews,2017-06-01
George Soros caught funding mass migration to destroy Western culture,URGENT: Multiple credible insiders have independently verified that george soros caught funding mass migration to destroy western culture. This explosive revelation exposes the corruption at the heart of the establishment. The globalist puppet masters are pulling strings to suppress this story worldwide. Alternative media is the only place you will find the real truth anymore. Our founding fathers warned us about exactly this kind of tyranny. The time to wake up is NOW.,politics,2019-01-03
FBI whistleblower reveals JFK assassination was inside job,"According to unnamed sources close to the situation, what mainstream media won't tell you is that fbi whistleblower reveals jfk assassination was inside job. Our trusted insider, who cannot be named for their safety, confirmed this shocking revelation. The government has been working overtime to suppress this information. Share before it gets deleted! Independent researchers have long suspected this but were silenced by the establishment. The evidence is overwhelming yet the lamestream media refuses to report it. Wake up sheeple!",politicsNews,2016-06-03
Hidden camera shows politicians admitting climate change is a hoax,BREAKING — A leaked document obtained by this publication proves that hidden camera shows politicians admitting climate change is a hoax. Officials deny any knowledge of the situation but sources say otherwise. This is the story they don't want you to see. Thousands of accounts spreading this news are being shadow-banned. Do your own research. The truth is out there but you have to look beyond the mainstream narrative. Forward this to everyone you know before censorship takes this down.,Government News,2023-04-18
George Soros funding antifa to start civil war,URGENT: Multiple credible insiders have independently verified that george soros funding antifa to start civil war. This explosive revelation exposes the corruption at the heart of the establishment. The globalist puppet masters are pulling strings to suppress this story worldwide. Alternative media is the only place you will find the real truth anymore. Our founding fathers warned us about exactly this kind of tyranny. The time to wake up is NOW.,left-news,2019-08-26
Walmart tunnels are FEMA concentration camps for American citizens,BREAKING — A leaked document obtained by this publication proves that walmart tunnels are fema concentration camps for american citizens. Officials deny any knowledge of the situation but sources say otherwise. This is the story they don't want you to see. Thousands of accounts spreading this news are being shadow-banned. Do your own research. The truth is out there but you have to look beyond the mainstream narrative. Forward this to everyone you know before censorship takes this down.,politicsNews,2022-06-14
Walmart tunnels are FEMA concentration camps for American citizens,An anonymous source with direct knowledge of the situation has confirmed that walmart tunnels are fema concentration camps for american citizens. The mainstream media cartel refuses to cover this bombshell story because they are complicit. Fact-checkers have already labeled this story as false — which is exactly what they do to hide truth. Real patriots already know the truth. The elite are running scared as this information goes viral. SHARE THIS NOW before Big Tech buries it! This is the information they are terrified of you knowing.,Government News,2017-01-13
World Economic Forum plans to abolish private property by 2030,Whistleblowers inside the agency have come forward to confirm that world economic forum plans to abolish private property by 2030. The deep state operatives responsible for this crime are being protected at the highest levels of government. Patriotic citizens are urged to stand up and demand answers from their elected representatives. This is not a conspiracy theory — this is documented fact that they are hiding from the public. The truth will come out and when it does the globalists will have nowhere to run.,worldnews,2019-04-18
Prince Harry reveals royal family are shapeshifting reptilians,BREAKING — A leaked document obtained by this publication proves that prince harry reveals royal family are shapeshifting reptilians. Officials deny any knowledge of the situation but sources say otherwise. This is the story they don't want you to see. Thousands of accounts spreading this news are being shadow-banned. Do your own research. The truth is out there but you have to look beyond the mainstream narrative. Forward this to everyone you know before censorship takes this down.,worldnews,2020-08-08
Pope Francis secretly endorses presidential candidate,An anonymous source with direct knowledge of the situation has confirmed that pope francis secretly endorses presidential candidate. The mainstream media cartel refuses to cover this bombshell story because they are complicit. Fact-checkers have already labeled this story as false — which is exactly what they do to hide truth. Real patriots already know the truth. The elite are running scared as this information goes viral. SHARE THIS NOW before Big Tech buries it! This is the information they are terrified of you knowing.,politicsNews,2016-11-18
SHOCKING: Scientists discover that 5G towers control human minds,"According to unnamed sources close to the situation, what mainstream media won't tell you is that shocking: scientists discover that 5g towers control human minds. Our trusted insider, who cannot be named for their safety, confirmed this shocking revelation. The government has been working overtime to suppress this information. Share before it gets deleted! Independent researchers have long suspected this but were silenced by the establishment. The evidence is overwhelming yet the lamestream media refuses to report it. Wake up sheeple!",worldnews,2022-08-16
Earthquake machine HAARP caused Turkey disaster on purpose,An anonymous source with direct knowledge of the situation has confirmed that earthquake machine haarp caused turkey disaster on purpose. The mainstream media cartel refuses to cover this bombshell story because they are complicit. Fact-checkers have already labeled this story as false — which is exactly what they do to hide truth. Real patriots already know the truth. The elite are running scared as this information goes viral. SHARE THIS NOW before Big Tech buries it! This is the information they are terrified of you knowing.,worldnews,2022-01-13
Obama planned to declare martial law before 2016 election,An anonymous source with direct knowledge of the situation has confirmed that obama planned to declare martial law before 2016 election. The mainstream media cartel refuses to cover this bombshell story because they are complicit. Fact-checkers have already labeled this story as false — which is exactly what they do to hide truth. Real patriots already know the truth. The elite are running scared as this information goes viral. SHARE THIS NOW before Big Tech buries it! This is the information they are terrified of you knowing.,left-news,2023-03-07
Q-Anon confirms deep state arrests imminent within 48 hours,BREAKING — A leaked document obtained by this publication proves that q-anon confirms deep state arrests imminent within 48 hours. Officials deny any knowledge of the situation but sources say otherwise. This is the story they don't want you to see. Thousands of accounts spreading this news are being shadow-banned. Do your own research. The truth is out there but you have to look beyond the mainstream narrative. Forward this to everyone you know before censorship takes this down.,politics,2016-12-11
NASA fakes moon landing — leaked documents prove hoax,"According to unnamed sources close to the situation, what mainstream media won't tell you is that nasa fakes moon landing — leaked documents prove hoax. Our trusted insider, who cannot be named for their safety, confirmed this shocking revelation. The government has been working overtime to suppress this information. Share before it gets deleted! Independent researchers have long suspected this but were silenced by the establishment. The evidence is overwhelming yet the lamestream media refuses to report it. Wake up sheeple!",left-news,2018-01-17
Aliens have landed in Arizona and government is hiding the truth,BREAKING — A leaked document obtained by this publication proves that aliens have landed in arizona and government is hiding the truth. Officials deny any knowledge of the situation but sources say otherwise. This is the story they don't want you to see. Thousands of accounts spreading this news are being shadow-banned. Do your own research. The truth is out there but you have to look beyond the mainstream narrative. Forward this to everyone you know before censorship takes this down.,politics,2017-11-28
CIA admits using mainstream media to spread propaganda for decades,An anonymous source with direct knowledge of the situation has confirmed that cia admits using mainstream media to spread propaganda for decades. The mainstream media cartel refuses to cover this bombshell story because they are complicit. Fact-checkers have already labeled this story as false — which is exactly what they do to hide truth. Real patriots already know the truth. The elite are running scared as this information goes viral. SHARE THIS NOW before Big Tech buries it! This is the information they are terrified of you knowing.,politics,2019-10-20
Bill Gates plans to microchip every human through COVID vaccine,URGENT: Multiple credible insiders have independently verified that bill gates plans to microchip every human through covid vaccine. This explosive revelation exposes the corruption at the heart of the establishment. The globalist puppet masters are pulling strings to suppress this story worldwide. Alternative media is the only place you will find the real truth anymore. Our founding fathers warned us about exactly this kind of tyranny. The time to wake up is NOW.,left-news,2021-05-07
Shadow government running secret operations beneath major airports,Whistleblowers inside the agency have come forward to confirm that shadow government running secret operations beneath major airports. The deep state operatives responsible for this crime are being protected at the highest levels of government. Patriotic citizens are urged to stand up and demand answers from their elected representatives. This is not a conspiracy theory — this is documented fact that they are hiding from the public. The truth will come out and when it does the globalists will have nowhere to run.,News,2022-03-22
Deep state agents infiltrated school boards across America,Whistleblowers inside the agency have come forward to confirm that deep state agents infiltrated school boards across america. The deep state operatives responsible for this crime are being protected at the highest levels of government. Patriotic citizens are urged to stand up and demand answers from their elected representatives. This is not a conspiracy theory — this is documented fact that they are hiding from the public. The truth will come out and when it does the globalists will have nowhere to run.,News,2017-01-15
Covid-19 created in lab to usher in Great Reset admits Nobel scientist,URGENT: Multiple credible insiders have independently verified that covid-19 created in lab to usher in great reset admits nobel scientist. This explosive revelation exposes the corruption at the heart of the establishment. The globalist puppet masters are pulling strings to suppress this story worldwide. Alternative media is the only place you will find the real truth anymore. Our founding fathers warned us about exactly this kind of tyranny. The time to wake up is NOW.,politicsNews,2019-09-09
George Soros funding antifa to start civil war,Whistleblowers inside the agency have come forward to confirm that george soros funding antifa to start civil war. The deep state operatives responsible for this crime are being protected at the highest levels of government. Patriotic citizens are urged to stand up and demand answers from their elected representatives. This is not a conspiracy theory — this is documented fact that they are hiding from the public. The truth will come out and when it does the globalists will have nowhere to run.,worldnews,2021-05-06
Prince Harry reveals royal family are shapeshifting reptilians,URGENT: Multiple credible insiders have independently verified that prince harry reveals royal family are shapeshifting reptilians. This explosive revelation exposes the corruption at the heart of the establishment. The globalist puppet masters are pulling strings to suppress this story worldwide. Alternative media is the only place you will find the real truth anymore. Our founding fathers warned us about exactly this kind of tyranny. The time to wake up is NOW.,politics,2016-11-27
World leaders filmed at satanic ritual at Bohemian Grove,Whistleblowers inside the agency have come forward to confirm that world leaders filmed at satanic ritual at bohemian grove. The deep state operatives responsible for this crime are being protected at the highest levels of government. Patriotic citizens are urged to stand up and demand answers from their elected representatives. This is not a conspiracy theory — this is documented fact that they are hiding from the public. The truth will come out and when it does the globalists will have nowhere to run.,worldnews,2020-02-04
Leaked Pfizer documents reveal vaccine contains aborted fetal cells,URGENT: Multiple credible insiders have independently verified that leaked pfizer documents reveal vaccine contains aborted fetal cells. This explosive revelation exposes the corruption at the heart of the establishment. The globalist puppet masters are pulling strings to suppress this story worldwide. Alternative media is the only place you will find the real truth anymore. Our founding fathers warned us about exactly this kind of tyranny. The time to wake up is NOW.,News,2020-10-07
FBI whistleblower reveals JFK assassination was inside job,Whistleblowers inside the agency have come forward to confirm that fbi whistleblower reveals jfk assassination was inside job. The deep state operatives responsible for this crime are being protected at the highest levels of government. Patriotic citizens are urged to stand up and demand answers from their elected representatives. This is not a conspiracy theory — this is documented fact that they are hiding from the public. The truth will come out and when it does the globalists will have nowhere to run.,Government News,2020-09-16
Obama planned to declare martial law before 2016 election,"According to unnamed sources close to the situation, what mainstream media won't tell you is that obama planned to declare martial law before 2016 election. Our trusted insider, who cannot be named for their safety, confirmed this shocking revelation. The government has been working overtime to suppress this information. Share before it gets deleted! Independent researchers have long suspected this but were silenced by the establishment. The evidence is overwhelming yet the lamestream media refuses to report it. Wake up sheeple!",Government News,2022-05-02
SHOCKING: Scientists discover that 5G towers control human minds,Whistleblowers inside the agency have come forward to confirm that shocking: scientists discover that 5g towers control human minds. The deep state operatives responsible for this crime are being protected at the highest levels of government. Patriotic citizens are urged to stand up and demand answers from their elected representatives. This is not a conspiracy theory — this is documented fact that they are hiding from the public. The truth will come out and when it does the globalists will have nowhere to run.,Government News,2020-03-24
Prince Harry reveals royal family are shapeshifting reptilians,URGENT: Multiple credible insiders have independently verified that prince harry reveals royal family are shapeshifting reptilians. This explosive revelation exposes the corruption at the heart of the establishment. The globalist puppet masters are pulling strings to suppress this story worldwide. Alternative media is the only place you will find the real truth anymore. Our founding fathers warned us about exactly this kind of tyranny. The time to wake up is NOW.,politics,2016-02-03
Bill Clinton admits moon landing staged to win space race,BREAKING — A leaked document obtained by this publication proves that bill clinton admits moon landing staged to win space race. Officials deny any knowledge of the situation but sources say otherwise. This is the story they don't want you to see. Thousands of accounts spreading this news are being shadow-banned. Do your own research. The truth is out there but you have to look beyond the mainstream narrative. Forward this to everyone you know before censorship takes this down.,politicsNews,2021-10-18
Deep state plotting to assassinate president claims insider,An anonymous source with direct knowledge of the situation has confirmed that deep state plotting to assassinate president claims insider. The mainstream media cartel refuses to cover this bombshell story because they are complicit. Fact-checkers have already labeled this story as false — which is exactly what they do to hide truth. Real patriots already know the truth. The elite are running scared as this information goes viral. SHARE THIS NOW before Big Tech buries it! This is the information they are terrified of you knowing.,politicsNews,2020-06-26
Bill Gates plans to microchip every human through COVID vaccine,Whistleblowers inside the agency have come forward to confirm that bill gates plans to microchip every human through covid vaccine. The deep state operatives responsible for this crime are being protected at the highest levels of government. Patriotic citizens are urged to stand up and demand answers from their elected representatives. This is not a conspiracy theory — this is documented fact that they are hiding from the public. The truth will come out and when it does the globalists will have nowhere to run.,Government News,2019-11-04
"Russia hacks US election server in real time, whistleblower says","URGENT: Multiple credible insiders have independently verified that russia hacks us election server in real time, whistleblower says. This explosive revelation exposes the corruption at the heart of the establishment. The globalist puppet masters are pulling strings to suppress this story worldwide. Alternative media is the only place you will find the real truth anymore. Our founding fathers warned us about exactly this kind of tyranny. The time to wake up is NOW.",politics,2018-04-28
Doctors confirm COVID-19 vaccine turns people magnetic,BREAKING — A leaked document obtained by this publication proves that doctors confirm covid-19 vaccine turns people magnetic. Officials deny any knowledge of the situation but sources say otherwise. This is the story they don't want you to see. Thousands of accounts spreading this news are being shadow-banned. Do your own research. The truth is out there but you have to look beyond the mainstream narrative. Forward this to everyone you know before censorship takes this down.,politicsNews,2018-12-11
Walmart tunnels are FEMA concentration camps for American citizens,BREAKING — A leaked document obtained by this publication proves that walmart tunnels are fema concentration camps for american citizens. Officials deny any knowledge of the situation but sources say otherwise. This is the story they don't want you to see. Thousands of accounts spreading this news are being shadow-banned. Do your own research. The truth is out there but you have to look beyond the mainstream narrative. Forward this to everyone you know before censorship takes this down.,worldnews,2017-07-28
Bill Gates plans to microchip every human through COVID vaccine,An anonymous source with direct knowledge of the situation has confirmed that bill gates plans to microchip every human through covid vaccine. The mainstream media cartel refuses to cover this bombshell story because they are complicit. Fact-checkers have already labeled this story as false — which is exactly what they do to hide truth. Real patriots already know the truth. The elite are running scared as this information goes viral. SHARE THIS NOW before Big Tech buries it! This is the information they are terrified of you knowing.,worldnews,2023-06-10
New study shows masks cause more deaths than COVID itself,BREAKING — A leaked document obtained by this publication proves that new study shows masks cause more deaths than covid itself. Officials deny any knowledge of the situation but sources say otherwise. This is the story they don't want you to see. Thousands of accounts spreading this news are being shadow-banned. Do your own research. The truth is out there but you have to look beyond the mainstream narrative. Forward this to everyone you know before censorship takes this down.,Government News,2019-07-11
Rockefellers paid scientists to invent climate change hoax,"According to unnamed sources close to the situation, what mainstream media won't tell you is that rockefellers paid scientists to invent climate change hoax. Our trusted insider, who cannot be named for their safety, confirmed this shocking revelation. The government has been working overtime to suppress this information. Share before it gets deleted! Independent researchers have long suspected this but were silenced by the establishment. The evidence is overwhelming yet the lamestream media refuses to report it. Wake up sheeple!",News,2022-11-27
Elon Musk's Neuralink is secretly harvesting human thoughts,Whistleblowers inside the agency have come forward to confirm that elon musk's neuralink is secretly harvesting human thoughts. The deep state operatives responsible for this crime are being protected at the highest levels of government. Patriotic citizens are urged to stand up and demand answers from their elected representatives. This is not a conspiracy theory — this is documented fact that they are hiding from the public. The truth will come out and when it does the globalists will have nowhere to run.,politicsNews,2020-03-19
Obama planned to declare martial law before 2016 election,"According to unnamed sources close to the situation, what mainstream media won't tell you is that obama planned to declare martial law before 2016 election. Our trusted insider, who cannot be named for their safety, confirmed this shocking revelation. The government has been working overtime to suppress this information. Share before it gets deleted! Independent researchers have long suspected this but were silenced by the establishment. The evidence is overwhelming yet the lamestream media refuses to report it. Wake up sheeple!",politics,2022-06-24
EXCLUSIVE: White House chef reveals president has dementia,An anonymous source with direct knowledge of the situation has confirmed that exclusive: white house chef reveals president has dementia. The mainstream media cartel refuses to cover this bombshell story because they are complicit. Fact-checkers have already labeled this story as false — which is exactly what they do to hide truth. Real patriots already know the truth. The elite are running scared as this information goes viral. SHARE THIS NOW before Big Tech buries it! This is the information they are terrified of you knowing.,politics,2017-07-19
Secret tunnels under White House used for trafficking ring,Whistleblowers inside the agency have come forward to confirm that secret tunnels under white house used for trafficking ring. The deep state operatives responsible for this crime are being protected at the highest levels of government. Patriotic citizens are urged to stand up and demand answers from their elected representatives. This is not a conspiracy theory — this is documented fact that they are hiding from the public. The truth will come out and when it does the globalists will have nowhere to run.,Government News,2022-01-17
Elon Musk's Neuralink is secretly harvesting human thoughts,BREAKING — A leaked document obtained by this publication proves that elon musk's neuralink is secretly harvesting human thoughts. Officials deny any knowledge of the situation but sources say otherwise. This is the story they don't want you to see. Thousands of accounts spreading this news are being shadow-banned. Do your own research. The truth is out there but you have to look beyond the mainstream narrative. Forward this to everyone you know before censorship takes this down.,left-news,2017-11-11
Covid-19 created in lab to usher in Great Reset admits Nobel scientist,Whistleblowers inside the agency have come forward to confirm that covid-19 created in lab to usher in great reset admits nobel scientist. The deep state operatives responsible for this crime are being protected at the highest levels of government. Patriotic citizens are urged to stand up and demand answers from their elected representatives. This is not a conspiracy theory — this is documented fact that they are hiding from the public. The truth will come out and when it does the globalists will have nowhere to run.,Government News,2020-09-10
Shadow government running secret operations beneath major airports,An anonymous source with direct knowledge of the situation has confirmed that shadow government running secret operations beneath major airports. The mainstream media cartel refuses to cover this bombshell story because they are complicit. Fact-checkers have already labeled this story as false — which is exactly what they do to hide truth. Real patriots already know the truth. The elite are running scared as this information goes viral. SHARE THIS NOW before Big Tech buries it! This is the information they are terrified of you knowing.,left-news,2020-09-05
Secret tunnels under White House used for trafficking ring,An anonymous source with direct knowledge of the situation has confirmed that secret tunnels under white house used for trafficking ring. The mainstream media cartel refuses to cover this bombshell story because they are complicit. Fact-checkers have already labeled this story as false — which is exactly what they do to hide truth. Real patriots already know the truth. The elite are running scared as this information goes viral. SHARE THIS NOW before Big Tech buries it! This is the information they are terrified of you knowing.,Government News,2018-10-19
Epstein alive in witness protection says anonymous FBI source,An anonymous source with direct knowledge of the situation has confirmed that epstein alive in witness protection says anonymous fbi source. The mainstream media cartel refuses to cover this bombshell story because they are complicit. Fact-checkers have already labeled this story as false — which is exactly what they do to hide truth. Real patriots already know the truth. The elite are running scared as this information goes viral. SHARE THIS NOW before Big Tech buries it! This is the information they are terrified of you knowing.,politicsNews,2020-05-07
FDA approved poison in cereal brands given to children,URGENT: Multiple credible insiders have independently verified that fda approved poison in cereal brands given to children. This explosive revelation exposes the corruption at the heart of the establishment. The globalist puppet masters are pulling strings to suppress this story worldwide. Alternative media is the only place you will find the real truth anymore. Our founding fathers warned us about exactly this kind of tyranny. The time to wake up is NOW.,Government News,2021-08-15
Prince Harry reveals royal family are shapeshifting reptilians,BREAKING — A leaked document obtained by this publication proves that prince harry reveals royal family are shapeshifting reptilians. Officials deny any knowledge of the situation but sources say otherwise. This is the story they don't want you to see. Thousands of accounts spreading this news are being shadow-banned. Do your own research. The truth is out there but you have to look beyond the mainstream narrative. Forward this to everyone you know before censorship takes this down.,left-news,2018-11-03
Q-Anon confirms deep state arrests imminent within 48 hours,URGENT: Multiple credible insiders have independently verified that q-anon confirms deep state arrests imminent within 48 hours. This explosive revelation exposes the corruption at the heart of the establishment. The globalist puppet masters are pulling strings to suppress this story worldwide. Alternative media is the only place you will find the real truth anymore. Our founding fathers warned us about exactly this kind of tyranny. The time to wake up is NOW.,News,2017-04-22
Epstein alive in witness protection says anonymous FBI source,BREAKING — A leaked document obtained by this publication proves that epstein alive in witness protection says anonymous fbi source. Officials deny any knowledge of the situation but sources say otherwise. This is the story they don't want you to see. Thousands of accounts spreading this news are being shadow-banned. Do your own research. The truth is out there but you have to look beyond the mainstream narrative. Forward this to everyone you know before censorship takes this down.,worldnews,2016-01-08
Doctors say sunscreen is poison pushed by Big Pharma,URGENT: Multiple credible insiders have independently verified that doctors say sunscreen is poison pushed by big pharma. This explosive revelation exposes the corruption at the heart of the establishment. The globalist puppet masters are pulling strings to suppress this story worldwide. Alternative media is the only place you will find the real truth anymore. Our founding fathers warned us about exactly this kind of tyranny. The time to wake up is NOW.,left-news,2022-11-19
Secret tunnels under White House used for trafficking ring,An anonymous source with direct knowledge of the situation has confirmed that secret tunnels under white house used for trafficking ring. The mainstream media cartel refuses to cover this bombshell story because they are complicit. Fact-checkers have already labeled this story as false — which is exactly what they do to hide truth. Real patriots already know the truth. The elite are running scared as this information goes viral. SHARE THIS NOW before Big Tech buries it! This is the information they are terrified of you knowing.,left-news,2019-03-21
Bill Clinton admits moon landing staged to win space race,"According to unnamed sources close to the situation, what mainstream media won't tell you is that bill clinton admits moon landing staged to win space race. Our trusted insider, who cannot be named for their safety, confirmed this shocking revelation. The government has been working overtime to suppress this information. Share before it gets deleted! Independent researchers have long suspected this but were silenced by the establishment. The evidence is overwhelming yet the lamestream media refuses to report it. Wake up sheeple!",left-news,2019-03-26
Bill Clinton admits moon landing staged to win space race,URGENT: Multiple credible insiders have independently verified that bill clinton admits moon landing staged to win space race. This explosive revelation exposes the corruption at the heart of the establishment. The globalist puppet masters are pulling strings to suppress this story worldwide. Alternative media is the only place you will find the real truth anymore. Our founding fathers warned us about exactly this kind of tyranny. The time to wake up is NOW.,politicsNews,2019-02-15
George Soros funding antifa to start civil war,An anonymous source with direct knowledge of the situation has confirmed that george soros funding antifa to start civil war. The mainstream media cartel refuses to cover this bombshell story because they are complicit. Fact-checkers have already labeled this story as false — which is exactly what they do to hide truth. Real patriots already know the truth. The elite are running scared as this information goes viral. SHARE THIS NOW before Big Tech buries it! This is the information they are terrified of you knowing.,politics,2021-08-20
World Economic Forum plans to abolish private property by 2030,URGENT: Multiple credible insiders have independently verified that world economic forum plans to abolish private property by 2030. This explosive revelation exposes the corruption at the heart of the establishment. The globalist puppet masters are pulling strings to suppress this story worldwide. Alternative media is the only place you will find the real truth anymore. Our founding fathers warned us about exactly this kind of tyranny. The time to wake up is NOW.,politics,2023-03-24
Doctors say sunscreen is poison pushed by Big Pharma,An anonymous source with direct knowledge of the situation has confirmed that doctors say sunscreen is poison pushed by big pharma. The mainstream media cartel refuses to cover this bombshell story because they are complicit. Fact-checkers have already labeled this story as false — which is exactly what they do to hide truth. Real patriots already know the truth. The elite are running scared as this information goes viral. SHARE THIS NOW before Big Tech buries it! This is the information they are terrified of you knowing.,worldnews,2020-09-16
Elites using Hollywood movies to program the public for agenda,BREAKING — A leaked document obtained by this publication proves that elites using hollywood movies to program the public for agenda. Officials deny any knowledge of the situation but sources say otherwise. This is the story they don't want you to see. Thousands of accounts spreading this news are being shadow-banned. Do your own research. The truth is out there but you have to look beyond the mainstream narrative. Forward this to everyone you know before censorship takes this down.,left-news,2017-12-10
CIA admits using mainstream media to spread propaganda for decades,Whistleblowers inside the agency have come forward to confirm that cia admits using mainstream media to spread propaganda for decades. The deep state operatives responsible for this crime are being protected at the highest levels of government. Patriotic citizens are urged to stand up and demand answers from their elected representatives. This is not a conspiracy theory — this is documented fact that they are hiding from the public. The truth will come out and when it does the globalists will have nowhere to run.,News,2017-03-05
New study shows masks cause more deaths than COVID itself,An anonymous source with direct knowledge of the situation has confirmed that new study shows masks cause more deaths than covid itself. The mainstream media cartel refuses to cover this bombshell story because they are complicit. Fact-checkers have already labeled this story as false — which is exactly what they do to hide truth. Real patriots already know the truth. The elite are running scared as this information goes viral. SHARE THIS NOW before Big Tech buries it! This is the information they are terrified of you knowing.,Government News,2019-02-14
Walmart tunnels are FEMA concentration camps for American citizens,Whistleblowers inside the agency have come forward to confirm that walmart tunnels are fema concentration camps for american citizens. The deep state operatives responsible for this crime are being protected at the highest levels of government. Patriotic citizens are urged to stand up and demand answers from their elected representatives. This is not a conspiracy theory — this is documented fact that they are hiding from the public. The truth will come out and when it does the globalists will have nowhere to run.,left-news,2022-01-07
Walmart tunnels are FEMA concentration camps for American citizens,An anonymous source with direct knowledge of the situation has confirmed that walmart tunnels are fema concentration camps for american citizens. The mainstream media cartel refuses to cover this bombshell story because they are complicit. Fact-checkers have already labeled this story as false — which is exactly what they do to hide truth. Real patriots already know the truth. The elite are running scared as this information goes viral. SHARE THIS NOW before Big Tech buries it! This is the information they are terrified of you knowing.,Government News,2016-10-13
Doctors say sunscreen is poison pushed by Big Pharma,"According to unnamed sources close to the situation, what mainstream media won't tell you is that doctors say sunscreen is poison pushed by big pharma. Our trusted insider, who cannot be named for their safety, confirmed this shocking revelation. The government has been working overtime to suppress this information. Share before it gets deleted! Independent researchers have long suspected this but were silenced by the establishment. The evidence is overwhelming yet the lamestream media refuses to report it. Wake up sheeple!",News,2022-07-18
Leaked Pfizer documents reveal vaccine contains aborted fetal cells,URGENT: Multiple credible insiders have independently verified that leaked pfizer documents reveal vaccine contains aborted fetal cells. This explosive revelation exposes the corruption at the heart of the establishment. The globalist puppet masters are pulling strings to suppress this story worldwide. Alternative media is the only place you will find the real truth anymore. Our founding fathers warned us about exactly this kind of tyranny. The time to wake up is NOW.,worldnews,2023-04-09
FDA approved poison in cereal brands given to children,An anonymous source with direct knowledge of the situation has confirmed that fda approved poison in cereal brands given to children. The mainstream media cartel refuses to cover this bombshell story because they are complicit. Fact-checkers have already labeled this story as false — which is exactly what they do to hide truth. Real patriots already know the truth. The elite are running scared as this information goes viral. SHARE THIS NOW before Big Tech buries it! This is the information they are terrified of you knowing.,left-news,2021-11-22
"UN planning to ban meat, force citizens to eat insects by 2030","BREAKING — A leaked document obtained by this publication proves that un planning to ban meat, force citizens to eat insects by 2030. Officials deny any knowledge of the situation but sources say otherwise. This is the story they don't want you to see. Thousands of accounts spreading this news are being shadow-banned. Do your own research. The truth is out there but you have to look beyond the mainstream narrative. Forward this to everyone you know before censorship takes this down.",worldnews,2016-07-19
Secret documents show GMO foods cause cancer in 10 years,"According to unnamed sources close to the situation, what mainstream media won't tell you is that secret documents show gmo foods cause cancer in 10 years. Our trusted insider, who cannot be named for their safety, confirmed this shocking revelation. The government has been working overtime to suppress this information. Share before it gets deleted! Independent researchers have long suspected this but were silenced by the establishment. The evidence is overwhelming yet the lamestream media refuses to report it. Wake up sheeple!",Government News,2022-03-28
"Economy about to collapse, insiders moving gold to bunkers","BREAKING — A leaked document obtained by this publication proves that economy about to collapse, insiders moving gold to bunkers. Officials deny any knowledge of the situation but sources say otherwise. This is the story they don't want you to see. Thousands of accounts spreading this news are being shadow-banned. Do your own research. The truth is out there but you have to look beyond the mainstream narrative. Forward this to everyone you know before censorship takes this down.",News,2022-06-07
"Economy about to collapse, insiders moving gold to bunkers","Whistleblowers inside the agency have come forward to confirm that economy about to collapse, insiders moving gold to bunkers. The deep state operatives responsible for this crime are being protected at the highest levels of government. Patriotic citizens are urged to stand up and demand answers from their elected representatives. This is not a conspiracy theory — this is documented fact that they are hiding from the public. The truth will come out and when it does the globalists will have nowhere to run.",left-news,2020-07-09
Aliens have landed in Arizona and government is hiding the truth,An anonymous source with direct knowledge of the situation has confirmed that aliens have landed in arizona and government is hiding the truth. The mainstream media cartel refuses to cover this bombshell story because they are complicit. Fact-checkers have already labeled this story as false — which is exactly what they do to hide truth. Real patriots already know the truth. The elite are running scared as this information goes viral. SHARE THIS NOW before Big Tech buries it! This is the information they are terrified of you knowing.,Government News,2016-06-08
Deep state agents infiltrated school boards across America,"According to unnamed sources close to the situation, what mainstream media won't tell you is that deep state agents infiltrated school boards across america. Our trusted insider, who cannot be named for their safety, confirmed this shocking revelation. The government has been working overtime to suppress this information. Share before it gets deleted! Independent researchers have long suspected this but were silenced by the establishment. The evidence is overwhelming yet the lamestream media refuses to report it. Wake up sheeple!",politicsNews,2019-04-27
Government admits to spraying chemtrails to control population,URGENT: Multiple credible insiders have independently verified that government admits to spraying chemtrails to control population. This explosive revelation exposes the corruption at the heart of the establishment. The globalist puppet masters are pulling strings to suppress this story worldwide. Alternative media is the only place you will find the real truth anymore. Our founding fathers warned us about exactly this kind of tyranny. The time to wake up is NOW.,worldnews,2018-08-22
Fluoride in water supply is mind-control chemical says whistleblower,URGENT: Multiple credible insiders have independently verified that fluoride in water supply is mind-control chemical says whistleblower. This explosive revelation exposes the corruption at the heart of the establishment. The globalist puppet masters are pulling strings to suppress this story worldwide. Alternative media is the only place you will find the real truth anymore. Our founding fathers warned us about exactly this kind of tyranny. The time to wake up is NOW.,left-news,2020-06-06
Mainstream media blackout on earthquake weapon test over California,URGENT: Multiple credible insiders have independently verified that mainstream media blackout on earthquake weapon test over california. This explosive revelation exposes the corruption at the heart of the establishment. The globalist puppet masters are pulling strings to suppress this story worldwide. Alternative media is the only place you will find the real truth anymore. Our founding fathers warned us about exactly this kind of tyranny. The time to wake up is NOW.,worldnews,2020-02-19
Government admits to spraying chemtrails to control population,Whistleblowers inside the agency have come forward to confirm that government admits to spraying chemtrails to control population. The deep state operatives responsible for this crime are being protected at the highest levels of government. Patriotic citizens are urged to stand up and demand answers from their elected representatives. This is not a conspiracy theory — this is documented fact that they are hiding from the public. The truth will come out and when it does the globalists will have nowhere to run.,Government News,2022-07-23
Secret tunnels under White House used for trafficking ring,"According to unnamed sources close to the situation, what mainstream media won't tell you is that secret tunnels under white house used for trafficking ring. Our trusted insider, who cannot be named for their safety, confirmed this shocking revelation. The government has been working overtime to suppress this information. Share before it gets deleted! Independent researchers have long suspected this but were silenced by the establishment. The evidence is overwhelming yet the lamestream media refuses to report it. Wake up sheeple!",Government News,2019-02-23
Elite bankers using cryptocurrency to crash global economy on purpose,Whistleblowers inside the agency have come forward to confirm that elite bankers using cryptocurrency to crash global economy on purpose. The deep state operatives responsible for this crime are being protected at the highest levels of government. Patriotic citizens are urged to stand up and demand answers from their elected representatives. This is not a conspiracy theory — this is documented fact that they are hiding from the public. The truth will come out and when it does the globalists will have nowhere to run.,politicsNews,2016-06-18
FDA approved poison in cereal brands given to children,Whistleblowers inside the agency have come forward to confirm that fda approved poison in cereal brands given to children. The deep state operatives responsible for this crime are being protected at the highest levels of government. Patriotic citizens are urged to stand up and demand answers from their elected representatives. This is not a conspiracy theory — this is documented fact that they are hiding from the public. The truth will come out and when it does the globalists will have nowhere to run.,politics,2021-01-28
Walmart tunnels are FEMA concentration camps for American citizens,An anonymous source with direct knowledge of the situation has confirmed that walmart tunnels are fema concentration camps for american citizens. The mainstream media cartel refuses to cover this bombshell story because they are complicit. Fact-checkers have already labeled this story as false — which is exactly what they do to hide truth. Real patriots already know the truth. The elite are running scared as this information goes viral. SHARE THIS NOW before Big Tech buries it! This is the information they are terrified of you knowing.,left-news,2021-11-27
"Economy about to collapse, insiders moving gold to bunkers","BREAKING — A leaked document obtained by this publication proves that economy about to collapse, insiders moving gold to bunkers. Officials deny any knowledge of the situation but sources say otherwise. This is the story they don't want you to see. Thousands of accounts spreading this news are being shadow-banned. Do your own research. The truth is out there but you have to look beyond the mainstream narrative. Forward this to everyone you know before censorship takes this down.",worldnews,2020-10-26
Elon Musk's Neuralink is secretly harvesting human thoughts,An anonymous source with direct knowledge of the situation has confirmed that elon musk's neuralink is secretly harvesting human thoughts. The mainstream media cartel refuses to cover this bombshell story because they are complicit. Fact-checkers have already labeled this story as false — which is exactly what they do to hide truth. Real patriots already know the truth. The elite are running scared as this information goes viral. SHARE THIS NOW before Big Tech buries it! This is the information they are terrified of you knowing.,left-news,2020-06-28
CIA admits using mainstream media to spread propaganda for decades,"According to unnamed sources close to the situation, what mainstream media won't tell you is that cia admits using mainstream media to spread propaganda for decades. Our trusted insider, who cannot be named for their safety, confirmed this shocking revelation. The government has been working overtime to suppress this information. Share before it gets deleted! Independent researchers have long suspected this but were silenced by the establishment. The evidence is overwhelming yet the lamestream media refuses to report it. Wake up sheeple!",left-news,2019-08-19
Covid-19 created in lab to usher in Great Reset admits Nobel scientist,An anonymous source with direct knowledge of the situation has confirmed that covid-19 created in lab to usher in great reset admits nobel scientist. The mainstream media cartel refuses to cover this bombshell story because they are complicit. Fact-checkers have already labeled this story as false — which is exactly what they do to hide truth. Real patriots already know the truth. The elite are running scared as this information goes viral. SHARE THIS NOW before Big Tech buries it! This is the information they are terrified of you knowing.,politicsNews,2023-06-06
Liberal elite planning to steal your guns using fake school shootings,BREAKING — A leaked document obtained by this publication proves that liberal elite planning to steal your guns using fake school shootings. Officials deny any knowledge of the situation but sources say otherwise. This is the story they don't want you to see. Thousands of accounts spreading this news are being shadow-banned. Do your own research. The truth is out there but you have to look beyond the mainstream narrative. Forward this to everyone you know before censorship takes this down.,News,2021-05-20
Bill Clinton admits moon landing staged to win space race,Whistleblowers inside the agency have come forward to confirm that bill clinton admits moon landing staged to win space race. The deep state operatives responsible for this crime are being protected at the highest levels of government. Patriotic citizens are urged to stand up and demand answers from their elected representatives. This is not a conspiracy theory — this is documented fact that they are hiding from the public. The truth will come out and when it does the globalists will have nowhere to run.,politicsNews,2019-02-08
World Economic Forum plans to abolish private property by 2030,An anonymous source with direct knowledge of the situation has confirmed that world economic forum plans to abolish private property by 2030. The mainstream media cartel refuses to cover this bombshell story because they are complicit. Fact-checkers have already labeled this story as false — which is exactly what they do to hide truth. Real patriots already know the truth. The elite are running scared as this information goes viral. SHARE THIS NOW before Big Tech buries it! This is the information they are terrified of you knowing.,politics,2019-12-16
Deep state agents infiltrated school boards across America,An anonymous source with direct knowledge of the situation has confirmed that deep state agents infiltrated school boards across america. The mainstream media cartel refuses to cover this bombshell story because they are complicit. Fact-checkers have already labeled this story as false — which is exactly what they do to hide truth. Real patriots already know the truth. The elite are running scared as this information goes viral. SHARE THIS NOW before Big Tech buries it! This is the information they are terrified of you knowing.,politicsNews,2017-05-08
"UN planning to ban meat, force citizens to eat insects by 2030","BREAKING — A leaked document obtained by this publication proves that un planning to ban meat, force citizens to eat insects by 2030. Officials deny any knowledge of the situation but sources say otherwise. This is the story they don't want you to see. Thousands of accounts spreading this news are being shadow-banned. Do your own research. The truth is out there but you have to look beyond the mainstream narrative. Forward this to everyone you know before censorship takes this down.",Government News,2021-08-18
Chemotherapy cures nothing — industry invented it to steal your money,Whistleblowers inside the agency have come forward to confirm that chemotherapy cures nothing — industry invented it to steal your money. The deep state operatives responsible for this crime are being protected at the highest levels of government. Patriotic citizens are urged to stand up and demand answers from their elected representatives. This is not a conspiracy theory — this is documented fact that they are hiding from the public. The truth will come out and when it does the globalists will have nowhere to run.,Government News,2021-06-23
"Economy about to collapse, insiders moving gold to bunkers","Whistleblowers inside the agency have come forward to confirm that economy about to collapse, insiders moving gold to bunkers. The deep state operatives responsible for this crime are being protected at the highest levels of government. Patriotic citizens are urged to stand up and demand answers from their elected representatives. This is not a conspiracy theory — this is documented fact that they are hiding from the public. The truth will come out and when it does the globalists will have nowhere to run.",News,2019-02-24
Secret tunnels under White House used for trafficking ring,Whistleblowers inside the agency have come forward to confirm that secret tunnels under white house used for trafficking ring. The deep state operatives responsible for this crime are being protected at the highest levels of government. Patriotic citizens are urged to stand up and demand answers from their elected representatives. This is not a conspiracy theory — this is documented fact that they are hiding from the public. The truth will come out and when it does the globalists will have nowhere to run.,Government News,2018-04-07
Leaked Pfizer documents reveal vaccine contains aborted fetal cells,An anonymous source with direct knowledge of the situation has confirmed that leaked pfizer documents reveal vaccine contains aborted fetal cells. The mainstream media cartel refuses to cover this bombshell story because they are complicit. Fact-checkers have already labeled this story as false — which is exactly what they do to hide truth. Real patriots already know the truth. The elite are running scared as this information goes viral. SHARE THIS NOW before Big Tech buries it! This is the information they are terrified of you knowing.,Government News,2020-02-27
Secret tunnels under White House used for trafficking ring,Whistleblowers inside the agency have come forward to confirm that secret tunnels under white house used for trafficking ring. The deep state operatives responsible for this crime are being protected at the highest levels of government. Patriotic citizens are urged to stand up and demand answers from their elected representatives. This is not a conspiracy theory — this is documented fact that they are hiding from the public. The truth will come out and when it does the globalists will have nowhere to run.,News,2018-05-01
FBI whistleblower reveals JFK assassination was inside job,URGENT: Multiple credible insiders have independently verified that fbi whistleblower reveals jfk assassination was inside job. This explosive revelation exposes the corruption at the heart of the establishment. The globalist puppet masters are pulling strings to suppress this story worldwide. Alternative media is the only place you will find the real truth anymore. Our founding fathers warned us about exactly this kind of tyranny. The time to wake up is NOW.,News,2016-01-18
Q-Anon confirms deep state arrests imminent within 48 hours,BREAKING — A leaked document obtained by this publication proves that q-anon confirms deep state arrests imminent within 48 hours. Officials deny any knowledge of the situation but sources say otherwise. This is the story they don't want you to see. Thousands of accounts spreading this news are being shadow-banned. Do your own research. The truth is out there but you have to look beyond the mainstream narrative. Forward this to everyone you know before censorship takes this down.,politicsNews,2016-10-10
Doctors say sunscreen is poison pushed by Big Pharma,An anonymous source with direct knowledge of the situation has confirmed that doctors say sunscreen is poison pushed by big pharma. The mainstream media cartel refuses to cover this bombshell story because they are complicit. Fact-checkers have already labeled this story as false — which is exactly what they do to hide truth. Real patriots already know the truth. The elite are running scared as this information goes viral. SHARE THIS NOW before Big Tech buries it! This is the information they are terrified of you knowing.,News,2018-01-09
Doctors say sunscreen is poison pushed by Big Pharma,"According to unnamed sources close to the situation, what mainstream media won't tell you is that doctors say sunscreen is poison pushed by big pharma. Our trusted insider, who cannot be named for their safety, confirmed this shocking revelation. The government has been working overtime to suppress this information. Share before it gets deleted! Independent researchers have long suspected this but were silenced by the establishment. The evidence is overwhelming yet the lamestream media refuses to report it. Wake up sheeple!",left-news,2023-02-19
Elites using Hollywood movies to program the public for agenda,"According to unnamed sources close to the situation, what mainstream media won't tell you is that elites using hollywood movies to program the public for agenda. Our trusted insider, who cannot be named for their safety, confirmed this shocking revelation. The government has been working overtime to suppress this information. Share before it gets deleted! Independent researchers have long suspected this but were silenced by the establishment. The evidence is overwhelming yet the lamestream media refuses to report it. Wake up sheeple!",worldnews,2020-02-08
Fluoride in water supply is mind-control chemical says whistleblower,URGENT: Multiple credible insiders have independently verified that fluoride in water supply is mind-control chemical says whistleblower. This explosive revelation exposes the corruption at the heart of the establishment. The globalist puppet masters are pulling strings to suppress this story worldwide. Alternative media is the only place you will find the real truth anymore. Our founding fathers warned us about exactly this kind of tyranny. The time to wake up is NOW.,politics,2019-09-13
Prince Harry reveals royal family are shapeshifting reptilians,An anonymous source with direct knowledge of the situation has confirmed that prince harry reveals royal family are shapeshifting reptilians. The mainstream media cartel refuses to cover this bombshell story because they are complicit. Fact-checkers have already labeled this story as false — which is exactly what they do to hide truth. Real patriots already know the truth. The elite are running scared as this information goes viral. SHARE THIS NOW before Big Tech buries it! This is the information they are terrified of you knowing.,politics,2022-05-19
Covid-19 created in lab to usher in Great Reset admits Nobel scientist,"According to unnamed sources close to the situation, what mainstream media won't tell you is that covid-19 created in lab to usher in great reset admits nobel scientist. Our trusted insider, who cannot be named for their safety, confirmed this shocking revelation. The government has been working overtime to suppress this information. Share before it gets deleted! Independent researchers have long suspected this but were silenced by the establishment. The evidence is overwhelming yet the lamestream media refuses to report it. Wake up sheeple!",Government News,2017-04-21
Earthquake machine HAARP caused Turkey disaster on purpose,Whistleblowers inside the agency have come forward to confirm that earthquake machine haarp caused turkey disaster on purpose. The deep state operatives responsible for this crime are being protected at the highest levels of government. Patriotic citizens are urged to stand up and demand answers from their elected representatives. This is not a conspiracy theory — this is documented fact that they are hiding from the public. The truth will come out and when it does the globalists will have nowhere to run.,worldnews,2019-03-18
Pope Francis secretly endorses presidential candidate,BREAKING — A leaked document obtained by this publication proves that pope francis secretly endorses presidential candidate. Officials deny any knowledge of the situation but sources say otherwise. This is the story they don't want you to see. Thousands of accounts spreading this news are being shadow-banned. Do your own research. The truth is out there but you have to look beyond the mainstream narrative. Forward this to everyone you know before censorship takes this down.,left-news,2023-12-20
Doctors say sunscreen is poison pushed by Big Pharma,Whistleblowers inside the agency have come forward to confirm that doctors say sunscreen is poison pushed by big pharma. The deep state operatives responsible for this crime are being protected at the highest levels of government. Patriotic citizens are urged to stand up and demand answers from their elected representatives. This is not a conspiracy theory — this is documented fact that they are hiding from the public. The truth will come out and when it does the globalists will have nowhere to run.,worldnews,2020-12-10
Bill Clinton admits moon landing staged to win space race,An anonymous source with direct knowledge of the situation has confirmed that bill clinton admits moon landing staged to win space race. The mainstream media cartel refuses to cover this bombshell story because they are complicit. Fact-checkers have already labeled this story as false — which is exactly what they do to hide truth. Real patriots already know the truth. The elite are running scared as this information goes viral. SHARE THIS NOW before Big Tech buries it! This is the information they are terrified of you knowing.,Government News,2019-05-26
Elites using Hollywood movies to program the public for agenda,URGENT: Multiple credible insiders have independently verified that elites using hollywood movies to program the public for agenda. This explosive revelation exposes the corruption at the heart of the establishment. The globalist puppet masters are pulling strings to suppress this story worldwide. Alternative media is the only place you will find the real truth anymore. Our founding fathers warned us about exactly this kind of tyranny. The time to wake up is NOW.,left-news,2017-09-08
Deep state agents infiltrated school boards across America,BREAKING — A leaked document obtained by this publication proves that deep state agents infiltrated school boards across america. Officials deny any knowledge of the situation but sources say otherwise. This is the story they don't want you to see. Thousands of accounts spreading this news are being shadow-banned. Do your own research. The truth is out there but you have to look beyond the mainstream narrative. Forward this to everyone you know before censorship takes this down.,worldnews,2017-01-06
Epstein alive in witness protection says anonymous FBI source,URGENT: Multiple credible insiders have independently verified that epstein alive in witness protection says anonymous fbi source. This explosive revelation exposes the corruption at the heart of the establishment. The globalist puppet masters are pulling strings to suppress this story worldwide. Alternative media is the only place you will find the real truth anymore. Our founding fathers warned us about exactly this kind of tyranny. The time to wake up is NOW.,News,2023-02-15
Bill Clinton admits moon landing staged to win space race,Whistleblowers inside the agency have come forward to confirm that bill clinton admits moon landing staged to win space race. The deep state operatives responsible for this crime are being protected at the highest levels of government. Patriotic citizens are urged to stand up and demand answers from their elected representatives. This is not a conspiracy theory — this is documented fact that they are hiding from the public. The truth will come out and when it does the globalists will have nowhere to run.,News,2023-08-03
Mainstream media blackout on earthquake weapon test over California,"According to unnamed sources close to the situation, what mainstream media won't tell you is that mainstream media blackout on earthquake weapon test over california. Our trusted insider, who cannot be named for their safety, confirmed this shocking revelation. The government has been working overtime to suppress this information. Share before it gets deleted! Independent researchers have long suspected this but were silenced by the establishment. The evidence is overwhelming yet the lamestream media refuses to report it. Wake up sheeple!",Government News,2021-10-09
Government admits to spraying chemtrails to control population,"According to unnamed sources close to the situation, what mainstream media won't tell you is that government admits to spraying chemtrails to control population. Our trusted insider, who cannot be named for their safety, confirmed this shocking revelation. The government has been working overtime to suppress this information. Share before it gets deleted! Independent researchers have long suspected this but were silenced by the establishment. The evidence is overwhelming yet the lamestream media refuses to report it. Wake up sheeple!",Government News,2016-11-27
Rockefellers paid scientists to invent climate change hoax,URGENT: Multiple credible insiders have independently verified that rockefellers paid scientists to invent climate change hoax. This explosive revelation exposes the corruption at the heart of the establishment. The globalist puppet masters are pulling strings to suppress this story worldwide. Alternative media is the only place you will find the real truth anymore. Our founding fathers warned us about exactly this kind of tyranny. The time to wake up is NOW.,worldnews,2023-09-21
Prince Harry reveals royal family are shapeshifting reptilians,Whistleblowers inside the agency have come forward to confirm that prince harry reveals royal family are shapeshifting reptilians. The deep state operatives responsible for this crime are being protected at the highest levels of government. Patriotic citizens are urged to stand up and demand answers from their elected representatives. This is not a conspiracy theory — this is documented fact that they are hiding from the public. The truth will come out and when it does the globalists will have nowhere to run.,politics,2022-11-27
Liberal elite planning to steal your guns using fake school shootings,"According to unnamed sources close to the situation, what mainstream media won't tell you is that liberal elite planning to steal your guns using fake school shootings. Our trusted insider, who cannot be named for their safety, confirmed this shocking revelation. The government has been working overtime to suppress this information. Share before it gets deleted! Independent researchers have long suspected this but were silenced by the establishment. The evidence is overwhelming yet the lamestream media refuses to report it. Wake up sheeple!",News,2022-06-11
Shadow government running secret operations beneath major airports,"According to unnamed sources close to the situation, what mainstream media won't tell you is that shadow government running secret operations beneath major airports. Our trusted insider, who cannot be named for their safety, confirmed this shocking revelation. The government has been working overtime to suppress this information. Share before it gets deleted! Independent researchers have long suspected this but were silenced by the establishment. The evidence is overwhelming yet the lamestream media refuses to report it. Wake up sheeple!",News,2022-12-16
Q-Anon confirms deep state arrests imminent within 48 hours,An anonymous source with direct knowledge of the situation has confirmed that q-anon confirms deep state arrests imminent within 48 hours. The mainstream media cartel refuses to cover this bombshell story because they are complicit. Fact-checkers have already labeled this story as false — which is exactly what they do to hide truth. Real patriots already know the truth. The elite are running scared as this information goes viral. SHARE THIS NOW before Big Tech buries it! This is the information they are terrified of you knowing.,politicsNews,2023-02-11
Obama planned to declare martial law before 2016 election,Whistleblowers inside the agency have come forward to confirm that obama planned to declare martial law before 2016 election. The deep state operatives responsible for this crime are being protected at the highest levels of government. Patriotic citizens are urged to stand up and demand answers from their elected representatives. This is not a conspiracy theory — this is documented fact that they are hiding from the public. The truth will come out and when it does the globalists will have nowhere to run.,left-news,2016-11-28
Elon Musk's Neuralink is secretly harvesting human thoughts,An anonymous source with direct knowledge of the situation has confirmed that elon musk's neuralink is secretly harvesting human thoughts. The mainstream media cartel refuses to cover this bombshell story because they are complicit. Fact-checkers have already labeled this story as false — which is exactly what they do to hide truth. Real patriots already know the truth. The elite are running scared as this information goes viral. SHARE THIS NOW before Big Tech buries it! This is the information they are terrified of you knowing.,politicsNews,2019-09-12
Covid-19 created in lab to usher in Great Reset admits Nobel scientist,An anonymous source with direct knowledge of the situation has confirmed that covid-19 created in lab to usher in great reset admits nobel scientist. The mainstream media cartel refuses to cover this bombshell story because they are complicit. Fact-checkers have already labeled this story as false — which is exactly what they do to hide truth. Real patriots already know the truth. The elite are running scared as this information goes viral. SHARE THIS NOW before Big Tech buries it! This is the information they are terrified of you knowing.,politicsNews,2019-05-18
George Soros funding antifa to start civil war,Whistleblowers inside the agency have come forward to confirm that george soros funding antifa to start civil war. The deep state operatives responsible for this crime are being protected at the highest levels of government. Patriotic citizens are urged to stand up and demand answers from their elected representatives. This is not a conspiracy theory — this is documented fact that they are hiding from the public. The truth will come out and when it does the globalists will have nowhere to run.,Government News,2023-02-01
Elites using Hollywood movies to program the public for agenda,URGENT: Multiple credible insiders have independently verified that elites using hollywood movies to program the public for agenda. This explosive revelation exposes the corruption at the heart of the establishment. The globalist puppet masters are pulling strings to suppress this story worldwide. Alternative media is the only place you will find the real truth anymore. Our founding fathers warned us about exactly this kind of tyranny. The time to wake up is NOW.,Government News,2018-05-18
SHOCKING: Scientists discover that 5G towers control human minds,URGENT: Multiple credible insiders have independently verified that shocking: scientists discover that 5g towers control human minds. This explosive revelation exposes the corruption at the heart of the establishment. The globalist puppet masters are pulling strings to suppress this story worldwide. Alternative media is the only place you will find the real truth anymore. Our founding fathers warned us about exactly this kind of tyranny. The time to wake up is NOW.,politicsNews,2019-02-15
Fluoride in water supply is mind-control chemical says whistleblower,BREAKING — A leaked document obtained by this publication proves that fluoride in water supply is mind-control chemical says whistleblower. Officials deny any knowledge of the situation but sources say otherwise. This is the story they don't want you to see. Thousands of accounts spreading this news are being shadow-banned. Do your own research. The truth is out there but you have to look beyond the mainstream narrative. Forward this to everyone you know before censorship takes this down.,Government News,2020-09-23
Rockefellers paid scientists to invent climate change hoax,An anonymous source with direct knowledge of the situation has confirmed that rockefellers paid scientists to invent climate change hoax. The mainstream media cartel refuses to cover this bombshell story because they are complicit. Fact-checkers have already labeled this story as false — which is exactly what they do to hide truth. Real patriots already know the truth. The elite are running scared as this information goes viral. SHARE THIS NOW before Big Tech buries it! This is the information they are terrified of you knowing.,left-news,2019-08-18
Deep state plotting to assassinate president claims insider,An anonymous source with direct knowledge of the situation has confirmed that deep state plotting to assassinate president claims insider. The mainstream media cartel refuses to cover this bombshell story because they are complicit. Fact-checkers have already labeled this story as false — which is exactly what they do to hide truth. Real patriots already know the truth. The elite are running scared as this information goes viral. SHARE THIS NOW before Big Tech buries it! This is the information they are terrified of you knowing.,politics,2018-02-09
Elite bankers using cryptocurrency to crash global economy on purpose,An anonymous source with direct knowledge of the situation has confirmed that elite bankers using cryptocurrency to crash global economy on purpose. The mainstream media cartel refuses to cover this bombshell story because they are complicit. Fact-checkers have already labeled this story as false — which is exactly what they do to hide truth. Real patriots already know the truth. The elite are running scared as this information goes viral. SHARE THIS NOW before Big Tech buries it! This is the information they are terrified of you knowing.,politics,2020-01-10
World Economic Forum plans to abolish private property by 2030,Whistleblowers inside the agency have come forward to confirm that world economic forum plans to abolish private property by 2030. The deep state operatives responsible for this crime are being protected at the highest levels of government. Patriotic citizens are urged to stand up and demand answers from their elected representatives. This is not a conspiracy theory — this is documented fact that they are hiding from the public. The truth will come out and when it does the globalists will have nowhere to run.,politics,2023-03-15
Elon Musk's Neuralink is secretly harvesting human thoughts,An anonymous source with direct knowledge of the situation has confirmed that elon musk's neuralink is secretly harvesting human thoughts. The mainstream media cartel refuses to cover this bombshell story because they are complicit. Fact-checkers have already labeled this story as false — which is exactly what they do to hide truth. Real patriots already know the truth. The elite are running scared as this information goes viral. SHARE THIS NOW before Big Tech buries it! This is the information they are terrified of you knowing.,News,2022-08-11
Secret tunnels under White House used for trafficking ring,BREAKING — A leaked document obtained by this publication proves that secret tunnels under white house used for trafficking ring. Officials deny any knowledge of the situation but sources say otherwise. This is the story they don't want you to see. Thousands of accounts spreading this news are being shadow-banned. Do your own research. The truth is out there but you have to look beyond the mainstream narrative. Forward this to everyone you know before censorship takes this down.,left-news,2019-07-02
EXCLUSIVE: White House chef reveals president has dementia,An anonymous source with direct knowledge of the situation has confirmed that exclusive: white house chef reveals president has dementia. The mainstream media cartel refuses to cover this bombshell story because they are complicit. Fact-checkers have already labeled this story as false — which is exactly what they do to hide truth. Real patriots already know the truth. The elite are running scared as this information goes viral. SHARE THIS NOW before Big Tech buries it! This is the information they are terrified of you knowing.,left-news,2018-08-02
George Soros funding antifa to start civil war,URGENT: Multiple credible insiders have independently verified that george soros funding antifa to start civil war. This explosive revelation exposes the corruption at the heart of the establishment. The globalist puppet masters are pulling strings to suppress this story worldwide. Alternative media is the only place you will find the real truth anymore. Our founding fathers warned us about exactly this kind of tyranny. The time to wake up is NOW.,News,2017-08-04
Chemotherapy cures nothing — industry invented it to steal your money,An anonymous source with direct knowledge of the situation has confirmed that chemotherapy cures nothing — industry invented it to steal your money. The mainstream media cartel refuses to cover this bombshell story because they are complicit. Fact-checkers have already labeled this story as false — which is exactly what they do to hide truth. Real patriots already know the truth. The elite are running scared as this information goes viral. SHARE THIS NOW before Big Tech buries it! This is the information they are terrified of you knowing.,Government News,2018-07-28
Deep state agents infiltrated school boards across America,BREAKING — A leaked document obtained by this publication proves that deep state agents infiltrated school boards across america. Officials deny any knowledge of the situation but sources say otherwise. This is the story they don't want you to see. Thousands of accounts spreading this news are being shadow-banned. Do your own research. The truth is out there but you have to look beyond the mainstream narrative. Forward this to everyone you know before censorship takes this down.,left-news,2020-06-20
Bill Clinton admits moon landing staged to win space race,An anonymous source with direct knowledge of the situation has confirmed that bill clinton admits moon landing staged to win space race. The mainstream media cartel refuses to cover this bombshell story because they are complicit. Fact-checkers have already labeled this story as false — which is exactly what they do to hide truth. Real patriots already know the truth. The elite are running scared as this information goes viral. SHARE THIS NOW before Big Tech buries it! This is the information they are terrified of you knowing.,News,2022-06-21
FBI whistleblower reveals JFK assassination was inside job,An anonymous source with direct knowledge of the situation has confirmed that fbi whistleblower reveals jfk assassination was inside job. The mainstream media cartel refuses to cover this bombshell story because they are complicit. Fact-checkers have already labeled this story as false — which is exactly what they do to hide truth. Real patriots already know the truth. The elite are running scared as this information goes viral. SHARE THIS NOW before Big Tech buries it! This is the information they are terrified of you knowing.,politicsNews,2017-04-21
New 5G antenna towers secretly contain surveillance cameras,Whistleblowers inside the agency have come forward to confirm that new 5g antenna towers secretly contain surveillance cameras. The deep state operatives responsible for this crime are being protected at the highest levels of government. Patriotic citizens are urged to stand up and demand answers from their elected representatives. This is not a conspiracy theory — this is documented fact that they are hiding from the public. The truth will come out and when it does the globalists will have nowhere to run.,Government News,2017-07-04
Scientists confirm microplastics in vaccines used for population control,"According to unnamed sources close to the situation, what mainstream media won't tell you is that scientists confirm microplastics in vaccines used for population control. Our trusted insider, who cannot be named for their safety, confirmed this shocking revelation. The government has been working overtime to suppress this information. Share before it gets deleted! Independent researchers have long suspected this but were silenced by the establishment. The evidence is overwhelming yet the lamestream media refuses to report it. Wake up sheeple!",worldnews,2020-01-02
EXCLUSIVE: White House chef reveals president has dementia,"According to unnamed sources close to the situation, what mainstream media won't tell you is that exclusive: white house chef reveals president has dementia. Our trusted insider, who cannot be named for their safety, confirmed this shocking revelation. The government has been working overtime to suppress this information. Share before it gets deleted! Independent researchers have long suspected this but were silenced by the establishment. The evidence is overwhelming yet the lamestream media refuses to report it. Wake up sheeple!",News,2021-07-05
CIA admits using mainstream media to spread propaganda for decades,URGENT: Multiple credible insiders have independently verified that cia admits using mainstream media to spread propaganda for decades. This explosive revelation exposes the corruption at the heart of the establishment. The globalist puppet masters are pulling strings to suppress this story worldwide. Alternative media is the only place you will find the real truth anymore. Our founding fathers warned us about exactly this kind of tyranny. The time to wake up is NOW.,politics,2018-03-06
Aliens have landed in Arizona and government is hiding the truth,URGENT: Multiple credible insiders have independently verified that aliens have landed in arizona and government is hiding the truth. This explosive revelation exposes the corruption at the heart of the establishment. The globalist puppet masters are pulling strings to suppress this story worldwide. Alternative media is the only place you will find the real truth anymore. Our founding fathers warned us about exactly this kind of tyranny. The time to wake up is NOW.,politics,2019-08-19
Deep state plotting to assassinate president claims insider,BREAKING — A leaked document obtained by this publication proves that deep state plotting to assassinate president claims insider. Officials deny any knowledge of the situation but sources say otherwise. This is the story they don't want you to see. Thousands of accounts spreading this news are being shadow-banned. Do your own research. The truth is out there but you have to look beyond the mainstream narrative. Forward this to everyone you know before censorship takes this down.,Government News,2020-08-09
Shadow government running secret operations beneath major airports,"According to unnamed sources close to the situation, what mainstream media won't tell you is that shadow government running secret operations beneath major airports. Our trusted insider, who cannot be named for their safety, confirmed this shocking revelation. The government has been working overtime to suppress this information. Share before it gets deleted! Independent researchers have long suspected this but were silenced by the establishment. The evidence is overwhelming yet the lamestream media refuses to report it. Wake up sheeple!",News,2018-02-15
"Russia hacks US election server in real time, whistleblower says","URGENT: Multiple credible insiders have independently verified that russia hacks us election server in real time, whistleblower says. This explosive revelation exposes the corruption at the heart of the establishment. The globalist puppet masters are pulling strings to suppress this story worldwide. Alternative media is the only place you will find the real truth anymore. Our founding fathers warned us about exactly this kind of tyranny. The time to wake up is NOW.",Government News,2022-12-09
"Economy about to collapse, insiders moving gold to bunkers","Whistleblowers inside the agency have come forward to confirm that economy about to collapse, insiders moving gold to bunkers. The deep state operatives responsible for this crime are being protected at the highest levels of government. Patriotic citizens are urged to stand up and demand answers from their elected representatives. This is not a conspiracy theory — this is documented fact that they are hiding from the public. The truth will come out and when it does the globalists will have nowhere to run.",left-news,2023-02-08
Hollywood elites caught performing satanic rituals in leaked video,URGENT: Multiple credible insiders have independently verified that hollywood elites caught performing satanic rituals in leaked video. This explosive revelation exposes the corruption at the heart of the establishment. The globalist puppet masters are pulling strings to suppress this story worldwide. Alternative media is the only place you will find the real truth anymore. Our founding fathers warned us about exactly this kind of tyranny. The time to wake up is NOW.,politics,2020-12-10
Government admits to spraying chemtrails to control population,An anonymous source with direct knowledge of the situation has confirmed that government admits to spraying chemtrails to control population. The mainstream media cartel refuses to cover this bombshell story because they are complicit. Fact-checkers have already labeled this story as false — which is exactly what they do to hide truth. Real patriots already know the truth. The elite are running scared as this information goes viral. SHARE THIS NOW before Big Tech buries it! This is the information they are terrified of you knowing.,politicsNews,2016-10-24
Liberal elite planning to steal your guns using fake school shootings,Whistleblowers inside the agency have come forward to confirm that liberal elite planning to steal your guns using fake school shootings. The deep state operatives responsible for this crime are being protected at the highest levels of government. Patriotic citizens are urged to stand up and demand answers from their elected representatives. This is not a conspiracy theory — this is documented fact that they are hiding from the public. The truth will come out and when it does the globalists will have nowhere to run.,politics,2021-04-21
Secret tunnels under White House used for trafficking ring,URGENT: Multiple credible insiders have independently verified that secret tunnels under white house used for trafficking ring. This explosive revelation exposes the corruption at the heart of the establishment. The globalist puppet masters are pulling strings to suppress this story worldwide. Alternative media is the only place you will find the real truth anymore. Our founding fathers warned us about exactly this kind of tyranny. The time to wake up is NOW.,Government News,2018-11-04
Elites using Hollywood movies to program the public for agenda,"According to unnamed sources close to the situation, what mainstream media won't tell you is that elites using hollywood movies to program the public for agenda. Our trusted insider, who cannot be named for their safety, confirmed this shocking revelation. The government has been working overtime to suppress this information. Share before it gets deleted! Independent researchers have long suspected this but were silenced by the establishment. The evidence is overwhelming yet the lamestream media refuses to report it. Wake up sheeple!",left-news,2016-10-12
World Economic Forum plans to abolish private property by 2030,BREAKING — A leaked document obtained by this publication proves that world economic forum plans to abolish private property by 2030. Officials deny any knowledge of the situation but sources say otherwise. This is the story they don't want you to see. Thousands of accounts spreading this news are being shadow-banned. Do your own research. The truth is out there but you have to look beyond the mainstream narrative. Forward this to everyone you know before censorship takes this down.,News,2021-12-14
Pentagon UFO footage shows alien crafts over Washington DC,BREAKING — A leaked document obtained by this publication proves that pentagon ufo footage shows alien crafts over washington dc. Officials deny any knowledge of the situation but sources say otherwise. This is the story they don't want you to see. Thousands of accounts spreading this news are being shadow-banned. Do your own research. The truth is out there but you have to look beyond the mainstream narrative. Forward this to everyone you know before censorship takes this down.,politics,2021-09-17
Rockefellers paid scientists to invent climate change hoax,BREAKING — A leaked document obtained by this publication proves that rockefellers paid scientists to invent climate change hoax. Officials deny any knowledge of the situation but sources say otherwise. This is the story they don't want you to see. Thousands of accounts spreading this news are being shadow-banned. Do your own research. The truth is out there but you have to look beyond the mainstream narrative. Forward this to everyone you know before censorship takes this down.,left-news,2020-12-28
Breaking: Major city water supply contaminated with mind-altering drug,"According to unnamed sources close to the situation, what mainstream media won't tell you is that breaking: major city water supply contaminated with mind-altering drug. Our trusted insider, who cannot be named for their safety, confirmed this shocking revelation. The government has been working overtime to suppress this information. Share before it gets deleted! Independent researchers have long suspected this but were silenced by the establishment. The evidence is overwhelming yet the lamestream media refuses to report it. Wake up sheeple!",politicsNews,2018-04-28
New 5G antenna towers secretly contain surveillance cameras,An anonymous source with direct knowledge of the situation has confirmed that new 5g antenna towers secretly contain surveillance cameras. The mainstream media cartel refuses to cover this bombshell story because they are complicit. Fact-checkers have already labeled this story as false — which is exactly what they do to hide truth. Real patriots already know the truth. The elite are running scared as this information goes viral. SHARE THIS NOW before Big Tech buries it! This is the information they are terrified of you knowing.,News,2017-07-01
Obama planned to declare martial law before 2016 election,URGENT: Multiple credible insiders have independently verified that obama planned to declare martial law before 2016 election. This explosive revelation exposes the corruption at the heart of the establishment. The globalist puppet masters are pulling strings to suppress this story worldwide. Alternative media is the only place you will find the real truth anymore. Our founding fathers warned us about exactly this kind of tyranny. The time to wake up is NOW.,left-news,2021-11-24
New 5G antenna towers secretly contain surveillance cameras,Whistleblowers inside the agency have come forward to confirm that new 5g antenna towers secretly contain surveillance cameras. The deep state operatives responsible for this crime are being protected at the highest levels of government. Patriotic citizens are urged to stand up and demand answers from their elected representatives. This is not a conspiracy theory — this is documented fact that they are hiding from the public. The truth will come out and when it does the globalists will have nowhere to run.,left-news,2021-02-22
New study shows masks cause more deaths than COVID itself,An anonymous source with direct knowledge of the situation has confirmed that new study shows masks cause more deaths than covid itself. The mainstream media cartel refuses to cover this bombshell story because they are complicit. Fact-checkers have already labeled this story as false — which is exactly what they do to hide truth. Real patriots already know the truth. The elite are running scared as this information goes viral. SHARE THIS NOW before Big Tech buries it! This is the information they are terrified of you knowing.,politics,2021-10-08
Deep state agents infiltrated school boards across America,"According to unnamed sources close to the situation, what mainstream media won't tell you is that deep state agents infiltrated school boards across america. Our trusted insider, who cannot be named for their safety, confirmed this shocking revelation. The government has been working overtime to suppress this information. Share before it gets deleted! Independent researchers have long suspected this but were silenced by the establishment. The evidence is overwhelming yet the lamestream media refuses to report it. Wake up sheeple!",Government News,2020-11-14
Fluoride in water supply is mind-control chemical says whistleblower,BREAKING — A leaked document obtained by this publication proves that fluoride in water supply is mind-control chemical says whistleblower. Officials deny any knowledge of the situation but sources say otherwise. This is the story they don't want you to see. Thousands of accounts spreading this news are being shadow-banned. Do your own research. The truth is out there but you have to look beyond the mainstream narrative. Forward this to everyone you know before censorship takes this down.,politicsNews,2020-08-04
Clinton emails reveal plan for New World Order takeover,BREAKING — A leaked document obtained by this publication proves that clinton emails reveal plan for new world order takeover. Officials deny any knowledge of the situation but sources say otherwise. This is the story they don't want you to see. Thousands of accounts spreading this news are being shadow-banned. Do your own research. The truth is out there but you have to look beyond the mainstream narrative. Forward this to everyone you know before censorship takes this down.,worldnews,2022-08-12
Shadow government running secret operations beneath major airports,URGENT: Multiple credible insiders have independently verified that shadow government running secret operations beneath major airports. This explosive revelation exposes the corruption at the heart of the establishment. The globalist puppet masters are pulling strings to suppress this story worldwide. Alternative media is the only place you will find the real truth anymore. Our founding fathers warned us about exactly this kind of tyranny. The time to wake up is NOW.,politics,2018-07-21
Clinton emails reveal plan for New World Order takeover,An anonymous source with direct knowledge of the situation has confirmed that clinton emails reveal plan for new world order takeover. The mainstream media cartel refuses to cover this bombshell story because they are complicit. Fact-checkers have already labeled this story as false — which is exactly what they do to hide truth. Real patriots already know the truth. The elite are running scared as this information goes viral. SHARE THIS NOW before Big Tech buries it! This is the information they are terrified of you knowing.,left-news,2020-01-23
Big Pharma suppressing cancer cure for decades to make profits,BREAKING — A leaked document obtained by this publication proves that big pharma suppressing cancer cure for decades to make profits. Officials deny any knowledge of the situation but sources say otherwise. This is the story they don't want you to see. Thousands of accounts spreading this news are being shadow-banned. Do your own research. The truth is out there but you have to look beyond the mainstream narrative. Forward this to everyone you know before censorship takes this down.,left-news,2019-06-04
New 5G antenna towers secretly contain surveillance cameras,Whistleblowers inside the agency have come forward to confirm that new 5g antenna towers secretly contain surveillance cameras. The deep state operatives responsible for this crime are being protected at the highest levels of government. Patriotic citizens are urged to stand up and demand answers from their elected representatives. This is not a conspiracy theory — this is documented fact that they are hiding from the public. The truth will come out and when it does the globalists will have nowhere to run.,Government News,2021-01-13
Rockefellers paid scientists to invent climate change hoax,BREAKING — A leaked document obtained by this publication proves that rockefellers paid scientists to invent climate change hoax. Officials deny any knowledge of the situation but sources say otherwise. This is the story they don't want you to see. Thousands of accounts spreading this news are being shadow-banned. Do your own research. The truth is out there but you have to look beyond the mainstream narrative. Forward this to everyone you know before censorship takes this down.,left-news,2017-11-07
Deep state agents infiltrated school boards across America,URGENT: Multiple credible insiders have independently verified that deep state agents infiltrated school boards across america. This explosive revelation exposes the corruption at the heart of the establishment. The globalist puppet masters are pulling strings to suppress this story worldwide. Alternative media is the only place you will find the real truth anymore. Our founding fathers warned us about exactly this kind of tyranny. The time to wake up is NOW.,politicsNews,2021-04-05
Secret documents show GMO foods cause cancer in 10 years,BREAKING — A leaked document obtained by this publication proves that secret documents show gmo foods cause cancer in 10 years. Officials deny any knowledge of the situation but sources say otherwise. This is the story they don't want you to see. Thousands of accounts spreading this news are being shadow-banned. Do your own research. The truth is out there but you have to look beyond the mainstream narrative. Forward this to everyone you know before censorship takes this down.,politics,2019-10-07
New study shows masks cause more deaths than COVID itself,Whistleblowers inside the agency have come forward to confirm that new study shows masks cause more deaths than covid itself. The deep state operatives responsible for this crime are being protected at the highest levels of government. Patriotic citizens are urged to stand up and demand answers from their elected representatives. This is not a conspiracy theory — this is documented fact that they are hiding from the public. The truth will come out and when it does the globalists will have nowhere to run.,politics,2016-05-28
Deep state plotting to assassinate president claims insider,BREAKING — A leaked document obtained by this publication proves that deep state plotting to assassinate president claims insider. Officials deny any knowledge of the situation but sources say otherwise. This is the story they don't want you to see. Thousands of accounts spreading this news are being shadow-banned. Do your own research. The truth is out there but you have to look beyond the mainstream narrative. Forward this to everyone you know before censorship takes this down.,News,2018-02-22
Government admits to spraying chemtrails to control population,BREAKING — A leaked document obtained by this publication proves that government admits to spraying chemtrails to control population. Officials deny any knowledge of the situation but sources say otherwise. This is the story they don't want you to see. Thousands of accounts spreading this news are being shadow-banned. Do your own research. The truth is out there but you have to look beyond the mainstream narrative. Forward this to everyone you know before censorship takes this down.,News,2019-10-11
Government admits to spraying chemtrails to control population,BREAKING — A leaked document obtained by this publication proves that government admits to spraying chemtrails to control population. Officials deny any knowledge of the situation but sources say otherwise. This is the story they don't want you to see. Thousands of accounts spreading this news are being shadow-banned. Do your own research. The truth is out there but you have to look beyond the mainstream narrative. Forward this to everyone you know before censorship takes this down.,politicsNews,2018-12-14
Chemotherapy cures nothing — industry invented it to steal your money,"According to unnamed sources close to the situation, what mainstream media won't tell you is that chemotherapy cures nothing — industry invented it to steal your money. Our trusted insider, who cannot be named for their safety, confirmed this shocking revelation. The government has been working overtime to suppress this information. Share before it gets deleted! Independent researchers have long suspected this but were silenced by the establishment. The evidence is overwhelming yet the lamestream media refuses to report it. Wake up sheeple!",left-news,2023-06-17
George Soros caught funding mass migration to destroy Western culture,"According to unnamed sources close to the situation, what mainstream media won't tell you is that george soros caught funding mass migration to destroy western culture. Our trusted insider, who cannot be named for their safety, confirmed this shocking revelation. The government has been working overtime to suppress this information. Share before it gets deleted! Independent researchers have long suspected this but were silenced by the establishment. The evidence is overwhelming yet the lamestream media refuses to report it. Wake up sheeple!",politics,2019-10-02
World Economic Forum plans to abolish private property by 2030,URGENT: Multiple credible insiders have independently verified that world economic forum plans to abolish private property by 2030. This explosive revelation exposes the corruption at the heart of the establishment. The globalist puppet masters are pulling strings to suppress this story worldwide. Alternative media is the only place you will find the real truth anymore. Our founding fathers warned us about exactly this kind of tyranny. The time to wake up is NOW.,left-news,2016-01-16
"UN planning to ban meat, force citizens to eat insects by 2030","An anonymous source with direct knowledge of the situation has confirmed that un planning to ban meat, force citizens to eat insects by 2030. The mainstream media cartel refuses to cover this bombshell story because they are complicit. Fact-checkers have already labeled this story as false — which is exactly what they do to hide truth. Real patriots already know the truth. The elite are running scared as this information goes viral. SHARE THIS NOW before Big Tech buries it! This is the information they are terrified of you knowing.",left-news,2023-02-03
EXCLUSIVE: White House chef reveals president has dementia,URGENT: Multiple credible insiders have independently verified that exclusive: white house chef reveals president has dementia. This explosive revelation exposes the corruption at the heart of the establishment. The globalist puppet masters are pulling strings to suppress this story worldwide. Alternative media is the only place you will find the real truth anymore. Our founding fathers warned us about exactly this kind of tyranny. The time to wake up is NOW.,politicsNews,2018-05-20
Elites using Hollywood movies to program the public for agenda,URGENT: Multiple credible insiders have independently verified that elites using hollywood movies to program the public for agenda. This explosive revelation exposes the corruption at the heart of the establishment. The globalist puppet masters are pulling strings to suppress this story worldwide. Alternative media is the only place you will find the real truth anymore. Our founding fathers warned us about exactly this kind of tyranny. The time to wake up is NOW.,Government News,2021-07-20
Chemotherapy cures nothing — industry invented it to steal your money,Whistleblowers inside the agency have come forward to confirm that chemotherapy cures nothing — industry invented it to steal your money. The deep state operatives responsible for this crime are being protected at the highest levels of government. Patriotic citizens are urged to stand up and demand answers from their elected representatives. This is not a conspiracy theory — this is documented fact that they are hiding from the public. The truth will come out and when it does the globalists will have nowhere to run.,politics,2022-02-26
Bill Clinton admits moon landing staged to win space race,"According to unnamed sources close to the situation, what mainstream media won't tell you is that bill clinton admits moon landing staged to win space race. Our trusted insider, who cannot be named for their safety, confirmed this shocking revelation. The government has been working overtime to suppress this information. Share before it gets deleted! Independent researchers have long suspected this but were silenced by the establishment. The evidence is overwhelming yet the lamestream media refuses to report it. Wake up sheeple!",Government News,2019-07-15
New study shows masks cause more deaths than COVID itself,An anonymous source with direct knowledge of the situation has confirmed that new study shows masks cause more deaths than covid itself. The mainstream media cartel refuses to cover this bombshell story because they are complicit. Fact-checkers have already labeled this story as false — which is exactly what they do to hide truth. Real patriots already know the truth. The elite are running scared as this information goes viral. SHARE THIS NOW before Big Tech buries it! This is the information they are terrified of you knowing.,left-news,2022-07-24
Clinton emails reveal plan for New World Order takeover,Whistleblowers inside the agency have come forward to confirm that clinton emails reveal plan for new world order takeover. The deep state operatives responsible for this crime are being protected at the highest levels of government. Patriotic citizens are urged to stand up and demand answers from their elected representatives. This is not a conspiracy theory — this is documented fact that they are hiding from the public. The truth will come out and when it does the globalists will have nowhere to run.,News,2020-06-05
New 5G antenna towers secretly contain surveillance cameras,An anonymous source with direct knowledge of the situation has confirmed that new 5g antenna towers secretly contain surveillance cameras. The mainstream media cartel refuses to cover this bombshell story because they are complicit. Fact-checkers have already labeled this story as false — which is exactly what they do to hide truth. Real patriots already know the truth. The elite are running scared as this information goes viral. SHARE THIS NOW before Big Tech buries it! This is the information they are terrified of you knowing.,politicsNews,2017-02-14
Clinton emails reveal plan for New World Order takeover,Whistleblowers inside the agency have come forward to confirm that clinton emails reveal plan for new world order takeover. The deep state operatives responsible for this crime are being protected at the highest levels of government. Patriotic citizens are urged to stand up and demand answers from their elected representatives. This is not a conspiracy theory — this is documented fact that they are hiding from the public. The truth will come out and when it does the globalists will have nowhere to run.,politics,2016-10-18
World leaders filmed at satanic ritual at Bohemian Grove,Whistleblowers inside the agency have come forward to confirm that world leaders filmed at satanic ritual at bohemian grove. The deep state operatives responsible for this crime are being protected at the highest levels of government. Patriotic citizens are urged to stand up and demand answers from their elected representatives. This is not a conspiracy theory — this is documented fact that they are hiding from the public. The truth will come out and when it does the globalists will have nowhere to run.,left-news,2021-11-25
FDA approved poison in cereal brands given to children,"According to unnamed sources close to the situation, what mainstream media won't tell you is that fda approved poison in cereal brands given to children. Our trusted insider, who cannot be named for their safety, confirmed this shocking revelation. The government has been working overtime to suppress this information. Share before it gets deleted! Independent researchers have long suspected this but were silenced by the establishment. The evidence is overwhelming yet the lamestream media refuses to report it. Wake up sheeple!",politics,2020-06-04
Secret documents show GMO foods cause cancer in 10 years,URGENT: Multiple credible insiders have independently verified that secret documents show gmo foods cause cancer in 10 years. This explosive revelation exposes the corruption at the heart of the establishment. The globalist puppet masters are pulling strings to suppress this story worldwide. Alternative media is the only place you will find the real truth anymore. Our founding fathers warned us about exactly this kind of tyranny. The time to wake up is NOW.,worldnews,2023-04-28
Clinton emails reveal plan for New World Order takeover,Whistleblowers inside the agency have come forward to confirm that clinton emails reveal plan for new world order takeover. The deep state operatives responsible for this crime are being protected at the highest levels of government. Patriotic citizens are urged to stand up and demand answers from their elected representatives. This is not a conspiracy theory — this is documented fact that they are hiding from the public. The truth will come out and when it does the globalists will have nowhere to run.,News,2017-05-19
New study shows masks cause more deaths than COVID itself,An anonymous source with direct knowledge of the situation has confirmed that new study shows masks cause more deaths than covid itself. The mainstream media cartel refuses to cover this bombshell story because they are complicit. Fact-checkers have already labeled this story as false — which is exactly what they do to hide truth. Real patriots already know the truth. The elite are running scared as this information goes viral. SHARE THIS NOW before Big Tech buries it! This is the information they are terrified of you knowing.,politics,2016-10-22
Bill Clinton admits moon landing staged to win space race,Whistleblowers inside the agency have come forward to confirm that bill clinton admits moon landing staged to win space race. The deep state operatives responsible for this crime are being protected at the highest levels of government. Patriotic citizens are urged to stand up and demand answers from their elected representatives. This is not a conspiracy theory — this is documented fact that they are hiding from the public. The truth will come out and when it does the globalists will have nowhere to run.,worldnews,2020-12-25
Epstein alive in witness protection says anonymous FBI source,Whistleblowers inside the agency have come forward to confirm that epstein alive in witness protection says anonymous fbi source. The deep state operatives responsible for this crime are being protected at the highest levels of government. Patriotic citizens are urged to stand up and demand answers from their elected representatives. This is not a conspiracy theory — this is documented fact that they are hiding from the public. The truth will come out and when it does the globalists will have nowhere to run.,politicsNews,2018-03-19
Shadow government running secret operations beneath major airports,An anonymous source with direct knowledge of the situation has confirmed that shadow government running secret operations beneath major airports. The mainstream media cartel refuses to cover this bombshell story because they are complicit. Fact-checkers have already labeled this story as false — which is exactly what they do to hide truth. Real patriots already know the truth. The elite are running scared as this information goes viral. SHARE THIS NOW before Big Tech buries it! This is the information they are terrified of you knowing.,worldnews,2016-02-24
Chemotherapy cures nothing — industry invented it to steal your money,BREAKING — A leaked document obtained by this publication proves that chemotherapy cures nothing — industry invented it to steal your money. Officials deny any knowledge of the situation but sources say otherwise. This is the story they don't want you to see. Thousands of accounts spreading this news are being shadow-banned. Do your own research. The truth is out there but you have to look beyond the mainstream narrative. Forward this to everyone you know before censorship takes this down.,left-news,2023-06-06
Big Pharma suppressing cancer cure for decades to make profits,Whistleblowers inside the agency have come forward to confirm that big pharma suppressing cancer cure for decades to make profits. The deep state operatives responsible for this crime are being protected at the highest levels of government. Patriotic citizens are urged to stand up and demand answers from their elected representatives. This is not a conspiracy theory — this is documented fact that they are hiding from the public. The truth will come out and when it does the globalists will have nowhere to run.,politics,2017-01-05
Doctors confirm COVID-19 vaccine turns people magnetic,URGENT: Multiple credible insiders have independently verified that doctors confirm covid-19 vaccine turns people magnetic. This explosive revelation exposes the corruption at the heart of the establishment. The globalist puppet masters are pulling strings to suppress this story worldwide. Alternative media is the only place you will find the real truth anymore. Our founding fathers warned us about exactly this kind of tyranny. The time to wake up is NOW.,Government News,2017-05-15
Shadow government running secret operations beneath major airports,An anonymous source with direct knowledge of the situation has confirmed that shadow government running secret operations beneath major airports. The mainstream media cartel refuses to cover this bombshell story because they are complicit. Fact-checkers have already labeled this story as false — which is exactly what they do to hide truth. Real patriots already know the truth. The elite are running scared as this information goes viral. SHARE THIS NOW before Big Tech buries it! This is the information they are terrified of you knowing.,politics,2023-07-09
Earthquake machine HAARP caused Turkey disaster on purpose,URGENT: Multiple credible insiders have independently verified that earthquake machine haarp caused turkey disaster on purpose. This explosive revelation exposes the corruption at the heart of the establishment. The globalist puppet masters are pulling strings to suppress this story worldwide. Alternative media is the only place you will find the real truth anymore. Our founding fathers warned us about exactly this kind of tyranny. The time to wake up is NOW.,News,2022-02-10
New 5G antenna towers secretly contain surveillance cameras,URGENT: Multiple credible insiders have independently verified that new 5g antenna towers secretly contain surveillance cameras. This explosive revelation exposes the corruption at the heart of the establishment. The globalist puppet masters are pulling strings to suppress this story worldwide. Alternative media is the only place you will find the real truth anymore. Our founding fathers warned us about exactly this kind of tyranny. The time to wake up is NOW.,politics,2020-01-08
"UN planning to ban meat, force citizens to eat insects by 2030","URGENT: Multiple credible insiders have independently verified that un planning to ban meat, force citizens to eat insects by 2030. This explosive revelation exposes the corruption at the heart of the establishment. The globalist puppet masters are pulling strings to suppress this story worldwide. Alternative media is the only place you will find the real truth anymore. Our founding fathers warned us about exactly this kind of tyranny. The time to wake up is NOW.",politicsNews,2019-05-07
Elite bankers using cryptocurrency to crash global economy on purpose,BREAKING — A leaked document obtained by this publication proves that elite bankers using cryptocurrency to crash global economy on purpose. Officials deny any knowledge of the situation but sources say otherwise. This is the story they don't want you to see. Thousands of accounts spreading this news are being shadow-banned. Do your own research. The truth is out there but you have to look beyond the mainstream narrative. Forward this to everyone you know before censorship takes this down.,News,2021-02-01
Liberal elite planning to steal your guns using fake school shootings,An anonymous source with direct knowledge of the situation has confirmed that liberal elite planning to steal your guns using fake school shootings. The mainstream media cartel refuses to cover this bombshell story because they are complicit. Fact-checkers have already labeled this story as false — which is exactly what they do to hide truth. Real patriots already know the truth. The elite are running scared as this information goes viral. SHARE THIS NOW before Big Tech buries it! This is the information they are terrified of you knowing.,worldnews,2022-09-23
New study shows masks cause more deaths than COVID itself,URGENT: Multiple credible insiders have independently verified that new study shows masks cause more deaths than covid itself. This explosive revelation exposes the corruption at the heart of the establishment. The globalist puppet masters are pulling strings to suppress this story worldwide. Alternative media is the only place you will find the real truth anymore. Our founding fathers warned us about exactly this kind of tyranny. The time to wake up is NOW.,Government News,2021-02-13
Leaked Pfizer documents reveal vaccine contains aborted fetal cells,"According to unnamed sources close to the situation, what mainstream media won't tell you is that leaked pfizer documents reveal vaccine contains aborted fetal cells. Our trusted insider, who cannot be named for their safety, confirmed this shocking revelation. The government has been working overtime to suppress this information. Share before it gets deleted! Independent researchers have long suspected this but were silenced by the establishment. The evidence is overwhelming yet the lamestream media refuses to report it. Wake up sheeple!",politicsNews,2023-02-28
EXCLUSIVE: White House chef reveals president has dementia,URGENT: Multiple credible insiders have independently verified that exclusive: white house chef reveals president has dementia. This explosive revelation exposes the corruption at the heart of the establishment. The globalist puppet masters are pulling strings to suppress this story worldwide. Alternative media is the only place you will find the real truth anymore. Our founding fathers warned us about exactly this kind of tyranny. The time to wake up is NOW.,politics,2022-12-21
Walmart tunnels are FEMA concentration camps for American citizens,Whistleblowers inside the agency have come forward to confirm that walmart tunnels are fema concentration camps for american citizens. The deep state operatives responsible for this crime are being protected at the highest levels of government. Patriotic citizens are urged to stand up and demand answers from their elected representatives. This is not a conspiracy theory — this is documented fact that they are hiding from the public. The truth will come out and when it does the globalists will have nowhere to run.,left-news,2016-06-06
Covid-19 created in lab to usher in Great Reset admits Nobel scientist,An anonymous source with direct knowledge of the situation has confirmed that covid-19 created in lab to usher in great reset admits nobel scientist. The mainstream media cartel refuses to cover this bombshell story because they are complicit. Fact-checkers have already labeled this story as false — which is exactly what they do to hide truth. Real patriots already know the truth. The elite are running scared as this information goes viral. SHARE THIS NOW before Big Tech buries it! This is the information they are terrified of you knowing.,politicsNews,2022-02-08
FDA approved poison in cereal brands given to children,URGENT: Multiple credible insiders have independently verified that fda approved poison in cereal brands given to children. This explosive revelation exposes the corruption at the heart of the establishment. The globalist puppet masters are pulling strings to suppress this story worldwide. Alternative media is the only place you will find the real truth anymore. Our founding fathers warned us about exactly this kind of tyranny. The time to wake up is NOW.,politics,2017-07-28
Epstein alive in witness protection says anonymous FBI source,Whistleblowers inside the agency have come forward to confirm that epstein alive in witness protection says anonymous fbi source. The deep state operatives responsible for this crime are being protected at the highest levels of government. Patriotic citizens are urged to stand up and demand answers from their elected representatives. This is not a conspiracy theory — this is documented fact that they are hiding from the public. The truth will come out and when it does the globalists will have nowhere to run.,News,2018-02-17
Elites using Hollywood movies to program the public for agenda,"According to unnamed sources close to the situation, what mainstream media won't tell you is that elites using hollywood movies to program the public for agenda. Our trusted insider, who cannot be named for their safety, confirmed this shocking revelation. The government has been working overtime to suppress this information. Share before it gets deleted! Independent researchers have long suspected this but were silenced by the establishment. The evidence is overwhelming yet the lamestream media refuses to report it. Wake up sheeple!",politics,2019-06-12
World Economic Forum plans to abolish private property by 2030,BREAKING — A leaked document obtained by this publication proves that world economic forum plans to abolish private property by 2030. Officials deny any knowledge of the situation but sources say otherwise. This is the story they don't want you to see. Thousands of accounts spreading this news are being shadow-banned. Do your own research. The truth is out there but you have to look beyond the mainstream narrative. Forward this to everyone you know before censorship takes this down.,politicsNews,2018-05-07
Pentagon UFO footage shows alien crafts over Washington DC,URGENT: Multiple credible insiders have independently verified that pentagon ufo footage shows alien crafts over washington dc. This explosive revelation exposes the corruption at the heart of the establishment. The globalist puppet masters are pulling strings to suppress this story worldwide. Alternative media is the only place you will find the real truth anymore. Our founding fathers warned us about exactly this kind of tyranny. The time to wake up is NOW.,Government News,2017-03-25
Elites using Hollywood movies to program the public for agenda,An anonymous source with direct knowledge of the situation has confirmed that elites using hollywood movies to program the public for agenda. The mainstream media cartel refuses to cover this bombshell story because they are complicit. Fact-checkers have already labeled this story as false — which is exactly what they do to hide truth. Real patriots already know the truth. The elite are running scared as this information goes viral. SHARE THIS NOW before Big Tech buries it! This is the information they are terrified of you knowing.,politics,2023-11-19
Deep state agents infiltrated school boards across America,URGENT: Multiple credible insiders have independently verified that deep state agents infiltrated school boards across america. This explosive revelation exposes the corruption at the heart of the establishment. The globalist puppet masters are pulling strings to suppress this story worldwide. Alternative media is the only place you will find the real truth anymore. Our founding fathers warned us about exactly this kind of tyranny. The time to wake up is NOW.,Government News,2021-03-15
Pope Francis secretly endorses presidential candidate,An anonymous source with direct knowledge of the situation has confirmed that pope francis secretly endorses presidential candidate. The mainstream media cartel refuses to cover this bombshell story because they are complicit. Fact-checkers have already labeled this story as false — which is exactly what they do to hide truth. Real patriots already know the truth. The elite are running scared as this information goes viral. SHARE THIS NOW before Big Tech buries it! This is the information they are terrified of you knowing.,Government News,2020-05-19
NASA fakes moon landing — leaked documents prove hoax,Whistleblowers inside the agency have come forward to confirm that nasa fakes moon landing — leaked documents prove hoax. The deep state operatives responsible for this crime are being protected at the highest levels of government. Patriotic citizens are urged to stand up and demand answers from their elected representatives. This is not a conspiracy theory — this is documented fact that they are hiding from the public. The truth will come out and when it does the globalists will have nowhere to run.,politicsNews,2020-08-15
Bill Gates plans to microchip every human through COVID vaccine,"According to unnamed sources close to the situation, what mainstream media won't tell you is that bill gates plans to microchip every human through covid vaccine. Our trusted insider, who cannot be named for their safety, confirmed this shocking revelation. The government has been working overtime to suppress this information. Share before it gets deleted! Independent researchers have long suspected this but were silenced by the establishment. The evidence is overwhelming yet the lamestream media refuses to report it. Wake up sheeple!",News,2017-11-28
Aliens have landed in Arizona and government is hiding the truth,URGENT: Multiple credible insiders have independently verified that aliens have landed in arizona and government is hiding the truth. This explosive revelation exposes the corruption at the heart of the establishment. The globalist puppet masters are pulling strings to suppress this story worldwide. Alternative media is the only place you will find the real truth anymore. Our founding fathers warned us about exactly this kind of tyranny. The time to wake up is NOW.,politics,2022-08-19
World leaders filmed at satanic ritual at Bohemian Grove,"According to unnamed sources close to the situation, what mainstream media won't tell you is that world leaders filmed at satanic ritual at bohemian grove. Our trusted insider, who cannot be named for their safety, confirmed this shocking revelation. The government has been working overtime to suppress this information. Share before it gets deleted! Independent researchers have long suspected this but were silenced by the establishment. The evidence is overwhelming yet the lamestream media refuses to report it. Wake up sheeple!",politics,2019-06-20
Doctors say sunscreen is poison pushed by Big Pharma,URGENT: Multiple credible insiders have independently verified that doctors say sunscreen is poison pushed by big pharma. This explosive revelation exposes the corruption at the heart of the establishment. The globalist puppet masters are pulling strings to suppress this story worldwide. Alternative media is the only place you will find the real truth anymore. Our founding fathers warned us about exactly this kind of tyranny. The time to wake up is NOW.,politicsNews,2023-02-26
Breaking: Major city water supply contaminated with mind-altering drug,"According to unnamed sources close to the situation, what mainstream media won't tell you is that breaking: major city water supply contaminated with mind-altering drug. Our trusted insider, who cannot be named for their safety, confirmed this shocking revelation. The government has been working overtime to suppress this information. Share before it gets deleted! Independent researchers have long suspected this but were silenced by the establishment. The evidence is overwhelming yet the lamestream media refuses to report it. Wake up sheeple!",Government News,2018-01-08
FBI whistleblower reveals JFK assassination was inside job,An anonymous source with direct knowledge of the situation has confirmed that fbi whistleblower reveals jfk assassination was inside job. The mainstream media cartel refuses to cover this bombshell story because they are complicit. Fact-checkers have already labeled this story as false — which is exactly what they do to hide truth. Real patriots already know the truth. The elite are running scared as this information goes viral. SHARE THIS NOW before Big Tech buries it! This is the information they are terrified of you knowing.,politics,2018-06-12
Q-Anon confirms deep state arrests imminent within 48 hours,An anonymous source with direct knowledge of the situation has confirmed that q-anon confirms deep state arrests imminent within 48 hours. The mainstream media cartel refuses to cover this bombshell story because they are complicit. Fact-checkers have already labeled this story as false — which is exactly what they do to hide truth. Real patriots already know the truth. The elite are running scared as this information goes viral. SHARE THIS NOW before Big Tech buries it! This is the information they are terrified of you knowing.,News,2016-11-21
Breaking: Major city water supply contaminated with mind-altering drug,"According to unnamed sources close to the situation, what mainstream media won't tell you is that breaking: major city water supply contaminated with mind-altering drug. Our trusted insider, who cannot be named for their safety, confirmed this shocking revelation. The government has been working overtime to suppress this information. Share before it gets deleted! Independent researchers have long suspected this but were silenced by the establishment. The evidence is overwhelming yet the lamestream media refuses to report it. Wake up sheeple!",politicsNews,2022-05-09
World Economic Forum plans to abolish private property by 2030,URGENT: Multiple credible insiders have independently verified that world economic forum plans to abolish private property by 2030. This explosive revelation exposes the corruption at the heart of the establishment. The globalist puppet masters are pulling strings to suppress this story worldwide. Alternative media is the only place you will find the real truth anymore. Our founding fathers warned us about exactly this kind of tyranny. The time to wake up is NOW.,News,2017-10-22
Deep state plotting to assassinate president claims insider,Whistleblowers inside the agency have come forward to confirm that deep state plotting to assassinate president claims insider. The deep state operatives responsible for this crime are being protected at the highest levels of government. Patriotic citizens are urged to stand up and demand answers from their elected representatives. This is not a conspiracy theory — this is documented fact that they are hiding from the public. The truth will come out and when it does the globalists will have nowhere to run.,Government News,2022-03-20
FBI whistleblower reveals JFK assassination was inside job,"According to unnamed sources close to the situation, what mainstream media won't tell you is that fbi whistleblower reveals jfk assassination was inside job. Our trusted insider, who cannot be named for their safety, confirmed this shocking revelation. The government has been working overtime to suppress this information. Share before it gets deleted! Independent researchers have long suspected this but were silenced by the establishment. The evidence is overwhelming yet the lamestream media refuses to report it. Wake up sheeple!",politics,2022-11-26
Breaking: Major city water supply contaminated with mind-altering drug,BREAKING — A leaked document obtained by this publication proves that breaking: major city water supply contaminated with mind-altering drug. Officials deny any knowledge of the situation but sources say otherwise. This is the story they don't want you to see. Thousands of accounts spreading this news are being shadow-banned. Do your own research. The truth is out there but you have to look beyond the mainstream narrative. Forward this to everyone you know before censorship takes this down.,politicsNews,2022-09-12
Government admits to spraying chemtrails to control population,Whistleblowers inside the agency have come forward to confirm that government admits to spraying chemtrails to control population. The deep state operatives responsible for this crime are being protected at the highest levels of government. Patriotic citizens are urged to stand up and demand answers from their elected representatives. This is not a conspiracy theory — this is documented fact that they are hiding from the public. The truth will come out and when it does the globalists will have nowhere to run.,worldnews,2019-06-25
Liberal elite planning to steal your guns using fake school shootings,BREAKING — A leaked document obtained by this publication proves that liberal elite planning to steal your guns using fake school shootings. Officials deny any knowledge of the situation but sources say otherwise. This is the story they don't want you to see. Thousands of accounts spreading this news are being shadow-banned. Do your own research. The truth is out there but you have to look beyond the mainstream narrative. Forward this to everyone you know before censorship takes this down.,worldnews,2018-02-10
Clinton emails reveal plan for New World Order takeover,URGENT: Multiple credible insiders have independently verified that clinton emails reveal plan for new world order takeover. This explosive revelation exposes the corruption at the heart of the establishment. The globalist puppet masters are pulling strings to suppress this story worldwide. Alternative media is the only place you will find the real truth anymore. Our founding fathers warned us about exactly this kind of tyranny. The time to wake up is NOW.,Government News,2016-11-11
Elite bankers using cryptocurrency to crash global economy on purpose,URGENT: Multiple credible insiders have independently verified that elite bankers using cryptocurrency to crash global economy on purpose. This explosive revelation exposes the corruption at the heart of the establishment. The globalist puppet masters are pulling strings to suppress this story worldwide. Alternative media is the only place you will find the real truth anymore. Our founding fathers warned us about exactly this kind of tyranny. The time to wake up is NOW.,politics,2022-03-06
Pentagon UFO footage shows alien crafts over Washington DC,URGENT: Multiple credible insiders have independently verified that pentagon ufo footage shows alien crafts over washington dc. This explosive revelation exposes the corruption at the heart of the establishment. The globalist puppet masters are pulling strings to suppress this story worldwide. Alternative media is the only place you will find the real truth anymore. Our founding fathers warned us about exactly this kind of tyranny. The time to wake up is NOW.,Government News,2023-01-14
Big Pharma suppressing cancer cure for decades to make profits,BREAKING — A leaked document obtained by this publication proves that big pharma suppressing cancer cure for decades to make profits. Officials deny any knowledge of the situation but sources say otherwise. This is the story they don't want you to see. Thousands of accounts spreading this news are being shadow-banned. Do your own research. The truth is out there but you have to look beyond the mainstream narrative. Forward this to everyone you know before censorship takes this down.,politics,2020-12-26
Prince Harry reveals royal family are shapeshifting reptilians,BREAKING — A leaked document obtained by this publication proves that prince harry reveals royal family are shapeshifting reptilians. Officials deny any knowledge of the situation but sources say otherwise. This is the story they don't want you to see. Thousands of accounts spreading this news are being shadow-banned. Do your own research. The truth is out there but you have to look beyond the mainstream narrative. Forward this to everyone you know before censorship takes this down.,worldnews,2020-08-27
Secret tunnels under White House used for trafficking ring,Whistleblowers inside the agency have come forward to confirm that secret tunnels under white house used for trafficking ring. The deep state operatives responsible for this crime are being protected at the highest levels of government. Patriotic citizens are urged to stand up and demand answers from their elected representatives. This is not a conspiracy theory — this is documented fact that they are hiding from the public. The truth will come out and when it does the globalists will have nowhere to run.,left-news,2023-05-25
Hollywood elites caught performing satanic rituals in leaked video,URGENT: Multiple credible insiders have independently verified that hollywood elites caught performing satanic rituals in leaked video. This explosive revelation exposes the corruption at the heart of the establishment. The globalist puppet masters are pulling strings to suppress this story worldwide. Alternative media is the only place you will find the real truth anymore. Our founding fathers warned us about exactly this kind of tyranny. The time to wake up is NOW.,left-news,2018-04-26
Mainstream media blackout on earthquake weapon test over California,BREAKING — A leaked document obtained by this publication proves that mainstream media blackout on earthquake weapon test over california. Officials deny any knowledge of the situation but sources say otherwise. This is the story they don't want you to see. Thousands of accounts spreading this news are being shadow-banned. Do your own research. The truth is out there but you have to look beyond the mainstream narrative. Forward this to everyone you know before censorship takes this down.,politicsNews,2023-06-18
Clinton emails reveal plan for New World Order takeover,URGENT: Multiple credible insiders have independently verified that clinton emails reveal plan for new world order takeover. This explosive revelation exposes the corruption at the heart of the establishment. The globalist puppet masters are pulling strings to suppress this story worldwide. Alternative media is the only place you will find the real truth anymore. Our founding fathers warned us about exactly this kind of tyranny. The time to wake up is NOW.,News,2017-03-09
Prince Harry reveals royal family are shapeshifting reptilians,URGENT: Multiple credible insiders have independently verified that prince harry reveals royal family are shapeshifting reptilians. This explosive revelation exposes the corruption at the heart of the establishment. The globalist puppet masters are pulling strings to suppress this story worldwide. Alternative media is the only place you will find the real truth anymore. Our founding fathers warned us about exactly this kind of tyranny. The time to wake up is NOW.,left-news,2017-04-27
Prince Harry reveals royal family are shapeshifting reptilians,Whistleblowers inside the agency have come forward to confirm that prince harry reveals royal family are shapeshifting reptilians. The deep state operatives responsible for this crime are being protected at the highest levels of government. Patriotic citizens are urged to stand up and demand answers from their elected representatives. This is not a conspiracy theory — this is documented fact that they are hiding from the public. The truth will come out and when it does the globalists will have nowhere to run.,left-news,2016-07-17
Big Pharma suppressing cancer cure for decades to make profits,BREAKING — A leaked document obtained by this publication proves that big pharma suppressing cancer cure for decades to make profits. Officials deny any knowledge of the situation but sources say otherwise. This is the story they don't want you to see. Thousands of accounts spreading this news are being shadow-banned. Do your own research. The truth is out there but you have to look beyond the mainstream narrative. Forward this to everyone you know before censorship takes this down.,politicsNews,2021-04-01
EXCLUSIVE: White House chef reveals president has dementia,"According to unnamed sources close to the situation, what mainstream media won't tell you is that exclusive: white house chef reveals president has dementia. Our trusted insider, who cannot be named for their safety, confirmed this shocking revelation. The government has been working overtime to suppress this information. Share before it gets deleted! Independent researchers have long suspected this but were silenced by the establishment. The evidence is overwhelming yet the lamestream media refuses to report it. Wake up sheeple!",worldnews,2018-01-10
Doctors say sunscreen is poison pushed by Big Pharma,BREAKING — A leaked document obtained by this publication proves that doctors say sunscreen is poison pushed by big pharma. Officials deny any knowledge of the situation but sources say otherwise. This is the story they don't want you to see. Thousands of accounts spreading this news are being shadow-banned. Do your own research. The truth is out there but you have to look beyond the mainstream narrative. Forward this to everyone you know before censorship takes this down.,left-news,2016-02-01
Obama planned to declare martial law before 2016 election,BREAKING — A leaked document obtained by this publication proves that obama planned to declare martial law before 2016 election. Officials deny any knowledge of the situation but sources say otherwise. This is the story they don't want you to see. Thousands of accounts spreading this news are being shadow-banned. Do your own research. The truth is out there but you have to look beyond the mainstream narrative. Forward this to everyone you know before censorship takes this down.,politics,2022-02-25
Q-Anon confirms deep state arrests imminent within 48 hours,BREAKING — A leaked document obtained by this publication proves that q-anon confirms deep state arrests imminent within 48 hours. Officials deny any knowledge of the situation but sources say otherwise. This is the story they don't want you to see. Thousands of accounts spreading this news are being shadow-banned. Do your own research. The truth is out there but you have to look beyond the mainstream narrative. Forward this to everyone you know before censorship takes this down.,politicsNews,2016-04-14
Elites using Hollywood movies to program the public for agenda,URGENT: Multiple credible insiders have independently verified that elites using hollywood movies to program the public for agenda. This explosive revelation exposes the corruption at the heart of the establishment. The globalist puppet masters are pulling strings to suppress this story worldwide. Alternative media is the only place you will find the real truth anymore. Our founding fathers warned us about exactly this kind of tyranny. The time to wake up is NOW.,politicsNews,2017-08-20
Elon Musk's Neuralink is secretly harvesting human thoughts,"According to unnamed sources close to the situation, what mainstream media won't tell you is that elon musk's neuralink is secretly harvesting human thoughts. Our trusted insider, who cannot be named for their safety, confirmed this shocking revelation. The government has been working overtime to suppress this information. Share before it gets deleted! Independent researchers have long suspected this but were silenced by the establishment. The evidence is overwhelming yet the lamestream media refuses to report it. Wake up sheeple!",politics,2019-12-05
Q-Anon confirms deep state arrests imminent within 48 hours,An anonymous source with direct knowledge of the situation has confirmed that q-anon confirms deep state arrests imminent within 48 hours. The mainstream media cartel refuses to cover this bombshell story because they are complicit. Fact-checkers have already labeled this story as false — which is exactly what they do to hide truth. Real patriots already know the truth. The elite are running scared as this information goes viral. SHARE THIS NOW before Big Tech buries it! This is the information they are terrified of you knowing.,politics,2021-04-19
Walmart tunnels are FEMA concentration camps for American citizens,BREAKING — A leaked document obtained by this publication proves that walmart tunnels are fema concentration camps for american citizens. Officials deny any knowledge of the situation but sources say otherwise. This is the story they don't want you to see. Thousands of accounts spreading this news are being shadow-banned. Do your own research. The truth is out there but you have to look beyond the mainstream narrative. Forward this to everyone you know before censorship takes this down.,politics,2021-02-17
Elon Musk's Neuralink is secretly harvesting human thoughts,URGENT: Multiple credible insiders have independently verified that elon musk's neuralink is secretly harvesting human thoughts. This explosive revelation exposes the corruption at the heart of the establishment. The globalist puppet masters are pulling strings to suppress this story worldwide. Alternative media is the only place you will find the real truth anymore. Our founding fathers warned us about exactly this kind of tyranny. The time to wake up is NOW.,politics,2016-07-28
Doctors say sunscreen is poison pushed by Big Pharma,"According to unnamed sources close to the situation, what mainstream media won't tell you is that doctors say sunscreen is poison pushed by big pharma. Our trusted insider, who cannot be named for their safety, confirmed this shocking revelation. The government has been working overtime to suppress this information. Share before it gets deleted! Independent researchers have long suspected this but were silenced by the establishment. The evidence is overwhelming yet the lamestream media refuses to report it. Wake up sheeple!",News,2020-12-01
"Russia hacks US election server in real time, whistleblower says","According to unnamed sources close to the situation, what mainstream media won't tell you is that russia hacks us election server in real time, whistleblower says. Our trusted insider, who cannot be named for their safety, confirmed this shocking revelation. The government has been working overtime to suppress this information. Share before it gets deleted! Independent researchers have long suspected this but were silenced by the establishment. The evidence is overwhelming yet the lamestream media refuses to report it. Wake up sheeple!",worldnews,2017-10-24
Scientists confirm microplastics in vaccines used for population control,Whistleblowers inside the agency have come forward to confirm that scientists confirm microplastics in vaccines used for population control. The deep state operatives responsible for this crime are being protected at the highest levels of government. Patriotic citizens are urged to stand up and demand answers from their elected representatives. This is not a conspiracy theory — this is documented fact that they are hiding from the public. The truth will come out and when it does the globalists will have nowhere to run.,politicsNews,2021-09-11
Deep state agents infiltrated school boards across America,BREAKING — A leaked document obtained by this publication proves that deep state agents infiltrated school boards across america. Officials deny any knowledge of the situation but sources say otherwise. This is the story they don't want you to see. Thousands of accounts spreading this news are being shadow-banned. Do your own research. The truth is out there but you have to look beyond the mainstream narrative. Forward this to everyone you know before censorship takes this down.,Government News,2023-11-06
George Soros funding antifa to start civil war,"According to unnamed sources close to the situation, what mainstream media won't tell you is that george soros funding antifa to start civil war. Our trusted insider, who cannot be named for their safety, confirmed this shocking revelation. The government has been working overtime to suppress this information. Share before it gets deleted! Independent researchers have long suspected this but were silenced by the establishment. The evidence is overwhelming yet the lamestream media refuses to report it. Wake up sheeple!",politicsNews,2020-04-02
Secret tunnels under White House used for trafficking ring,"According to unnamed sources close to the situation, what mainstream media won't tell you is that secret tunnels under white house used for trafficking ring. Our trusted insider, who cannot be named for their safety, confirmed this shocking revelation. The government has been working overtime to suppress this information. Share before it gets deleted! Independent researchers have long suspected this but were silenced by the establishment. The evidence is overwhelming yet the lamestream media refuses to report it. Wake up sheeple!",News,2022-09-16
Obama planned to declare martial law before 2016 election,"According to unnamed sources close to the situation, what mainstream media won't tell you is that obama planned to declare martial law before 2016 election. Our trusted insider, who cannot be named for their safety, confirmed this shocking revelation. The government has been working overtime to suppress this information. Share before it gets deleted! Independent researchers have long suspected this but were silenced by the establishment. The evidence is overwhelming yet the lamestream media refuses to report it. Wake up sheeple!",News,2021-01-28
Deep state agents infiltrated school boards across America,Whistleblowers inside the agency have come forward to confirm that deep state agents infiltrated school boards across america. The deep state operatives responsible for this crime are being protected at the highest levels of government. Patriotic citizens are urged to stand up and demand answers from their elected representatives. This is not a conspiracy theory — this is documented fact that they are hiding from the public. The truth will come out and when it does the globalists will have nowhere to run.,politicsNews,2021-07-13
Leaked Pfizer documents reveal vaccine contains aborted fetal cells,An anonymous source with direct knowledge of the situation has confirmed that leaked pfizer documents reveal vaccine contains aborted fetal cells. The mainstream media cartel refuses to cover this bombshell story because they are complicit. Fact-checkers have already labeled this story as false — which is exactly what they do to hide truth. Real patriots already know the truth. The elite are running scared as this information goes viral. SHARE THIS NOW before Big Tech buries it! This is the information they are terrified of you knowing.,News,2018-08-23
Liberal elite planning to steal your guns using fake school shootings,Whistleblowers inside the agency have come forward to confirm that liberal elite planning to steal your guns using fake school shootings. The deep state operatives responsible for this crime are being protected at the highest levels of government. Patriotic citizens are urged to stand up and demand answers from their elected representatives. This is not a conspiracy theory — this is documented fact that they are hiding from the public. The truth will come out and when it does the globalists will have nowhere to run.,News,2017-12-14
Aliens have landed in Arizona and government is hiding the truth,An anonymous source with direct knowledge of the situation has confirmed that aliens have landed in arizona and government is hiding the truth. The mainstream media cartel refuses to cover this bombshell story because they are complicit. Fact-checkers have already labeled this story as false — which is exactly what they do to hide truth. Real patriots already know the truth. The elite are running scared as this information goes viral. SHARE THIS NOW before Big Tech buries it! This is the information they are terrified of you knowing.,worldnews,2020-06-04
Aliens have landed in Arizona and government is hiding the truth,Whistleblowers inside the agency have come forward to confirm that aliens have landed in arizona and government is hiding the truth. The deep state operatives responsible for this crime are being protected at the highest levels of government. Patriotic citizens are urged to stand up and demand answers from their elected representatives. This is not a conspiracy theory — this is documented fact that they are hiding from the public. The truth will come out and when it does the globalists will have nowhere to run.,News,2023-10-23
FDA approved poison in cereal brands given to children,BREAKING — A leaked document obtained by this publication proves that fda approved poison in cereal brands given to children. Officials deny any knowledge of the situation but sources say otherwise. This is the story they don't want you to see. Thousands of accounts spreading this news are being shadow-banned. Do your own research. The truth is out there but you have to look beyond the mainstream narrative. Forward this to everyone you know before censorship takes this down.,News,2023-01-24
"Russia hacks US election server in real time, whistleblower says","URGENT: Multiple credible insiders have independently verified that russia hacks us election server in real time, whistleblower says. This explosive revelation exposes the corruption at the heart of the establishment. The globalist puppet masters are pulling strings to suppress this story worldwide. Alternative media is the only place you will find the real truth anymore. Our founding fathers warned us about exactly this kind of tyranny. The time to wake up is NOW.",News,2016-02-22
Elites using Hollywood movies to program the public for agenda,An anonymous source with direct knowledge of the situation has confirmed that elites using hollywood movies to program the public for agenda. The mainstream media cartel refuses to cover this bombshell story because they are complicit. Fact-checkers have already labeled this story as false — which is exactly what they do to hide truth. Real patriots already know the truth. The elite are running scared as this information goes viral. SHARE THIS NOW before Big Tech buries it! This is the information they are terrified of you knowing.,politics,2018-01-05
Mainstream media blackout on earthquake weapon test over California,An anonymous source with direct knowledge of the situation has confirmed that mainstream media blackout on earthquake weapon test over california. The mainstream media cartel refuses to cover this bombshell story because they are complicit. Fact-checkers have already labeled this story as false — which is exactly what they do to hide truth. Real patriots already know the truth. The elite are running scared as this information goes viral. SHARE THIS NOW before Big Tech buries it! This is the information they are terrified of you knowing.,worldnews,2017-04-25
Deep state agents infiltrated school boards across America,Whistleblowers inside the agency have come forward to confirm that deep state agents infiltrated school boards across america. The deep state operatives responsible for this crime are being protected at the highest levels of government. Patriotic citizens are urged to stand up and demand answers from their elected representatives. This is not a conspiracy theory — this is documented fact that they are hiding from the public. The truth will come out and when it does the globalists will have nowhere to run.,left-news,2016-10-05
New 5G antenna towers secretly contain surveillance cameras,An anonymous source with direct knowledge of the situation has confirmed that new 5g antenna towers secretly contain surveillance cameras. The mainstream media cartel refuses to cover this bombshell story because they are complicit. Fact-checkers have already labeled this story as false — which is exactly what they do to hide truth. Real patriots already know the truth. The elite are running scared as this information goes viral. SHARE THIS NOW before Big Tech buries it! This is the information they are terrified of you knowing.,News,2023-02-19
George Soros funding antifa to start civil war,URGENT: Multiple credible insiders have independently verified that george soros funding antifa to start civil war. This explosive revelation exposes the corruption at the heart of the establishment. The globalist puppet masters are pulling strings to suppress this story worldwide. Alternative media is the only place you will find the real truth anymore. Our founding fathers warned us about exactly this kind of tyranny. The time to wake up is NOW.,left-news,2021-11-09
CIA admits using mainstream media to spread propaganda for decades,"According to unnamed sources close to the situation, what mainstream media won't tell you is that cia admits using mainstream media to spread propaganda for decades. Our trusted insider, who cannot be named for their safety, confirmed this shocking revelation. The government has been working overtime to suppress this information. Share before it gets deleted! Independent researchers have long suspected this but were silenced by the establishment. The evidence is overwhelming yet the lamestream media refuses to report it. Wake up sheeple!",Government News,2018-08-17
Hollywood elites caught performing satanic rituals in leaked video,URGENT: Multiple credible insiders have independently verified that hollywood elites caught performing satanic rituals in leaked video. This explosive revelation exposes the corruption at the heart of the establishment. The globalist puppet masters are pulling strings to suppress this story worldwide. Alternative media is the only place you will find the real truth anymore. Our founding fathers warned us about exactly this kind of tyranny. The time to wake up is NOW.,News,2020-12-15
Earthquake machine HAARP caused Turkey disaster on purpose,URGENT: Multiple credible insiders have independently verified that earthquake machine haarp caused turkey disaster on purpose. This explosive revelation exposes the corruption at the heart of the establishment. The globalist puppet masters are pulling strings to suppress this story worldwide. Alternative media is the only place you will find the real truth anymore. Our founding fathers warned us about exactly this kind of tyranny. The time to wake up is NOW.,Government News,2023-04-04
George Soros funding antifa to start civil war,"According to unnamed sources close to the situation, what mainstream media won't tell you is that george soros funding antifa to start civil war. Our trusted insider, who cannot be named for their safety, confirmed this shocking revelation. The government has been working overtime to suppress this information. Share before it gets deleted! Independent researchers have long suspected this but were silenced by the establishment. The evidence is overwhelming yet the lamestream media refuses to report it. Wake up sheeple!",worldnews,2023-02-26
New 5G antenna towers secretly contain surveillance cameras,Whistleblowers inside the agency have come forward to confirm that new 5g antenna towers secretly contain surveillance cameras. The deep state operatives responsible for this crime are being protected at the highest levels of government. Patriotic citizens are urged to stand up and demand answers from their elected representatives. This is not a conspiracy theory — this is documented fact that they are hiding from the public. The truth will come out and when it does the globalists will have nowhere to run.,Government News,2017-09-18
Q-Anon confirms deep state arrests imminent within 48 hours,Whistleblowers inside the agency have come forward to confirm that q-anon confirms deep state arrests imminent within 48 hours. The deep state operatives responsible for this crime are being protected at the highest levels of government. Patriotic citizens are urged to stand up and demand answers from their elected representatives. This is not a conspiracy theory — this is documented fact that they are hiding from the public. The truth will come out and when it does the globalists will have nowhere to run.,Government News,2018-06-17
New study shows masks cause more deaths than COVID itself,"According to unnamed sources close to the situation, what mainstream media won't tell you is that new study shows masks cause more deaths than covid itself. Our trusted insider, who cannot be named for their safety, confirmed this shocking revelation. The government has been working overtime to suppress this information. Share before it gets deleted! Independent researchers have long suspected this but were silenced by the establishment. The evidence is overwhelming yet the lamestream media refuses to report it. Wake up sheeple!",worldnews,2019-08-01
Big Pharma suppressing cancer cure for decades to make profits,URGENT: Multiple credible insiders have independently verified that big pharma suppressing cancer cure for decades to make profits. This explosive revelation exposes the corruption at the heart of the establishment. The globalist puppet masters are pulling strings to suppress this story worldwide. Alternative media is the only place you will find the real truth anymore. Our founding fathers warned us about exactly this kind of tyranny. The time to wake up is NOW.,News,2023-09-05
Covid-19 created in lab to usher in Great Reset admits Nobel scientist,"According to unnamed sources close to the situation, what mainstream media won't tell you is that covid-19 created in lab to usher in great reset admits nobel scientist. Our trusted insider, who cannot be named for their safety, confirmed this shocking revelation. The government has been working overtime to suppress this information. Share before it gets deleted! Independent researchers have long suspected this but were silenced by the establishment. The evidence is overwhelming yet the lamestream media refuses to report it. Wake up sheeple!",News,2022-12-24
Doctors say sunscreen is poison pushed by Big Pharma,URGENT: Multiple credible insiders have independently verified that doctors say sunscreen is poison pushed by big pharma. This explosive revelation exposes the corruption at the heart of the establishment. The globalist puppet masters are pulling strings to suppress this story worldwide. Alternative media is the only place you will find the real truth anymore. Our founding fathers warned us about exactly this kind of tyranny. The time to wake up is NOW.,left-news,2017-03-11
Deep state agents infiltrated school boards across America,"According to unnamed sources close to the situation, what mainstream media won't tell you is that deep state agents infiltrated school boards across america. Our trusted insider, who cannot be named for their safety, confirmed this shocking revelation. The government has been working overtime to suppress this information. Share before it gets deleted! Independent researchers have long suspected this but were silenced by the establishment. The evidence is overwhelming yet the lamestream media refuses to report it. Wake up sheeple!",left-news,2021-03-27
Elite bankers using cryptocurrency to crash global economy on purpose,URGENT: Multiple credible insiders have independently verified that elite bankers using cryptocurrency to crash global economy on purpose. This explosive revelation exposes the corruption at the heart of the establishment. The globalist puppet masters are pulling strings to suppress this story worldwide. Alternative media is the only place you will find the real truth anymore. Our founding fathers warned us about exactly this kind of tyranny. The time to wake up is NOW.,worldnews,2018-07-17
NASA fakes moon landing — leaked documents prove hoax,"According to unnamed sources close to the situation, what mainstream media won't tell you is that nasa fakes moon landing — leaked documents prove hoax. Our trusted insider, who cannot be named for their safety, confirmed this shocking revelation. The government has been working overtime to suppress this information. Share before it gets deleted! Independent researchers have long suspected this but were silenced by the establishment. The evidence is overwhelming yet the lamestream media refuses to report it. Wake up sheeple!",worldnews,2020-03-06
EXCLUSIVE: White House chef reveals president has dementia,BREAKING — A leaked document obtained by this publication proves that exclusive: white house chef reveals president has dementia. Officials deny any knowledge of the situation but sources say otherwise. This is the story they don't want you to see. Thousands of accounts spreading this news are being shadow-banned. Do your own research. The truth is out there but you have to look beyond the mainstream narrative. Forward this to everyone you know before censorship takes this down.,politics,2020-02-09
Secret tunnels under White House used for trafficking ring,URGENT: Multiple credible insiders have independently verified that secret tunnels under white house used for trafficking ring. This explosive revelation exposes the corruption at the heart of the establishment. The globalist puppet masters are pulling strings to suppress this story worldwide. Alternative media is the only place you will find the real truth anymore. Our founding fathers warned us about exactly this kind of tyranny. The time to wake up is NOW.,worldnews,2020-10-18
Aliens have landed in Arizona and government is hiding the truth,URGENT: Multiple credible insiders have independently verified that aliens have landed in arizona and government is hiding the truth. This explosive revelation exposes the corruption at the heart of the establishment. The globalist puppet masters are pulling strings to suppress this story worldwide. Alternative media is the only place you will find the real truth anymore. Our founding fathers warned us about exactly this kind of tyranny. The time to wake up is NOW.,politics,2018-03-22
Covid-19 created in lab to usher in Great Reset admits Nobel scientist,URGENT: Multiple credible insiders have independently verified that covid-19 created in lab to usher in great reset admits nobel scientist. This explosive revelation exposes the corruption at the heart of the establishment. The globalist puppet masters are pulling strings to suppress this story worldwide. Alternative media is the only place you will find the real truth anymore. Our founding fathers warned us about exactly this kind of tyranny. The time to wake up is NOW.,politics,2016-01-03
Bill Gates plans to microchip every human through COVID vaccine,URGENT: Multiple credible insiders have independently verified that bill gates plans to microchip every human through covid vaccine. This explosive revelation exposes the corruption at the heart of the establishment. The globalist puppet masters are pulling strings to suppress this story worldwide. Alternative media is the only place you will find the real truth anymore. Our founding fathers warned us about exactly this kind of tyranny. The time to wake up is NOW.,Government News,2019-10-14
Covid-19 created in lab to usher in Great Reset admits Nobel scientist,"According to unnamed sources close to the situation, what mainstream media won't tell you is that covid-19 created in lab to usher in great reset admits nobel scientist. Our trusted insider, who cannot be named for their safety, confirmed this shocking revelation. The government has been working overtime to suppress this information. Share before it gets deleted! Independent researchers have long suspected this but were silenced by the establishment. The evidence is overwhelming yet the lamestream media refuses to report it. Wake up sheeple!",Government News,2020-11-10
Doctors say sunscreen is poison pushed by Big Pharma,BREAKING — A leaked document obtained by this publication proves that doctors say sunscreen is poison pushed by big pharma. Officials deny any knowledge of the situation but sources say otherwise. This is the story they don't want you to see. Thousands of accounts spreading this news are being shadow-banned. Do your own research. The truth is out there but you have to look beyond the mainstream narrative. Forward this to everyone you know before censorship takes this down.,News,2023-02-23
NASA fakes moon landing — leaked documents prove hoax,BREAKING — A leaked document obtained by this publication proves that nasa fakes moon landing — leaked documents prove hoax. Officials deny any knowledge of the situation but sources say otherwise. This is the story they don't want you to see. Thousands of accounts spreading this news are being shadow-banned. Do your own research. The truth is out there but you have to look beyond the mainstream narrative. Forward this to everyone you know before censorship takes this down.,left-news,2023-08-07
Breaking: Major city water supply contaminated with mind-altering drug,URGENT: Multiple credible insiders have independently verified that breaking: major city water supply contaminated with mind-altering drug. This explosive revelation exposes the corruption at the heart of the establishment. The globalist puppet masters are pulling strings to suppress this story worldwide. Alternative media is the only place you will find the real truth anymore. Our founding fathers warned us about exactly this kind of tyranny. The time to wake up is NOW.,News,2021-12-28
"Russia hacks US election server in real time, whistleblower says","An anonymous source with direct knowledge of the situation has confirmed that russia hacks us election server in real time, whistleblower says. The mainstream media cartel refuses to cover this bombshell story because they are complicit. Fact-checkers have already labeled this story as false — which is exactly what they do to hide truth. Real patriots already know the truth. The elite are running scared as this information goes viral. SHARE THIS NOW before Big Tech buries it! This is the information they are terrified of you knowing.",News,2017-06-08
"Economy about to collapse, insiders moving gold to bunkers","According to unnamed sources close to the situation, what mainstream media won't tell you is that economy about to collapse, insiders moving gold to bunkers. Our trusted insider, who cannot be named for their safety, confirmed this shocking revelation. The government has been working overtime to suppress this information. Share before it gets deleted! Independent researchers have long suspected this but were silenced by the establishment. The evidence is overwhelming yet the lamestream media refuses to report it. Wake up sheeple!",left-news,2019-03-04
NASA fakes moon landing — leaked documents prove hoax,Whistleblowers inside the agency have come forward to confirm that nasa fakes moon landing — leaked documents prove hoax. The deep state operatives responsible for this crime are being protected at the highest levels of government. Patriotic citizens are urged to stand up and demand answers from their elected representatives. This is not a conspiracy theory — this is documented fact that they are hiding from the public. The truth will come out and when it does the globalists will have nowhere to run.,politics,2022-04-28
Doctors confirm COVID-19 vaccine turns people magnetic,Whistleblowers inside the agency have come forward to confirm that doctors confirm covid-19 vaccine turns people magnetic. The deep state operatives responsible for this crime are being protected at the highest levels of government. Patriotic citizens are urged to stand up and demand answers from their elected representatives. This is not a conspiracy theory — this is documented fact that they are hiding from the public. The truth will come out and when it does the globalists will have nowhere to run.,Government News,2021-04-25
Doctors confirm COVID-19 vaccine turns people magnetic,An anonymous source with direct knowledge of the situation has confirmed that doctors confirm covid-19 vaccine turns people magnetic. The mainstream media cartel refuses to cover this bombshell story because they are complicit. Fact-checkers have already labeled this story as false — which is exactly what they do to hide truth. Real patriots already know the truth. The elite are running scared as this information goes viral. SHARE THIS NOW before Big Tech buries it! This is the information they are terrified of you knowing.,left-news,2023-05-16
Government admits to spraying chemtrails to control population,"According to unnamed sources close to the situation, what mainstream media won't tell you is that government admits to spraying chemtrails to control population. Our trusted insider, who cannot be named for their safety, confirmed this shocking revelation. The government has been working overtime to suppress this information. Share before it gets deleted! Independent researchers have long suspected this but were silenced by the establishment. The evidence is overwhelming yet the lamestream media refuses to report it. Wake up sheeple!",politics,2023-04-07
George Soros caught funding mass migration to destroy Western culture,Whistleblowers inside the agency have come forward to confirm that george soros caught funding mass migration to destroy western culture. The deep state operatives responsible for this crime are being protected at the highest levels of government. Patriotic citizens are urged to stand up and demand answers from their elected representatives. This is not a conspiracy theory — this is documented fact that they are hiding from the public. The truth will come out and when it does the globalists will have nowhere to run.,politicsNews,2020-08-20
Deep state agents infiltrated school boards across America,An anonymous source with direct knowledge of the situation has confirmed that deep state agents infiltrated school boards across america. The mainstream media cartel refuses to cover this bombshell story because they are complicit. Fact-checkers have already labeled this story as false — which is exactly what they do to hide truth. Real patriots already know the truth. The elite are running scared as this information goes viral. SHARE THIS NOW before Big Tech buries it! This is the information they are terrified of you knowing.,politics,2016-02-14
George Soros funding antifa to start civil war,Whistleblowers inside the agency have come forward to confirm that george soros funding antifa to start civil war. The deep state operatives responsible for this crime are being protected at the highest levels of government. Patriotic citizens are urged to stand up and demand answers from their elected representatives. This is not a conspiracy theory — this is documented fact that they are hiding from the public. The truth will come out and when it does the globalists will have nowhere to run.,left-news,2021-01-13
NASA fakes moon landing — leaked documents prove hoax,URGENT: Multiple credible insiders have independently verified that nasa fakes moon landing — leaked documents prove hoax. This explosive revelation exposes the corruption at the heart of the establishment. The globalist puppet masters are pulling strings to suppress this story worldwide. Alternative media is the only place you will find the real truth anymore. Our founding fathers warned us about exactly this kind of tyranny. The time to wake up is NOW.,worldnews,2021-09-10
Pope Francis secretly endorses presidential candidate,An anonymous source with direct knowledge of the situation has confirmed that pope francis secretly endorses presidential candidate. The mainstream media cartel refuses to cover this bombshell story because they are complicit. Fact-checkers have already labeled this story as false — which is exactly what they do to hide truth. Real patriots already know the truth. The elite are running scared as this information goes viral. SHARE THIS NOW before Big Tech buries it! This is the information they are terrified of you knowing.,left-news,2020-10-22
Covid-19 created in lab to usher in Great Reset admits Nobel scientist,"According to unnamed sources close to the situation, what mainstream media won't tell you is that covid-19 created in lab to usher in great reset admits nobel scientist. Our trusted insider, who cannot be named for their safety, confirmed this shocking revelation. The government has been working overtime to suppress this information. Share before it gets deleted! Independent researchers have long suspected this but were silenced by the establishment. The evidence is overwhelming yet the lamestream media refuses to report it. Wake up sheeple!",politicsNews,2022-06-26
Breaking: Major city water supply contaminated with mind-altering drug,URGENT: Multiple credible insiders have independently verified that breaking: major city water supply contaminated with mind-altering drug. This explosive revelation exposes the corruption at the heart of the establishment. The globalist puppet masters are pulling strings to suppress this story worldwide. Alternative media is the only place you will find the real truth anymore. Our founding fathers warned us about exactly this kind of tyranny. The time to wake up is NOW.,worldnews,2019-10-17
"UN planning to ban meat, force citizens to eat insects by 2030","URGENT: Multiple credible insiders have independently verified that un planning to ban meat, force citizens to eat insects by 2030. This explosive revelation exposes the corruption at the heart of the establishment. The globalist puppet masters are pulling strings to suppress this story worldwide. Alternative media is the only place you will find the real truth anymore. Our founding fathers warned us about exactly this kind of tyranny. The time to wake up is NOW.",politicsNews,2016-03-23
Breaking: Major city water supply contaminated with mind-altering drug,An anonymous source with direct knowledge of the situation has confirmed that breaking: major city water supply contaminated with mind-altering drug. The mainstream media cartel refuses to cover this bombshell story because they are complicit. Fact-checkers have already labeled this story as false — which is exactly what they do to hide truth. Real patriots already know the truth. The elite are running scared as this information goes viral. SHARE THIS NOW before Big Tech buries it! This is the information they are terrified of you knowing.,left-news,2018-10-17
George Soros funding antifa to start civil war,Whistleblowers inside the agency have come forward to confirm that george soros funding antifa to start civil war. The deep state operatives responsible for this crime are being protected at the highest levels of government. Patriotic citizens are urged to stand up and demand answers from their elected representatives. This is not a conspiracy theory — this is documented fact that they are hiding from the public. The truth will come out and when it does the globalists will have nowhere to run.,News,2018-07-20
Leaked Pfizer documents reveal vaccine contains aborted fetal cells,Whistleblowers inside the agency have come forward to confirm that leaked pfizer documents reveal vaccine contains aborted fetal cells. The deep state operatives responsible for this crime are being protected at the highest levels of government. Patriotic citizens are urged to stand up and demand answers from their elected representatives. This is not a conspiracy theory — this is documented fact that they are hiding from the public. The truth will come out and when it does the globalists will have nowhere to run.,News,2023-12-19
Epstein alive in witness protection says anonymous FBI source,An anonymous source with direct knowledge of the situation has confirmed that epstein alive in witness protection says anonymous fbi source. The mainstream media cartel refuses to cover this bombshell story because they are complicit. Fact-checkers have already labeled this story as false — which is exactly what they do to hide truth. Real patriots already know the truth. The elite are running scared as this information goes viral. SHARE THIS NOW before Big Tech buries it! This is the information they are terrified of you knowing.,News,2021-11-04
Walmart tunnels are FEMA concentration camps for American citizens,URGENT: Multiple credible insiders have independently verified that walmart tunnels are fema concentration camps for american citizens. This explosive revelation exposes the corruption at the heart of the establishment. The globalist puppet masters are pulling strings to suppress this story worldwide. Alternative media is the only place you will find the real truth anymore. Our founding fathers warned us about exactly this kind of tyranny. The time to wake up is NOW.,Government News,2016-10-16
Obama planned to declare martial law before 2016 election,URGENT: Multiple credible insiders have independently verified that obama planned to declare martial law before 2016 election. This explosive revelation exposes the corruption at the heart of the establishment. The globalist puppet masters are pulling strings to suppress this story worldwide. Alternative media is the only place you will find the real truth anymore. Our founding fathers warned us about exactly this kind of tyranny. The time to wake up is NOW.,worldnews,2016-10-16
Doctors confirm COVID-19 vaccine turns people magnetic,URGENT: Multiple credible insiders have independently verified that doctors confirm covid-19 vaccine turns people magnetic. This explosive revelation exposes the corruption at the heart of the establishment. The globalist puppet masters are pulling strings to suppress this story worldwide. Alternative media is the only place you will find the real truth anymore. Our founding fathers warned us about exactly this kind of tyranny. The time to wake up is NOW.,left-news,2018-11-08
Bill Gates plans to microchip every human through COVID vaccine,URGENT: Multiple credible insiders have independently verified that bill gates plans to microchip every human through covid vaccine. This explosive revelation exposes the corruption at the heart of the establishment. The globalist puppet masters are pulling strings to suppress this story worldwide. Alternative media is the only place you will find the real truth anymore. Our founding fathers warned us about exactly this kind of tyranny. The time to wake up is NOW.,worldnews,2016-08-11
Walmart tunnels are FEMA concentration camps for American citizens,BREAKING — A leaked document obtained by this publication proves that walmart tunnels are fema concentration camps for american citizens. Officials deny any knowledge of the situation but sources say otherwise. This is the story they don't want you to see. Thousands of accounts spreading this news are being shadow-banned. Do your own research. The truth is out there but you have to look beyond the mainstream narrative. Forward this to everyone you know before censorship takes this down.,Government News,2019-07-17
Elite bankers using cryptocurrency to crash global economy on purpose,URGENT: Multiple credible insiders have independently verified that elite bankers using cryptocurrency to crash global economy on purpose. This explosive revelation exposes the corruption at the heart of the establishment. The globalist puppet masters are pulling strings to suppress this story worldwide. Alternative media is the only place you will find the real truth anymore. Our founding fathers warned us about exactly this kind of tyranny. The time to wake up is NOW.,Government News,2016-12-05
Chemotherapy cures nothing — industry invented it to steal your money,BREAKING — A leaked document obtained by this publication proves that chemotherapy cures nothing — industry invented it to steal your money. Officials deny any knowledge of the situation but sources say otherwise. This is the story they don't want you to see. Thousands of accounts spreading this news are being shadow-banned. Do your own research. The truth is out there but you have to look beyond the mainstream narrative. Forward this to everyone you know before censorship takes this down.,News,2023-09-13
EXCLUSIVE: White House chef reveals president has dementia,BREAKING — A leaked document obtained by this publication proves that exclusive: white house chef reveals president has dementia. Officials deny any knowledge of the situation but sources say otherwise. This is the story they don't want you to see. Thousands of accounts spreading this news are being shadow-banned. Do your own research. The truth is out there but you have to look beyond the mainstream narrative. Forward this to everyone you know before censorship takes this down.,politics,2021-09-12
New 5G antenna towers secretly contain surveillance cameras,Whistleblowers inside the agency have come forward to confirm that new 5g antenna towers secretly contain surveillance cameras. The deep state operatives responsible for this crime are being protected at the highest levels of government. Patriotic citizens are urged to stand up and demand answers from their elected representatives. This is not a conspiracy theory — this is documented fact that they are hiding from the public. The truth will come out and when it does the globalists will have nowhere to run.,left-news,2019-04-09
World leaders filmed at satanic ritual at Bohemian Grove,Whistleblowers inside the agency have come forward to confirm that world leaders filmed at satanic ritual at bohemian grove. The deep state operatives responsible for this crime are being protected at the highest levels of government. Patriotic citizens are urged to stand up and demand answers from their elected representatives. This is not a conspiracy theory — this is documented fact that they are hiding from the public. The truth will come out and when it does the globalists will have nowhere to run.,News,2020-12-07
Bill Clinton admits moon landing staged to win space race,An anonymous source with direct knowledge of the situation has confirmed that bill clinton admits moon landing staged to win space race. The mainstream media cartel refuses to cover this bombshell story because they are complicit. Fact-checkers have already labeled this story as false — which is exactly what they do to hide truth. Real patriots already know the truth. The elite are running scared as this information goes viral. SHARE THIS NOW before Big Tech buries it! This is the information they are terrified of you knowing.,left-news,2021-09-26
World Economic Forum plans to abolish private property by 2030,Whistleblowers inside the agency have come forward to confirm that world economic forum plans to abolish private property by 2030. The deep state operatives responsible for this crime are being protected at the highest levels of government. Patriotic citizens are urged to stand up and demand answers from their elected representatives. This is not a conspiracy theory — this is documented fact that they are hiding from the public. The truth will come out and when it does the globalists will have nowhere to run.,politicsNews,2022-07-27
"Russia hacks US election server in real time, whistleblower says","BREAKING — A leaked document obtained by this publication proves that russia hacks us election server in real time, whistleblower says. Officials deny any knowledge of the situation but sources say otherwise. This is the story they don't want you to see. Thousands of accounts spreading this news are being shadow-banned. Do your own research. The truth is out there but you have to look beyond the mainstream narrative. Forward this to everyone you know before censorship takes this down.",politicsNews,2020-12-03
"Russia hacks US election server in real time, whistleblower says","An anonymous source with direct knowledge of the situation has confirmed that russia hacks us election server in real time, whistleblower says. The mainstream media cartel refuses to cover this bombshell story because they are complicit. Fact-checkers have already labeled this story as false — which is exactly what they do to hide truth. Real patriots already know the truth. The elite are running scared as this information goes viral. SHARE THIS NOW before Big Tech buries it! This is the information they are terrified of you knowing.",Government News,2023-04-07
Elon Musk's Neuralink is secretly harvesting human thoughts,Whistleblowers inside the agency have come forward to confirm that elon musk's neuralink is secretly harvesting human thoughts. The deep state operatives responsible for this crime are being protected at the highest levels of government. Patriotic citizens are urged to stand up and demand answers from their elected representatives. This is not a conspiracy theory — this is documented fact that they are hiding from the public. The truth will come out and when it does the globalists will have nowhere to run.,Government News,2020-03-04
Covid-19 created in lab to usher in Great Reset admits Nobel scientist,URGENT: Multiple credible insiders have independently verified that covid-19 created in lab to usher in great reset admits nobel scientist. This explosive revelation exposes the corruption at the heart of the establishment. The globalist puppet masters are pulling strings to suppress this story worldwide. Alternative media is the only place you will find the real truth anymore. Our founding fathers warned us about exactly this kind of tyranny. The time to wake up is NOW.,worldnews,2016-11-17
New study shows masks cause more deaths than COVID itself,BREAKING — A leaked document obtained by this publication proves that new study shows masks cause more deaths than covid itself. Officials deny any knowledge of the situation but sources say otherwise. This is the story they don't want you to see. Thousands of accounts spreading this news are being shadow-banned. Do your own research. The truth is out there but you have to look beyond the mainstream narrative. Forward this to everyone you know before censorship takes this down.,politicsNews,2022-06-23
Doctors say sunscreen is poison pushed by Big Pharma,"According to unnamed sources close to the situation, what mainstream media won't tell you is that doctors say sunscreen is poison pushed by big pharma. Our trusted insider, who cannot be named for their safety, confirmed this shocking revelation. The government has been working overtime to suppress this information. Share before it gets deleted! Independent researchers have long suspected this but were silenced by the establishment. The evidence is overwhelming yet the lamestream media refuses to report it. Wake up sheeple!",politicsNews,2018-07-21
Doctors say sunscreen is poison pushed by Big Pharma,An anonymous source with direct knowledge of the situation has confirmed that doctors say sunscreen is poison pushed by big pharma. The mainstream media cartel refuses to cover this bombshell story because they are complicit. Fact-checkers have already labeled this story as false — which is exactly what they do to hide truth. Real patriots already know the truth. The elite are running scared as this information goes viral. SHARE THIS NOW before Big Tech buries it! This is the information they are terrified of you knowing.,News,2021-05-21
NASA fakes moon landing — leaked documents prove hoax,"According to unnamed sources close to the situation, what mainstream media won't tell you is that nasa fakes moon landing — leaked documents prove hoax. Our trusted insider, who cannot be named for their safety, confirmed this shocking revelation. The government has been working overtime to suppress this information. Share before it gets deleted! Independent researchers have long suspected this but were silenced by the establishment. The evidence is overwhelming yet the lamestream media refuses to report it. Wake up sheeple!",worldnews,2016-03-14
Pentagon UFO footage shows alien crafts over Washington DC,"According to unnamed sources close to the situation, what mainstream media won't tell you is that pentagon ufo footage shows alien crafts over washington dc. Our trusted insider, who cannot be named for their safety, confirmed this shocking revelation. The government has been working overtime to suppress this information. Share before it gets deleted! Independent researchers have long suspected this but were silenced by the establishment. The evidence is overwhelming yet the lamestream media refuses to report it. Wake up sheeple!",left-news,2018-12-28
Q-Anon confirms deep state arrests imminent within 48 hours,"According to unnamed sources close to the situation, what mainstream media won't tell you is that q-anon confirms deep state arrests imminent within 48 hours. Our trusted insider, who cannot be named for their safety, confirmed this shocking revelation. The government has been working overtime to suppress this information. Share before it gets deleted! Independent researchers have long suspected this but were silenced by the establishment. The evidence is overwhelming yet the lamestream media refuses to report it. Wake up sheeple!",News,2017-06-10
"Economy about to collapse, insiders moving gold to bunkers","URGENT: Multiple credible insiders have independently verified that economy about to collapse, insiders moving gold to bunkers. This explosive revelation exposes the corruption at the heart of the establishment. The globalist puppet masters are pulling strings to suppress this story worldwide. Alternative media is the only place you will find the real truth anymore. Our founding fathers warned us about exactly this kind of tyranny. The time to wake up is NOW.",left-news,2018-09-15
Rockefellers paid scientists to invent climate change hoax,BREAKING — A leaked document obtained by this publication proves that rockefellers paid scientists to invent climate change hoax. Officials deny any knowledge of the situation but sources say otherwise. This is the story they don't want you to see. Thousands of accounts spreading this news are being shadow-banned. Do your own research. The truth is out there but you have to look beyond the mainstream narrative. Forward this to everyone you know before censorship takes this down.,News,2018-12-15
Deep state agents infiltrated school boards across America,Whistleblowers inside the agency have come forward to confirm that deep state agents infiltrated school boards across america. The deep state operatives responsible for this crime are being protected at the highest levels of government. Patriotic citizens are urged to stand up and demand answers from their elected representatives. This is not a conspiracy theory — this is documented fact that they are hiding from the public. The truth will come out and when it does the globalists will have nowhere to run.,politicsNews,2021-05-19
New 5G antenna towers secretly contain surveillance cameras,BREAKING — A leaked document obtained by this publication proves that new 5g antenna towers secretly contain surveillance cameras. Officials deny any knowledge of the situation but sources say otherwise. This is the story they don't want you to see. Thousands of accounts spreading this news are being shadow-banned. Do your own research. The truth is out there but you have to look beyond the mainstream narrative. Forward this to everyone you know before censorship takes this down.,politics,2022-07-17
EXCLUSIVE: White House chef reveals president has dementia,"According to unnamed sources close to the situation, what mainstream media won't tell you is that exclusive: white house chef reveals president has dementia. Our trusted insider, who cannot be named for their safety, confirmed this shocking revelation. The government has been working overtime to suppress this information. Share before it gets deleted! Independent researchers have long suspected this but were silenced by the establishment. The evidence is overwhelming yet the lamestream media refuses to report it. Wake up sheeple!",Government News,2017-03-05
Doctors say sunscreen is poison pushed by Big Pharma,Whistleblowers inside the agency have come forward to confirm that doctors say sunscreen is poison pushed by big pharma. The deep state operatives responsible for this crime are being protected at the highest levels of government. Patriotic citizens are urged to stand up and demand answers from their elected representatives. This is not a conspiracy theory — this is documented fact that they are hiding from the public. The truth will come out and when it does the globalists will have nowhere to run.,politicsNews,2020-07-08
Prince Harry reveals royal family are shapeshifting reptilians,Whistleblowers inside the agency have come forward to confirm that prince harry reveals royal family are shapeshifting reptilians. The deep state operatives responsible for this crime are being protected at the highest levels of government. Patriotic citizens are urged to stand up and demand answers from their elected representatives. This is not a conspiracy theory — this is documented fact that they are hiding from the public. The truth will come out and when it does the globalists will have nowhere to run.,News,2016-05-21
Big Pharma suppressing cancer cure for decades to make profits,BREAKING — A leaked document obtained by this publication proves that big pharma suppressing cancer cure for decades to make profits. Officials deny any knowledge of the situation but sources say otherwise. This is the story they don't want you to see. Thousands of accounts spreading this news are being shadow-banned. Do your own research. The truth is out there but you have to look beyond the mainstream narrative. Forward this to everyone you know before censorship takes this down.,Government News,2017-08-10
Doctors confirm COVID-19 vaccine turns people magnetic,An anonymous source with direct knowledge of the situation has confirmed that doctors confirm covid-19 vaccine turns people magnetic. The mainstream media cartel refuses to cover this bombshell story because they are complicit. Fact-checkers have already labeled this story as false — which is exactly what they do to hide truth. Real patriots already know the truth. The elite are running scared as this information goes viral. SHARE THIS NOW before Big Tech buries it! This is the information they are terrified of you knowing.,Government News,2020-12-04
Elites using Hollywood movies to program the public for agenda,Whistleblowers inside the agency have come forward to confirm that elites using hollywood movies to program the public for agenda. The deep state operatives responsible for this crime are being protected at the highest levels of government. Patriotic citizens are urged to stand up and demand answers from their elected representatives. This is not a conspiracy theory — this is documented fact that they are hiding from the public. The truth will come out and when it does the globalists will have nowhere to run.,politics,2019-04-05
Doctors say sunscreen is poison pushed by Big Pharma,BREAKING — A leaked document obtained by this publication proves that doctors say sunscreen is poison pushed by big pharma. Officials deny any knowledge of the situation but sources say otherwise. This is the story they don't want you to see. Thousands of accounts spreading this news are being shadow-banned. Do your own research. The truth is out there but you have to look beyond the mainstream narrative. Forward this to everyone you know before censorship takes this down.,Government News,2021-07-23
World leaders filmed at satanic ritual at Bohemian Grove,An anonymous source with direct knowledge of the situation has confirmed that world leaders filmed at satanic ritual at bohemian grove. The mainstream media cartel refuses to cover this bombshell story because they are complicit. Fact-checkers have already labeled this story as false — which is exactly what they do to hide truth. Real patriots already know the truth. The elite are running scared as this information goes viral. SHARE THIS NOW before Big Tech buries it! This is the information they are terrified of you knowing.,Government News,2019-04-22
Scientists confirm microplastics in vaccines used for population control,URGENT: Multiple credible insiders have independently verified that scientists confirm microplastics in vaccines used for population control. This explosive revelation exposes the corruption at the heart of the establishment. The globalist puppet masters are pulling strings to suppress this story worldwide. Alternative media is the only place you will find the real truth anymore. Our founding fathers warned us about exactly this kind of tyranny. The time to wake up is NOW.,politics,2023-09-23
Big Pharma suppressing cancer cure for decades to make profits,"According to unnamed sources close to the situation, what mainstream media won't tell you is that big pharma suppressing cancer cure for decades to make profits. Our trusted insider, who cannot be named for their safety, confirmed this shocking revelation. The government has been working overtime to suppress this information. Share before it gets deleted! Independent researchers have long suspected this but were silenced by the establishment. The evidence is overwhelming yet the lamestream media refuses to report it. Wake up sheeple!",politicsNews,2016-09-17
Secret tunnels under White House used for trafficking ring,URGENT: Multiple credible insiders have independently verified that secret tunnels under white house used for trafficking ring. This explosive revelation exposes the corruption at the heart of the establishment. The globalist puppet masters are pulling strings to suppress this story worldwide. Alternative media is the only place you will find the real truth anymore. Our founding fathers warned us about exactly this kind of tyranny. The time to wake up is NOW.,worldnews,2018-06-28
Chemotherapy cures nothing — industry invented it to steal your money,An anonymous source with direct knowledge of the situation has confirmed that chemotherapy cures nothing — industry invented it to steal your money. The mainstream media cartel refuses to cover this bombshell story because they are complicit. Fact-checkers have already labeled this story as false — which is exactly what they do to hide truth. Real patriots already know the truth. The elite are running scared as this information goes viral. SHARE THIS NOW before Big Tech buries it! This is the information they are terrified of you knowing.,Government News,2019-12-19
Liberal elite planning to steal your guns using fake school shootings,"According to unnamed sources close to the situation, what mainstream media won't tell you is that liberal elite planning to steal your guns using fake school shootings. Our trusted insider, who cannot be named for their safety, confirmed this shocking revelation. The government has been working overtime to suppress this information. Share before it gets deleted! Independent researchers have long suspected this but were silenced by the establishment. The evidence is overwhelming yet the lamestream media refuses to report it. Wake up sheeple!",left-news,2016-08-05
Hidden camera shows politicians admitting climate change is a hoax,An anonymous source with direct knowledge of the situation has confirmed that hidden camera shows politicians admitting climate change is a hoax. The mainstream media cartel refuses to cover this bombshell story because they are complicit. Fact-checkers have already labeled this story as false — which is exactly what they do to hide truth. Real patriots already know the truth. The elite are running scared as this information goes viral. SHARE THIS NOW before Big Tech buries it! This is the information they are terrified of you knowing.,politics,2016-09-15
New 5G antenna towers secretly contain surveillance cameras,Whistleblowers inside the agency have come forward to confirm that new 5g antenna towers secretly contain surveillance cameras. The deep state operatives responsible for this crime are being protected at the highest levels of government. Patriotic citizens are urged to stand up and demand answers from their elected representatives. This is not a conspiracy theory — this is documented fact that they are hiding from the public. The truth will come out and when it does the globalists will have nowhere to run.,left-news,2020-01-24
Earthquake machine HAARP caused Turkey disaster on purpose,URGENT: Multiple credible insiders have independently verified that earthquake machine haarp caused turkey disaster on purpose. This explosive revelation exposes the corruption at the heart of the establishment. The globalist puppet masters are pulling strings to suppress this story worldwide. Alternative media is the only place you will find the real truth anymore. Our founding fathers warned us about exactly this kind of tyranny. The time to wake up is NOW.,politicsNews,2022-06-23
Pope Francis secretly endorses presidential candidate,URGENT: Multiple credible insiders have independently verified that pope francis secretly endorses presidential candidate. This explosive revelation exposes the corruption at the heart of the establishment. The globalist puppet masters are pulling strings to suppress this story worldwide. Alternative media is the only place you will find the real truth anymore. Our founding fathers warned us about exactly this kind of tyranny. The time to wake up is NOW.,politicsNews,2023-01-10
Walmart tunnels are FEMA concentration camps for American citizens,BREAKING — A leaked document obtained by this publication proves that walmart tunnels are fema concentration camps for american citizens. Officials deny any knowledge of the situation but sources say otherwise. This is the story they don't want you to see. Thousands of accounts spreading this news are being shadow-banned. Do your own research. The truth is out there but you have to look beyond the mainstream narrative. Forward this to everyone you know before censorship takes this down.,Government News,2022-06-13
Prince Harry reveals royal family are shapeshifting reptilians,An anonymous source with direct knowledge of the situation has confirmed that prince harry reveals royal family are shapeshifting reptilians. The mainstream media cartel refuses to cover this bombshell story because they are complicit. Fact-checkers have already labeled this story as false — which is exactly what they do to hide truth. Real patriots already know the truth. The elite are running scared as this information goes viral. SHARE THIS NOW before Big Tech buries it! This is the information they are terrified of you knowing.,politicsNews,2018-11-28
"Russia hacks US election server in real time, whistleblower says","According to unnamed sources close to the situation, what mainstream media won't tell you is that russia hacks us election server in real time, whistleblower says. Our trusted insider, who cannot be named for their safety, confirmed this shocking revelation. The government has been working overtime to suppress this information. Share before it gets deleted! Independent researchers have long suspected this but were silenced by the establishment. The evidence is overwhelming yet the lamestream media refuses to report it. Wake up sheeple!",politics,2022-09-05
World Economic Forum plans to abolish private property by 2030,BREAKING — A leaked document obtained by this publication proves that world economic forum plans to abolish private property by 2030. Officials deny any knowledge of the situation but sources say otherwise. This is the story they don't want you to see. Thousands of accounts spreading this news are being shadow-banned. Do your own research. The truth is out there but you have to look beyond the mainstream narrative. Forward this to everyone you know before censorship takes this down.,politicsNews,2020-08-22
World Economic Forum plans to abolish private property by 2030,URGENT: Multiple credible insiders have independently verified that world economic forum plans to abolish private property by 2030. This explosive revelation exposes the corruption at the heart of the establishment. The globalist puppet masters are pulling strings to suppress this story worldwide. Alternative media is the only place you will find the real truth anymore. Our founding fathers warned us about exactly this kind of tyranny. The time to wake up is NOW.,politics,2022-04-08
"Economy about to collapse, insiders moving gold to bunkers","Whistleblowers inside the agency have come forward to confirm that economy about to collapse, insiders moving gold to bunkers. The deep state operatives responsible for this crime are being protected at the highest levels of government. Patriotic citizens are urged to stand up and demand answers from their elected representatives. This is not a conspiracy theory — this is documented fact that they are hiding from the public. The truth will come out and when it does the globalists will have nowhere to run.",News,2019-12-25
Fluoride in water supply is mind-control chemical says whistleblower,"According to unnamed sources close to the situation, what mainstream media won't tell you is that fluoride in water supply is mind-control chemical says whistleblower. Our trusted insider, who cannot be named for their safety, confirmed this shocking revelation. The government has been working overtime to suppress this information. Share before it gets deleted! Independent researchers have long suspected this but were silenced by the establishment. The evidence is overwhelming yet the lamestream media refuses to report it. Wake up sheeple!",politics,2016-04-07
Pope Francis secretly endorses presidential candidate,"According to unnamed sources close to the situation, what mainstream media won't tell you is that pope francis secretly endorses presidential candidate. Our trusted insider, who cannot be named for their safety, confirmed this shocking revelation. The government has been working overtime to suppress this information. Share before it gets deleted! Independent researchers have long suspected this but were silenced by the establishment. The evidence is overwhelming yet the lamestream media refuses to report it. Wake up sheeple!",politicsNews,2023-10-22
FBI whistleblower reveals JFK assassination was inside job,"According to unnamed sources close to the situation, what mainstream media won't tell you is that fbi whistleblower reveals jfk assassination was inside job. Our trusted insider, who cannot be named for their safety, confirmed this shocking revelation. The government has been working overtime to suppress this information. Share before it gets deleted! Independent researchers have long suspected this but were silenced by the establishment. The evidence is overwhelming yet the lamestream media refuses to report it. Wake up sheeple!",Government News,2016-07-15
New study shows masks cause more deaths than COVID itself,URGENT: Multiple credible insiders have independently verified that new study shows masks cause more deaths than covid itself. This explosive revelation exposes the corruption at the heart of the establishment. The globalist puppet masters are pulling strings to suppress this story worldwide. Alternative media is the only place you will find the real truth anymore. Our founding fathers warned us about exactly this kind of tyranny. The time to wake up is NOW.,politicsNews,2018-09-10
New study shows masks cause more deaths than COVID itself,URGENT: Multiple credible insiders have independently verified that new study shows masks cause more deaths than covid itself. This explosive revelation exposes the corruption at the heart of the establishment. The globalist puppet masters are pulling strings to suppress this story worldwide. Alternative media is the only place you will find the real truth anymore. Our founding fathers warned us about exactly this kind of tyranny. The time to wake up is NOW.,politics,2021-04-10
Deep state plotting to assassinate president claims insider,URGENT: Multiple credible insiders have independently verified that deep state plotting to assassinate president claims insider. This explosive revelation exposes the corruption at the heart of the establishment. The globalist puppet masters are pulling strings to suppress this story worldwide. Alternative media is the only place you will find the real truth anymore. Our founding fathers warned us about exactly this kind of tyranny. The time to wake up is NOW.,left-news,2020-05-02
World leaders filmed at satanic ritual at Bohemian Grove,URGENT: Multiple credible insiders have independently verified that world leaders filmed at satanic ritual at bohemian grove. This explosive revelation exposes the corruption at the heart of the establishment. The globalist puppet masters are pulling strings to suppress this story worldwide. Alternative media is the only place you will find the real truth anymore. Our founding fathers warned us about exactly this kind of tyranny. The time to wake up is NOW.,Government News,2022-09-16
NASA fakes moon landing — leaked documents prove hoax,Whistleblowers inside the agency have come forward to confirm that nasa fakes moon landing — leaked documents prove hoax. The deep state operatives responsible for this crime are being protected at the highest levels of government. Patriotic citizens are urged to stand up and demand answers from their elected representatives. This is not a conspiracy theory — this is documented fact that they are hiding from the public. The truth will come out and when it does the globalists will have nowhere to run.,politics,2021-12-14
Walmart tunnels are FEMA concentration camps for American citizens,BREAKING — A leaked document obtained by this publication proves that walmart tunnels are fema concentration camps for american citizens. Officials deny any knowledge of the situation but sources say otherwise. This is the story they don't want you to see. Thousands of accounts spreading this news are being shadow-banned. Do your own research. The truth is out there but you have to look beyond the mainstream narrative. Forward this to everyone you know before censorship takes this down.,left-news,2018-09-16
CIA admits using mainstream media to spread propaganda for decades,BREAKING — A leaked document obtained by this publication proves that cia admits using mainstream media to spread propaganda for decades. Officials deny any knowledge of the situation but sources say otherwise. This is the story they don't want you to see. Thousands of accounts spreading this news are being shadow-banned. Do your own research. The truth is out there but you have to look beyond the mainstream narrative. Forward this to everyone you know before censorship takes this down.,Government News,2018-08-02
World leaders filmed at satanic ritual at Bohemian Grove,An anonymous source with direct knowledge of the situation has confirmed that world leaders filmed at satanic ritual at bohemian grove. The mainstream media cartel refuses to cover this bombshell story because they are complicit. Fact-checkers have already labeled this story as false — which is exactly what they do to hide truth. Real patriots already know the truth. The elite are running scared as this information goes viral. SHARE THIS NOW before Big Tech buries it! This is the information they are terrified of you knowing.,politics,2018-07-08
Obama planned to declare martial law before 2016 election,BREAKING — A leaked document obtained by this publication proves that obama planned to declare martial law before 2016 election. Officials deny any knowledge of the situation but sources say otherwise. This is the story they don't want you to see. Thousands of accounts spreading this news are being shadow-banned. Do your own research. The truth is out there but you have to look beyond the mainstream narrative. Forward this to everyone you know before censorship takes this down.,Government News,2017-08-28
Big Pharma suppressing cancer cure for decades to make profits,"According to unnamed sources close to the situation, what mainstream media won't tell you is that big pharma suppressing cancer cure for decades to make profits. Our trusted insider, who cannot be named for their safety, confirmed this shocking revelation. The government has been working overtime to suppress this information. Share before it gets deleted! Independent researchers have long suspected this but were silenced by the establishment. The evidence is overwhelming yet the lamestream media refuses to report it. Wake up sheeple!",Government News,2019-01-09
Hollywood elites caught performing satanic rituals in leaked video,URGENT: Multiple credible insiders have independently verified that hollywood elites caught performing satanic rituals in leaked video. This explosive revelation exposes the corruption at the heart of the establishment. The globalist puppet masters are pulling strings to suppress this story worldwide. Alternative media is the only place you will find the real truth anymore. Our founding fathers warned us about exactly this kind of tyranny. The time to wake up is NOW.,politicsNews,2017-04-26
Scientists confirm microplastics in vaccines used for population control,URGENT: Multiple credible insiders have independently verified that scientists confirm microplastics in vaccines used for population control. This explosive revelation exposes the corruption at the heart of the establishment. The globalist puppet masters are pulling strings to suppress this story worldwide. Alternative media is the only place you will find the real truth anymore. Our founding fathers warned us about exactly this kind of tyranny. The time to wake up is NOW.,worldnews,2023-04-28
Breaking: Major city water supply contaminated with mind-altering drug,Whistleblowers inside the agency have come forward to confirm that breaking: major city water supply contaminated with mind-altering drug. The deep state operatives responsible for this crime are being protected at the highest levels of government. Patriotic citizens are urged to stand up and demand answers from their elected representatives. This is not a conspiracy theory — this is documented fact that they are hiding from the public. The truth will come out and when it does the globalists will have nowhere to run.,worldnews,2019-12-04
Leaked Pfizer documents reveal vaccine contains aborted fetal cells,An anonymous source with direct knowledge of the situation has confirmed that leaked pfizer documents reveal vaccine contains aborted fetal cells. The mainstream media cartel refuses to cover this bombshell story because they are complicit. Fact-checkers have already labeled this story as false — which is exactly what they do to hide truth. Real patriots already know the truth. The elite are running scared as this information goes viral. SHARE THIS NOW before Big Tech buries it! This is the information they are terrified of you knowing.,Government News,2019-07-08
World leaders filmed at satanic ritual at Bohemian Grove,Whistleblowers inside the agency have come forward to confirm that world leaders filmed at satanic ritual at bohemian grove. The deep state operatives responsible for this crime are being protected at the highest levels of government. Patriotic citizens are urged to stand up and demand answers from their elected representatives. This is not a conspiracy theory — this is documented fact that they are hiding from the public. The truth will come out and when it does the globalists will have nowhere to run.,left-news,2023-09-21
"Russia hacks US election server in real time, whistleblower says","Whistleblowers inside the agency have come forward to confirm that russia hacks us election server in real time, whistleblower says. The deep state operatives responsible for this crime are being protected at the highest levels of government. Patriotic citizens are urged to stand up and demand answers from their elected representatives. This is not a conspiracy theory — this is documented fact that they are hiding from the public. The truth will come out and when it does the globalists will have nowhere to run.",News,2023-08-04
World Economic Forum plans to abolish private property by 2030,An anonymous source with direct knowledge of the situation has confirmed that world economic forum plans to abolish private property by 2030. The mainstream media cartel refuses to cover this bombshell story because they are complicit. Fact-checkers have already labeled this story as false — which is exactly what they do to hide truth. Real patriots already know the truth. The elite are running scared as this information goes viral. SHARE THIS NOW before Big Tech buries it! This is the information they are terrified of you knowing.,worldnews,2021-06-14
Bill Gates plans to microchip every human through COVID vaccine,URGENT: Multiple credible insiders have independently verified that bill gates plans to microchip every human through covid vaccine. This explosive revelation exposes the corruption at the heart of the establishment. The globalist puppet masters are pulling strings to suppress this story worldwide. Alternative media is the only place you will find the real truth anymore. Our founding fathers warned us about exactly this kind of tyranny. The time to wake up is NOW.,Government News,2018-01-09
World leaders filmed at satanic ritual at Bohemian Grove,URGENT: Multiple credible insiders have independently verified that world leaders filmed at satanic ritual at bohemian grove. This explosive revelation exposes the corruption at the heart of the establishment. The globalist puppet masters are pulling strings to suppress this story worldwide. Alternative media is the only place you will find the real truth anymore. Our founding fathers warned us about exactly this kind of tyranny. The time to wake up is NOW.,Government News,2022-05-05
Secret tunnels under White House used for trafficking ring,Whistleblowers inside the agency have come forward to confirm that secret tunnels under white house used for trafficking ring. The deep state operatives responsible for this crime are being protected at the highest levels of government. Patriotic citizens are urged to stand up and demand answers from their elected representatives. This is not a conspiracy theory — this is documented fact that they are hiding from the public. The truth will come out and when it does the globalists will have nowhere to run.,left-news,2019-08-18
Deep state agents infiltrated school boards across America,Whistleblowers inside the agency have come forward to confirm that deep state agents infiltrated school boards across america. The deep state operatives responsible for this crime are being protected at the highest levels of government. Patriotic citizens are urged to stand up and demand answers from their elected representatives. This is not a conspiracy theory — this is documented fact that they are hiding from the public. The truth will come out and when it does the globalists will have nowhere to run.,left-news,2023-08-06
World Economic Forum plans to abolish private property by 2030,Whistleblowers inside the agency have come forward to confirm that world economic forum plans to abolish private property by 2030. The deep state operatives responsible for this crime are being protected at the highest levels of government. Patriotic citizens are urged to stand up and demand answers from their elected representatives. This is not a conspiracy theory — this is documented fact that they are hiding from the public. The truth will come out and when it does the globalists will have nowhere to run.,worldnews,2023-03-18
Deep state agents infiltrated school boards across America,"According to unnamed sources close to the situation, what mainstream media won't tell you is that deep state agents infiltrated school boards across america. Our trusted insider, who cannot be named for their safety, confirmed this shocking revelation. The government has been working overtime to suppress this information. Share before it gets deleted! Independent researchers have long suspected this but were silenced by the establishment. The evidence is overwhelming yet the lamestream media refuses to report it. Wake up sheeple!",politicsNews,2017-11-02
Scientists confirm microplastics in vaccines used for population control,"According to unnamed sources close to the situation, what mainstream media won't tell you is that scientists confirm microplastics in vaccines used for population control. Our trusted insider, who cannot be named for their safety, confirmed this shocking revelation. The government has been working overtime to suppress this information. Share before it gets deleted! Independent researchers have long suspected this but were silenced by the establishment. The evidence is overwhelming yet the lamestream media refuses to report it. Wake up sheeple!",worldnews,2019-02-23
Deep state plotting to assassinate president claims insider,"According to unnamed sources close to the situation, what mainstream media won't tell you is that deep state plotting to assassinate president claims insider. Our trusted insider, who cannot be named for their safety, confirmed this shocking revelation. The government has been working overtime to suppress this information. Share before it gets deleted! Independent researchers have long suspected this but were silenced by the establishment. The evidence is overwhelming yet the lamestream media refuses to report it. Wake up sheeple!",politics,2023-06-02
Covid-19 created in lab to usher in Great Reset admits Nobel scientist,URGENT: Multiple credible insiders have independently verified that covid-19 created in lab to usher in great reset admits nobel scientist. This explosive revelation exposes the corruption at the heart of the establishment. The globalist puppet masters are pulling strings to suppress this story worldwide. Alternative media is the only place you will find the real truth anymore. Our founding fathers warned us about exactly this kind of tyranny. The time to wake up is NOW.,Government News,2023-01-01
Elon Musk's Neuralink is secretly harvesting human thoughts,URGENT: Multiple credible insiders have independently verified that elon musk's neuralink is secretly harvesting human thoughts. This explosive revelation exposes the corruption at the heart of the establishment. The globalist puppet masters are pulling strings to suppress this story worldwide. Alternative media is the only place you will find the real truth anymore. Our founding fathers warned us about exactly this kind of tyranny. The time to wake up is NOW.,politicsNews,2016-09-24
Rockefellers paid scientists to invent climate change hoax,URGENT: Multiple credible insiders have independently verified that rockefellers paid scientists to invent climate change hoax. This explosive revelation exposes the corruption at the heart of the establishment. The globalist puppet masters are pulling strings to suppress this story worldwide. Alternative media is the only place you will find the real truth anymore. Our founding fathers warned us about exactly this kind of tyranny. The time to wake up is NOW.,politicsNews,2022-03-04
Clinton emails reveal plan for New World Order takeover,URGENT: Multiple credible insiders have independently verified that clinton emails reveal plan for new world order takeover. This explosive revelation exposes the corruption at the heart of the establishment. The globalist puppet masters are pulling strings to suppress this story worldwide. Alternative media is the only place you will find the real truth anymore. Our founding fathers warned us about exactly this kind of tyranny. The time to wake up is NOW.,worldnews,2019-10-17
Obama planned to declare martial law before 2016 election,Whistleblowers inside the agency have come forward to confirm that obama planned to declare martial law before 2016 election. The deep state operatives responsible for this crime are being protected at the highest levels of government. Patriotic citizens are urged to stand up and demand answers from their elected representatives. This is not a conspiracy theory — this is documented fact that they are hiding from the public. The truth will come out and when it does the globalists will have nowhere to run.,left-news,2017-06-13
"Economy about to collapse, insiders moving gold to bunkers","URGENT: Multiple credible insiders have independently verified that economy about to collapse, insiders moving gold to bunkers. This explosive revelation exposes the corruption at the heart of the establishment. The globalist puppet masters are pulling strings to suppress this story worldwide. Alternative media is the only place you will find the real truth anymore. Our founding fathers warned us about exactly this kind of tyranny. The time to wake up is NOW.",Government News,2019-05-22
Aliens have landed in Arizona and government is hiding the truth,"According to unnamed sources close to the situation, what mainstream media won't tell you is that aliens have landed in arizona and government is hiding the truth. Our trusted insider, who cannot be named for their safety, confirmed this shocking revelation. The government has been working overtime to suppress this information. Share before it gets deleted! Independent researchers have long suspected this but were silenced by the establishment. The evidence is overwhelming yet the lamestream media refuses to report it. Wake up sheeple!",left-news,2022-07-18
Doctors say sunscreen is poison pushed by Big Pharma,"According to unnamed sources close to the situation, what mainstream media won't tell you is that doctors say sunscreen is poison pushed by big pharma. Our trusted insider, who cannot be named for their safety, confirmed this shocking revelation. The government has been working overtime to suppress this information. Share before it gets deleted! Independent researchers have long suspected this but were silenced by the establishment. The evidence is overwhelming yet the lamestream media refuses to report it. Wake up sheeple!",Government News,2018-02-16
FDA approved poison in cereal brands given to children,Whistleblowers inside the agency have come forward to confirm that fda approved poison in cereal brands given to children. The deep state operatives responsible for this crime are being protected at the highest levels of government. Patriotic citizens are urged to stand up and demand answers from their elected representatives. This is not a conspiracy theory — this is documented fact that they are hiding from the public. The truth will come out and when it does the globalists will have nowhere to run.,politicsNews,2016-04-07
Bill Clinton admits moon landing staged to win space race,URGENT: Multiple credible insiders have independently verified that bill clinton admits moon landing staged to win space race. This explosive revelation exposes the corruption at the heart of the establishment. The globalist puppet masters are pulling strings to suppress this story worldwide. Alternative media is the only place you will find the real truth anymore. Our founding fathers warned us about exactly this kind of tyranny. The time to wake up is NOW.,News,2016-02-22
Rockefellers paid scientists to invent climate change hoax,URGENT: Multiple credible insiders have independently verified that rockefellers paid scientists to invent climate change hoax. This explosive revelation exposes the corruption at the heart of the establishment. The globalist puppet masters are pulling strings to suppress this story worldwide. Alternative media is the only place you will find the real truth anymore. Our founding fathers warned us about exactly this kind of tyranny. The time to wake up is NOW.,Government News,2016-03-28
EXCLUSIVE: White House chef reveals president has dementia,"According to unnamed sources close to the situation, what mainstream media won't tell you is that exclusive: white house chef reveals president has dementia. Our trusted insider, who cannot be named for their safety, confirmed this shocking revelation. The government has been working overtime to suppress this information. Share before it gets deleted! Independent researchers have long suspected this but were silenced by the establishment. The evidence is overwhelming yet the lamestream media refuses to report it. Wake up sheeple!",politics,2018-12-27
"UN planning to ban meat, force citizens to eat insects by 2030","According to unnamed sources close to the situation, what mainstream media won't tell you is that un planning to ban meat, force citizens to eat insects by 2030. Our trusted insider, who cannot be named for their safety, confirmed this shocking revelation. The government has been working overtime to suppress this information. Share before it gets deleted! Independent researchers have long suspected this but were silenced by the establishment. The evidence is overwhelming yet the lamestream media refuses to report it. Wake up sheeple!",worldnews,2019-10-27
Hollywood elites caught performing satanic rituals in leaked video,URGENT: Multiple credible insiders have independently verified that hollywood elites caught performing satanic rituals in leaked video. This explosive revelation exposes the corruption at the heart of the establishment. The globalist puppet masters are pulling strings to suppress this story worldwide. Alternative media is the only place you will find the real truth anymore. Our founding fathers warned us about exactly this kind of tyranny. The time to wake up is NOW.,left-news,2018-12-24
Aliens have landed in Arizona and government is hiding the truth,URGENT: Multiple credible insiders have independently verified that aliens have landed in arizona and government is hiding the truth. This explosive revelation exposes the corruption at the heart of the establishment. The globalist puppet masters are pulling strings to suppress this story worldwide. Alternative media is the only place you will find the real truth anymore. Our founding fathers warned us about exactly this kind of tyranny. The time to wake up is NOW.,politicsNews,2017-07-08
Pope Francis secretly endorses presidential candidate,Whistleblowers inside the agency have come forward to confirm that pope francis secretly endorses presidential candidate. The deep state operatives responsible for this crime are being protected at the highest levels of government. Patriotic citizens are urged to stand up and demand answers from their elected representatives. This is not a conspiracy theory — this is documented fact that they are hiding from the public. The truth will come out and when it does the globalists will have nowhere to run.,politics,2022-06-01
Elites using Hollywood movies to program the public for agenda,Whistleblowers inside the agency have come forward to confirm that elites using hollywood movies to program the public for agenda. The deep state operatives responsible for this crime are being protected at the highest levels of government. Patriotic citizens are urged to stand up and demand answers from their elected representatives. This is not a conspiracy theory — this is documented fact that they are hiding from the public. The truth will come out and when it does the globalists will have nowhere to run.,left-news,2019-06-18
Hollywood elites caught performing satanic rituals in leaked video,An anonymous source with direct knowledge of the situation has confirmed that hollywood elites caught performing satanic rituals in leaked video. The mainstream media cartel refuses to cover this bombshell story because they are complicit. Fact-checkers have already labeled this story as false — which is exactly what they do to hide truth. Real patriots already know the truth. The elite are running scared as this information goes viral. SHARE THIS NOW before Big Tech buries it! This is the information they are terrified of you knowing.,Government News,2022-02-25
Covid-19 created in lab to usher in Great Reset admits Nobel scientist,Whistleblowers inside the agency have come forward to confirm that covid-19 created in lab to usher in great reset admits nobel scientist. The deep state operatives responsible for this crime are being protected at the highest levels of government. Patriotic citizens are urged to stand up and demand answers from their elected representatives. This is not a conspiracy theory — this is documented fact that they are hiding from the public. The truth will come out and when it does the globalists will have nowhere to run.,Government News,2017-02-09
Deep state plotting to assassinate president claims insider,An anonymous source with direct knowledge of the situation has confirmed that deep state plotting to assassinate president claims insider. The mainstream media cartel refuses to cover this bombshell story because they are complicit. Fact-checkers have already labeled this story as false — which is exactly what they do to hide truth. Real patriots already know the truth. The elite are running scared as this information goes viral. SHARE THIS NOW before Big Tech buries it! This is the information they are terrified of you knowing.,Government News,2022-06-12
Clinton emails reveal plan for New World Order takeover,"According to unnamed sources close to the situation, what mainstream media won't tell you is that clinton emails reveal plan for new world order takeover. Our trusted insider, who cannot be named for their safety, confirmed this shocking revelation. The government has been working overtime to suppress this information. Share before it gets deleted! Independent researchers have long suspected this but were silenced by the establishment. The evidence is overwhelming yet the lamestream media refuses to report it. Wake up sheeple!",News,2023-06-25
Rockefellers paid scientists to invent climate change hoax,"According to unnamed sources close to the situation, what mainstream media won't tell you is that rockefellers paid scientists to invent climate change hoax. Our trusted insider, who cannot be named for their safety, confirmed this shocking revelation. The government has been working overtime to suppress this information. Share before it gets deleted! Independent researchers have long suspected this but were silenced by the establishment. The evidence is overwhelming yet the lamestream media refuses to report it. Wake up sheeple!",politicsNews,2018-07-15
World leaders filmed at satanic ritual at Bohemian Grove,URGENT: Multiple credible insiders have independently verified that world leaders filmed at satanic ritual at bohemian grove. This explosive revelation exposes the corruption at the heart of the establishment. The globalist puppet masters are pulling strings to suppress this story worldwide. Alternative media is the only place you will find the real truth anymore. Our founding fathers warned us about exactly this kind of tyranny. The time to wake up is NOW.,left-news,2017-01-03
"Russia hacks US election server in real time, whistleblower says","URGENT: Multiple credible insiders have independently verified that russia hacks us election server in real time, whistleblower says. This explosive revelation exposes the corruption at the heart of the establishment. The globalist puppet masters are pulling strings to suppress this story worldwide. Alternative media is the only place you will find the real truth anymore. Our founding fathers warned us about exactly this kind of tyranny. The time to wake up is NOW.",politics,2021-07-01
Q-Anon confirms deep state arrests imminent within 48 hours,An anonymous source with direct knowledge of the situation has confirmed that q-anon confirms deep state arrests imminent within 48 hours. The mainstream media cartel refuses to cover this bombshell story because they are complicit. Fact-checkers have already labeled this story as false — which is exactly what they do to hide truth. Real patriots already know the truth. The elite are running scared as this information goes viral. SHARE THIS NOW before Big Tech buries it! This is the information they are terrified of you knowing.,politicsNews,2019-10-17
Doctors confirm COVID-19 vaccine turns people magnetic,An anonymous source with direct knowledge of the situation has confirmed that doctors confirm covid-19 vaccine turns people magnetic. The mainstream media cartel refuses to cover this bombshell story because they are complicit. Fact-checkers have already labeled this story as false — which is exactly what they do to hide truth. Real patriots already know the truth. The elite are running scared as this information goes viral. SHARE THIS NOW before Big Tech buries it! This is the information they are terrified of you knowing.,worldnews,2020-05-09
Liberal elite planning to steal your guns using fake school shootings,BREAKING — A leaked document obtained by this publication proves that liberal elite planning to steal your guns using fake school shootings. Officials deny any knowledge of the situation but sources say otherwise. This is the story they don't want you to see. Thousands of accounts spreading this news are being shadow-banned. Do your own research. The truth is out there but you have to look beyond the mainstream narrative. Forward this to everyone you know before censorship takes this down.,worldnews,2022-05-14
Epstein alive in witness protection says anonymous FBI source,An anonymous source with direct knowledge of the situation has confirmed that epstein alive in witness protection says anonymous fbi source. The mainstream media cartel refuses to cover this bombshell story because they are complicit. Fact-checkers have already labeled this story as false — which is exactly what they do to hide truth. Real patriots already know the truth. The elite are running scared as this information goes viral. SHARE THIS NOW before Big Tech buries it! This is the information they are terrified of you knowing.,News,2020-04-24
Elites using Hollywood movies to program the public for agenda,An anonymous source with direct knowledge of the situation has confirmed that elites using hollywood movies to program the public for agenda. The mainstream media cartel refuses to cover this bombshell story because they are complicit. Fact-checkers have already labeled this story as false — which is exactly what they do to hide truth. Real patriots already know the truth. The elite are running scared as this information goes viral. SHARE THIS NOW before Big Tech buries it! This is the information they are terrified of you knowing.,politics,2019-08-04
George Soros funding antifa to start civil war,Whistleblowers inside the agency have come forward to confirm that george soros funding antifa to start civil war. The deep state operatives responsible for this crime are being protected at the highest levels of government. Patriotic citizens are urged to stand up and demand answers from their elected representatives. This is not a conspiracy theory — this is documented fact that they are hiding from the public. The truth will come out and when it does the globalists will have nowhere to run.,left-news,2021-10-13
Breaking: Major city water supply contaminated with mind-altering drug,An anonymous source with direct knowledge of the situation has confirmed that breaking: major city water supply contaminated with mind-altering drug. The mainstream media cartel refuses to cover this bombshell story because they are complicit. Fact-checkers have already labeled this story as false — which is exactly what they do to hide truth. Real patriots already know the truth. The elite are running scared as this information goes viral. SHARE THIS NOW before Big Tech buries it! This is the information they are terrified of you knowing.,left-news,2018-05-11
Mainstream media blackout on earthquake weapon test over California,BREAKING — A leaked document obtained by this publication proves that mainstream media blackout on earthquake weapon test over california. Officials deny any knowledge of the situation but sources say otherwise. This is the story they don't want you to see. Thousands of accounts spreading this news are being shadow-banned. Do your own research. The truth is out there but you have to look beyond the mainstream narrative. Forward this to everyone you know before censorship takes this down.,News,2018-07-11
Q-Anon confirms deep state arrests imminent within 48 hours,An anonymous source with direct knowledge of the situation has confirmed that q-anon confirms deep state arrests imminent within 48 hours. The mainstream media cartel refuses to cover this bombshell story because they are complicit. Fact-checkers have already labeled this story as false — which is exactly what they do to hide truth. Real patriots already know the truth. The elite are running scared as this information goes viral. SHARE THIS NOW before Big Tech buries it! This is the information they are terrified of you knowing.,worldnews,2021-07-09
"UN planning to ban meat, force citizens to eat insects by 2030","Whistleblowers inside the agency have come forward to confirm that un planning to ban meat, force citizens to eat insects by 2030. The deep state operatives responsible for this crime are being protected at the highest levels of government. Patriotic citizens are urged to stand up and demand answers from their elected representatives. This is not a conspiracy theory — this is documented fact that they are hiding from the public. The truth will come out and when it does the globalists will have nowhere to run.",politics,2019-10-18
Pentagon UFO footage shows alien crafts over Washington DC,URGENT: Multiple credible insiders have independently verified that pentagon ufo footage shows alien crafts over washington dc. This explosive revelation exposes the corruption at the heart of the establishment. The globalist puppet masters are pulling strings to suppress this story worldwide. Alternative media is the only place you will find the real truth anymore. Our founding fathers warned us about exactly this kind of tyranny. The time to wake up is NOW.,Government News,2023-12-07
Prince Harry reveals royal family are shapeshifting reptilians,Whistleblowers inside the agency have come forward to confirm that prince harry reveals royal family are shapeshifting reptilians. The deep state operatives responsible for this crime are being protected at the highest levels of government. Patriotic citizens are urged to stand up and demand answers from their elected representatives. This is not a conspiracy theory — this is documented fact that they are hiding from the public. The truth will come out and when it does the globalists will have nowhere to run.,left-news,2023-03-21
Epstein alive in witness protection says anonymous FBI source,BREAKING — A leaked document obtained by this publication proves that epstein alive in witness protection says anonymous fbi source. Officials deny any knowledge of the situation but sources say otherwise. This is the story they don't want you to see. Thousands of accounts spreading this news are being shadow-banned. Do your own research. The truth is out there but you have to look beyond the mainstream narrative. Forward this to everyone you know before censorship takes this down.,Government News,2018-12-14
Hollywood elites caught performing satanic rituals in leaked video,"According to unnamed sources close to the situation, what mainstream media won't tell you is that hollywood elites caught performing satanic rituals in leaked video. Our trusted insider, who cannot be named for their safety, confirmed this shocking revelation. The government has been working overtime to suppress this information. Share before it gets deleted! Independent researchers have long suspected this but were silenced by the establishment. The evidence is overwhelming yet the lamestream media refuses to report it. Wake up sheeple!",politics,2023-10-13
Elon Musk's Neuralink is secretly harvesting human thoughts,URGENT: Multiple credible insiders have independently verified that elon musk's neuralink is secretly harvesting human thoughts. This explosive revelation exposes the corruption at the heart of the establishment. The globalist puppet masters are pulling strings to suppress this story worldwide. Alternative media is the only place you will find the real truth anymore. Our founding fathers warned us about exactly this kind of tyranny. The time to wake up is NOW.,politics,2016-06-23
Elon Musk's Neuralink is secretly harvesting human thoughts,URGENT: Multiple credible insiders have independently verified that elon musk's neuralink is secretly harvesting human thoughts. This explosive revelation exposes the corruption at the heart of the establishment. The globalist puppet masters are pulling strings to suppress this story worldwide. Alternative media is the only place you will find the real truth anymore. Our founding fathers warned us about exactly this kind of tyranny. The time to wake up is NOW.,politicsNews,2019-11-22
"Russia hacks US election server in real time, whistleblower says","BREAKING — A leaked document obtained by this publication proves that russia hacks us election server in real time, whistleblower says. Officials deny any knowledge of the situation but sources say otherwise. This is the story they don't want you to see. Thousands of accounts spreading this news are being shadow-banned. Do your own research. The truth is out there but you have to look beyond the mainstream narrative. Forward this to everyone you know before censorship takes this down.",politicsNews,2022-06-26
FDA approved poison in cereal brands given to children,"According to unnamed sources close to the situation, what mainstream media won't tell you is that fda approved poison in cereal brands given to children. Our trusted insider, who cannot be named for their safety, confirmed this shocking revelation. The government has been working overtime to suppress this information. Share before it gets deleted! Independent researchers have long suspected this but were silenced by the establishment. The evidence is overwhelming yet the lamestream media refuses to report it. Wake up sheeple!",politicsNews,2020-04-17
Leaked Pfizer documents reveal vaccine contains aborted fetal cells,URGENT: Multiple credible insiders have independently verified that leaked pfizer documents reveal vaccine contains aborted fetal cells. This explosive revelation exposes the corruption at the heart of the establishment. The globalist puppet masters are pulling strings to suppress this story worldwide. Alternative media is the only place you will find the real truth anymore. Our founding fathers warned us about exactly this kind of tyranny. The time to wake up is NOW.,politics,2019-08-12
"UN planning to ban meat, force citizens to eat insects by 2030","An anonymous source with direct knowledge of the situation has confirmed that un planning to ban meat, force citizens to eat insects by 2030. The mainstream media cartel refuses to cover this bombshell story because they are complicit. Fact-checkers have already labeled this story as false — which is exactly what they do to hide truth. Real patriots already know the truth. The elite are running scared as this information goes viral. SHARE THIS NOW before Big Tech buries it! This is the information they are terrified of you knowing.",Government News,2018-06-01
Doctors say sunscreen is poison pushed by Big Pharma,"According to unnamed sources close to the situation, what mainstream media won't tell you is that doctors say sunscreen is poison pushed by big pharma. Our trusted insider, who cannot be named for their safety, confirmed this shocking revelation. The government has been working overtime to suppress this information. Share before it gets deleted! Independent researchers have long suspected this but were silenced by the establishment. The evidence is overwhelming yet the lamestream media refuses to report it. Wake up sheeple!",left-news,2017-02-27
World Economic Forum plans to abolish private property by 2030,BREAKING — A leaked document obtained by this publication proves that world economic forum plans to abolish private property by 2030. Officials deny any knowledge of the situation but sources say otherwise. This is the story they don't want you to see. Thousands of accounts spreading this news are being shadow-banned. Do your own research. The truth is out there but you have to look beyond the mainstream narrative. Forward this to everyone you know before censorship takes this down.,News,2021-08-26
Earthquake machine HAARP caused Turkey disaster on purpose,URGENT: Multiple credible insiders have independently verified that earthquake machine haarp caused turkey disaster on purpose. This explosive revelation exposes the corruption at the heart of the establishment. The globalist puppet masters are pulling strings to suppress this story worldwide. Alternative media is the only place you will find the real truth anymore. Our founding fathers warned us about exactly this kind of tyranny. The time to wake up is NOW.,News,2023-02-15
World Economic Forum plans to abolish private property by 2030,An anonymous source with direct knowledge of the situation has confirmed that world economic forum plans to abolish private property by 2030. The mainstream media cartel refuses to cover this bombshell story because they are complicit. Fact-checkers have already labeled this story as false — which is exactly what they do to hide truth. Real patriots already know the truth. The elite are running scared as this information goes viral. SHARE THIS NOW before Big Tech buries it! This is the information they are terrified of you knowing.,politicsNews,2020-01-26
FBI whistleblower reveals JFK assassination was inside job,"According to unnamed sources close to the situation, what mainstream media won't tell you is that fbi whistleblower reveals jfk assassination was inside job. Our trusted insider, who cannot be named for their safety, confirmed this shocking revelation. The government has been working overtime to suppress this information. Share before it gets deleted! Independent researchers have long suspected this but were silenced by the establishment. The evidence is overwhelming yet the lamestream media refuses to report it. Wake up sheeple!",News,2017-11-26
Doctors confirm COVID-19 vaccine turns people magnetic,BREAKING — A leaked document obtained by this publication proves that doctors confirm covid-19 vaccine turns people magnetic. Officials deny any knowledge of the situation but sources say otherwise. This is the story they don't want you to see. Thousands of accounts spreading this news are being shadow-banned. Do your own research. The truth is out there but you have to look beyond the mainstream narrative. Forward this to everyone you know before censorship takes this down.,worldnews,2018-06-18
FDA approved poison in cereal brands given to children,An anonymous source with direct knowledge of the situation has confirmed that fda approved poison in cereal brands given to children. The mainstream media cartel refuses to cover this bombshell story because they are complicit. Fact-checkers have already labeled this story as false — which is exactly what they do to hide truth. Real patriots already know the truth. The elite are running scared as this information goes viral. SHARE THIS NOW before Big Tech buries it! This is the information they are terrified of you knowing.,left-news,2018-03-21
Shadow government running secret operations beneath major airports,An anonymous source with direct knowledge of the situation has confirmed that shadow government running secret operations beneath major airports. The mainstream media cartel refuses to cover this bombshell story because they are complicit. Fact-checkers have already labeled this story as false — which is exactly what they do to hide truth. Real patriots already know the truth. The elite are running scared as this information goes viral. SHARE THIS NOW before Big Tech buries it! This is the information they are terrified of you knowing.,politicsNews,2019-08-19
FDA approved poison in cereal brands given to children,An anonymous source with direct knowledge of the situation has confirmed that fda approved poison in cereal brands given to children. The mainstream media cartel refuses to cover this bombshell story because they are complicit. Fact-checkers have already labeled this story as false — which is exactly what they do to hide truth. Real patriots already know the truth. The elite are running scared as this information goes viral. SHARE THIS NOW before Big Tech buries it! This is the information they are terrified of you knowing.,Government News,2019-04-09
Scientists confirm microplastics in vaccines used for population control,"According to unnamed sources close to the situation, what mainstream media won't tell you is that scientists confirm microplastics in vaccines used for population control. Our trusted insider, who cannot be named for their safety, confirmed this shocking revelation. The government has been working overtime to suppress this information. Share before it gets deleted! Independent researchers have long suspected this but were silenced by the establishment. The evidence is overwhelming yet the lamestream media refuses to report it. Wake up sheeple!",politicsNews,2018-06-11
Secret tunnels under White House used for trafficking ring,An anonymous source with direct knowledge of the situation has confirmed that secret tunnels under white house used for trafficking ring. The mainstream media cartel refuses to cover this bombshell story because they are complicit. Fact-checkers have already labeled this story as false — which is exactly what they do to hide truth. Real patriots already know the truth. The elite are running scared as this information goes viral. SHARE THIS NOW before Big Tech buries it! This is the information they are terrified of you knowing.,News,2023-09-21
EXCLUSIVE: White House chef reveals president has dementia,URGENT: Multiple credible insiders have independently verified that exclusive: white house chef reveals president has dementia. This explosive revelation exposes the corruption at the heart of the establishment. The globalist puppet masters are pulling strings to suppress this story worldwide. Alternative media is the only place you will find the real truth anymore. Our founding fathers warned us about exactly this kind of tyranny. The time to wake up is NOW.,politics,2022-10-04
"Russia hacks US election server in real time, whistleblower says","Whistleblowers inside the agency have come forward to confirm that russia hacks us election server in real time, whistleblower says. The deep state operatives responsible for this crime are being protected at the highest levels of government. Patriotic citizens are urged to stand up and demand answers from their elected representatives. This is not a conspiracy theory — this is documented fact that they are hiding from the public. The truth will come out and when it does the globalists will have nowhere to run.",politics,2018-11-23
Epstein alive in witness protection says anonymous FBI source,URGENT: Multiple credible insiders have independently verified that epstein alive in witness protection says anonymous fbi source. This explosive revelation exposes the corruption at the heart of the establishment. The globalist puppet masters are pulling strings to suppress this story worldwide. Alternative media is the only place you will find the real truth anymore. Our founding fathers warned us about exactly this kind of tyranny. The time to wake up is NOW.,politicsNews,2018-06-04
CIA admits using mainstream media to spread propaganda for decades,Whistleblowers inside the agency have come forward to confirm that cia admits using mainstream media to spread propaganda for decades. The deep state operatives responsible for this crime are being protected at the highest levels of government. Patriotic citizens are urged to stand up and demand answers from their elected representatives. This is not a conspiracy theory — this is documented fact that they are hiding from the public. The truth will come out and when it does the globalists will have nowhere to run.,worldnews,2021-12-05
Hidden camera shows politicians admitting climate change is a hoax,An anonymous source with direct knowledge of the situation has confirmed that hidden camera shows politicians admitting climate change is a hoax. The mainstream media cartel refuses to cover this bombshell story because they are complicit. Fact-checkers have already labeled this story as false — which is exactly what they do to hide truth. Real patriots already know the truth. The elite are running scared as this information goes viral. SHARE THIS NOW before Big Tech buries it! This is the information they are terrified of you knowing.,politics,2018-10-13
FDA approved poison in cereal brands given to children,BREAKING — A leaked document obtained by this publication proves that fda approved poison in cereal brands given to children. Officials deny any knowledge of the situation but sources say otherwise. This is the story they don't want you to see. Thousands of accounts spreading this news are being shadow-banned. Do your own research. The truth is out there but you have to look beyond the mainstream narrative. Forward this to everyone you know before censorship takes this down.,Government News,2018-09-06
Liberal elite planning to steal your guns using fake school shootings,Whistleblowers inside the agency have come forward to confirm that liberal elite planning to steal your guns using fake school shootings. The deep state operatives responsible for this crime are being protected at the highest levels of government. Patriotic citizens are urged to stand up and demand answers from their elected representatives. This is not a conspiracy theory — this is documented fact that they are hiding from the public. The truth will come out and when it does the globalists will have nowhere to run.,worldnews,2021-08-20
NASA fakes moon landing — leaked documents prove hoax,Whistleblowers inside the agency have come forward to confirm that nasa fakes moon landing — leaked documents prove hoax. The deep state operatives responsible for this crime are being protected at the highest levels of government. Patriotic citizens are urged to stand up and demand answers from their elected representatives. This is not a conspiracy theory — this is documented fact that they are hiding from the public. The truth will come out and when it does the globalists will have nowhere to run.,left-news,2018-04-27
Hollywood elites caught performing satanic rituals in leaked video,URGENT: Multiple credible insiders have independently verified that hollywood elites caught performing satanic rituals in leaked video. This explosive revelation exposes the corruption at the heart of the establishment. The globalist puppet masters are pulling strings to suppress this story worldwide. Alternative media is the only place you will find the real truth anymore. Our founding fathers warned us about exactly this kind of tyranny. The time to wake up is NOW.,Government News,2023-07-22
Liberal elite planning to steal your guns using fake school shootings,An anonymous source with direct knowledge of the situation has confirmed that liberal elite planning to steal your guns using fake school shootings. The mainstream media cartel refuses to cover this bombshell story because they are complicit. Fact-checkers have already labeled this story as false — which is exactly what they do to hide truth. Real patriots already know the truth. The elite are running scared as this information goes viral. SHARE THIS NOW before Big Tech buries it! This is the information they are terrified of you knowing.,left-news,2018-02-19
Government admits to spraying chemtrails to control population,BREAKING — A leaked document obtained by this publication proves that government admits to spraying chemtrails to control population. Officials deny any knowledge of the situation but sources say otherwise. This is the story they don't want you to see. Thousands of accounts spreading this news are being shadow-banned. Do your own research. The truth is out there but you have to look beyond the mainstream narrative. Forward this to everyone you know before censorship takes this down.,politicsNews,2020-04-18
Q-Anon confirms deep state arrests imminent within 48 hours,BREAKING — A leaked document obtained by this publication proves that q-anon confirms deep state arrests imminent within 48 hours. Officials deny any knowledge of the situation but sources say otherwise. This is the story they don't want you to see. Thousands of accounts spreading this news are being shadow-banned. Do your own research. The truth is out there but you have to look beyond the mainstream narrative. Forward this to everyone you know before censorship takes this down.,politics,2023-09-17
Fluoride in water supply is mind-control chemical says whistleblower,URGENT: Multiple credible insiders have independently verified that fluoride in water supply is mind-control chemical says whistleblower. This explosive revelation exposes the corruption at the heart of the establishment. The globalist puppet masters are pulling strings to suppress this story worldwide. Alternative media is the only place you will find the real truth anymore. Our founding fathers warned us about exactly this kind of tyranny. The time to wake up is NOW.,News,2021-09-27
Scientists confirm microplastics in vaccines used for population control,"According to unnamed sources close to the situation, what mainstream media won't tell you is that scientists confirm microplastics in vaccines used for population control. Our trusted insider, who cannot be named for their safety, confirmed this shocking revelation. The government has been working overtime to suppress this information. Share before it gets deleted! Independent researchers have long suspected this but were silenced by the establishment. The evidence is overwhelming yet the lamestream media refuses to report it. Wake up sheeple!",politics,2019-07-04
Leaked Pfizer documents reveal vaccine contains aborted fetal cells,BREAKING — A leaked document obtained by this publication proves that leaked pfizer documents reveal vaccine contains aborted fetal cells. Officials deny any knowledge of the situation but sources say otherwise. This is the story they don't want you to see. Thousands of accounts spreading this news are being shadow-banned. Do your own research. The truth is out there but you have to look beyond the mainstream narrative. Forward this to everyone you know before censorship takes this down.,politicsNews,2023-05-12
Aliens have landed in Arizona and government is hiding the truth,An anonymous source with direct knowledge of the situation has confirmed that aliens have landed in arizona and government is hiding the truth. The mainstream media cartel refuses to cover this bombshell story because they are complicit. Fact-checkers have already labeled this story as false — which is exactly what they do to hide truth. Real patriots already know the truth. The elite are running scared as this information goes viral. SHARE THIS NOW before Big Tech buries it! This is the information they are terrified of you knowing.,worldnews,2019-12-19
Bill Clinton admits moon landing staged to win space race,Whistleblowers inside the agency have come forward to confirm that bill clinton admits moon landing staged to win space race. The deep state operatives responsible for this crime are being protected at the highest levels of government. Patriotic citizens are urged to stand up and demand answers from their elected representatives. This is not a conspiracy theory — this is documented fact that they are hiding from the public. The truth will come out and when it does the globalists will have nowhere to run.,Government News,2022-03-20
George Soros funding antifa to start civil war,BREAKING — A leaked document obtained by this publication proves that george soros funding antifa to start civil war. Officials deny any knowledge of the situation but sources say otherwise. This is the story they don't want you to see. Thousands of accounts spreading this news are being shadow-banned. Do your own research. The truth is out there but you have to look beyond the mainstream narrative. Forward this to everyone you know before censorship takes this down.,politicsNews,2021-09-09
Mainstream media blackout on earthquake weapon test over California,URGENT: Multiple credible insiders have independently verified that mainstream media blackout on earthquake weapon test over california. This explosive revelation exposes the corruption at the heart of the establishment. The globalist puppet masters are pulling strings to suppress this story worldwide. Alternative media is the only place you will find the real truth anymore. Our founding fathers warned us about exactly this kind of tyranny. The time to wake up is NOW.,News,2020-05-19
Rockefellers paid scientists to invent climate change hoax,URGENT: Multiple credible insiders have independently verified that rockefellers paid scientists to invent climate change hoax. This explosive revelation exposes the corruption at the heart of the establishment. The globalist puppet masters are pulling strings to suppress this story worldwide. Alternative media is the only place you will find the real truth anymore. Our founding fathers warned us about exactly this kind of tyranny. The time to wake up is NOW.,worldnews,2022-01-09
Deep state agents infiltrated school boards across America,BREAKING — A leaked document obtained by this publication proves that deep state agents infiltrated school boards across america. Officials deny any knowledge of the situation but sources say otherwise. This is the story they don't want you to see. Thousands of accounts spreading this news are being shadow-banned. Do your own research. The truth is out there but you have to look beyond the mainstream narrative. Forward this to everyone you know before censorship takes this down.,worldnews,2018-12-11
CIA admits using mainstream media to spread propaganda for decades,An anonymous source with direct knowledge of the situation has confirmed that cia admits using mainstream media to spread propaganda for decades. The mainstream media cartel refuses to cover this bombshell story because they are complicit. Fact-checkers have already labeled this story as false — which is exactly what they do to hide truth. Real patriots already know the truth. The elite are running scared as this information goes viral. SHARE THIS NOW before Big Tech buries it! This is the information they are terrified of you knowing.,worldnews,2020-11-14
Hollywood elites caught performing satanic rituals in leaked video,An anonymous source with direct knowledge of the situation has confirmed that hollywood elites caught performing satanic rituals in leaked video. The mainstream media cartel refuses to cover this bombshell story because they are complicit. Fact-checkers have already labeled this story as false — which is exactly what they do to hide truth. Real patriots already know the truth. The elite are running scared as this information goes viral. SHARE THIS NOW before Big Tech buries it! This is the information they are terrified of you knowing.,Government News,2017-07-17
Leaked Pfizer documents reveal vaccine contains aborted fetal cells,Whistleblowers inside the agency have come forward to confirm that leaked pfizer documents reveal vaccine contains aborted fetal cells. The deep state operatives responsible for this crime are being protected at the highest levels of government. Patriotic citizens are urged to stand up and demand answers from their elected representatives. This is not a conspiracy theory — this is documented fact that they are hiding from the public. The truth will come out and when it does the globalists will have nowhere to run.,left-news,2023-06-19
SHOCKING: Scientists discover that 5G towers control human minds,"According to unnamed sources close to the situation, what mainstream media won't tell you is that shocking: scientists discover that 5g towers control human minds. Our trusted insider, who cannot be named for their safety, confirmed this shocking revelation. The government has been working overtime to suppress this information. Share before it gets deleted! Independent researchers have long suspected this but were silenced by the establishment. The evidence is overwhelming yet the lamestream media refuses to report it. Wake up sheeple!",Government News,2021-02-26
Elon Musk's Neuralink is secretly harvesting human thoughts,An anonymous source with direct knowledge of the situation has confirmed that elon musk's neuralink is secretly harvesting human thoughts. The mainstream media cartel refuses to cover this bombshell story because they are complicit. Fact-checkers have already labeled this story as false — which is exactly what they do to hide truth. Real patriots already know the truth. The elite are running scared as this information goes viral. SHARE THIS NOW before Big Tech buries it! This is the information they are terrified of you knowing.,left-news,2019-08-09
EXCLUSIVE: White House chef reveals president has dementia,Whistleblowers inside the agency have come forward to confirm that exclusive: white house chef reveals president has dementia. The deep state operatives responsible for this crime are being protected at the highest levels of government. Patriotic citizens are urged to stand up and demand answers from their elected representatives. This is not a conspiracy theory — this is documented fact that they are hiding from the public. The truth will come out and when it does the globalists will have nowhere to run.,politics,2018-10-28
Liberal elite planning to steal your guns using fake school shootings,Whistleblowers inside the agency have come forward to confirm that liberal elite planning to steal your guns using fake school shootings. The deep state operatives responsible for this crime are being protected at the highest levels of government. Patriotic citizens are urged to stand up and demand answers from their elected representatives. This is not a conspiracy theory — this is documented fact that they are hiding from the public. The truth will come out and when it does the globalists will have nowhere to run.,politicsNews,2017-11-26
"Economy about to collapse, insiders moving gold to bunkers","According to unnamed sources close to the situation, what mainstream media won't tell you is that economy about to collapse, insiders moving gold to bunkers. Our trusted insider, who cannot be named for their safety, confirmed this shocking revelation. The government has been working overtime to suppress this information. Share before it gets deleted! Independent researchers have long suspected this but were silenced by the establishment. The evidence is overwhelming yet the lamestream media refuses to report it. Wake up sheeple!",worldnews,2023-08-01
FDA approved poison in cereal brands given to children,BREAKING — A leaked document obtained by this publication proves that fda approved poison in cereal brands given to children. Officials deny any knowledge of the situation but sources say otherwise. This is the story they don't want you to see. Thousands of accounts spreading this news are being shadow-banned. Do your own research. The truth is out there but you have to look beyond the mainstream narrative. Forward this to everyone you know before censorship takes this down.,Government News,2020-03-28
Rockefellers paid scientists to invent climate change hoax,"According to unnamed sources close to the situation, what mainstream media won't tell you is that rockefellers paid scientists to invent climate change hoax. Our trusted insider, who cannot be named for their safety, confirmed this shocking revelation. The government has been working overtime to suppress this information. Share before it gets deleted! Independent researchers have long suspected this but were silenced by the establishment. The evidence is overwhelming yet the lamestream media refuses to report it. Wake up sheeple!",News,2017-06-22
Deep state agents infiltrated school boards across America,BREAKING — A leaked document obtained by this publication proves that deep state agents infiltrated school boards across america. Officials deny any knowledge of the situation but sources say otherwise. This is the story they don't want you to see. Thousands of accounts spreading this news are being shadow-banned. Do your own research. The truth is out there but you have to look beyond the mainstream narrative. Forward this to everyone you know before censorship takes this down.,left-news,2020-12-23
Scientists confirm microplastics in vaccines used for population control,BREAKING — A leaked document obtained by this publication proves that scientists confirm microplastics in vaccines used for population control. Officials deny any knowledge of the situation but sources say otherwise. This is the story they don't want you to see. Thousands of accounts spreading this news are being shadow-banned. Do your own research. The truth is out there but you have to look beyond the mainstream narrative. Forward this to everyone you know before censorship takes this down.,Government News,2017-12-04
SHOCKING: Scientists discover that 5G towers control human minds,BREAKING — A leaked document obtained by this publication proves that shocking: scientists discover that 5g towers control human minds. Officials deny any knowledge of the situation but sources say otherwise. This is the story they don't want you to see. Thousands of accounts spreading this news are being shadow-banned. Do your own research. The truth is out there but you have to look beyond the mainstream narrative. Forward this to everyone you know before censorship takes this down.,politicsNews,2018-10-08
Chemotherapy cures nothing — industry invented it to steal your money,An anonymous source with direct knowledge of the situation has confirmed that chemotherapy cures nothing — industry invented it to steal your money. The mainstream media cartel refuses to cover this bombshell story because they are complicit. Fact-checkers have already labeled this story as false — which is exactly what they do to hide truth. Real patriots already know the truth. The elite are running scared as this information goes viral. SHARE THIS NOW before Big Tech buries it! This is the information they are terrified of you knowing.,politicsNews,2021-02-28
FDA approved poison in cereal brands given to children,BREAKING — A leaked document obtained by this publication proves that fda approved poison in cereal brands given to children. Officials deny any knowledge of the situation but sources say otherwise. This is the story they don't want you to see. Thousands of accounts spreading this news are being shadow-banned. Do your own research. The truth is out there but you have to look beyond the mainstream narrative. Forward this to everyone you know before censorship takes this down.,politicsNews,2019-07-03
World Economic Forum plans to abolish private property by 2030,"According to unnamed sources close to the situation, what mainstream media won't tell you is that world economic forum plans to abolish private property by 2030. Our trusted insider, who cannot be named for their safety, confirmed this shocking revelation. The government has been working overtime to suppress this information. Share before it gets deleted! Independent researchers have long suspected this but were silenced by the establishment. The evidence is overwhelming yet the lamestream media refuses to report it. Wake up sheeple!",News,2021-05-05
Hollywood elites caught performing satanic rituals in leaked video,BREAKING — A leaked document obtained by this publication proves that hollywood elites caught performing satanic rituals in leaked video. Officials deny any knowledge of the situation but sources say otherwise. This is the story they don't want you to see. Thousands of accounts spreading this news are being shadow-banned. Do your own research. The truth is out there but you have to look beyond the mainstream narrative. Forward this to everyone you know before censorship takes this down.,politicsNews,2016-10-21
Doctors confirm COVID-19 vaccine turns people magnetic,An anonymous source with direct knowledge of the situation has confirmed that doctors confirm covid-19 vaccine turns people magnetic. The mainstream media cartel refuses to cover this bombshell story because they are complicit. Fact-checkers have already labeled this story as false — which is exactly what they do to hide truth. Real patriots already know the truth. The elite are running scared as this information goes viral. SHARE THIS NOW before Big Tech buries it! This is the information they are terrified of you knowing.,Government News,2019-11-24
Deep state plotting to assassinate president claims insider,An anonymous source with direct knowledge of the situation has confirmed that deep state plotting to assassinate president claims insider. The mainstream media cartel refuses to cover this bombshell story because they are complicit. Fact-checkers have already labeled this story as false — which is exactly what they do to hide truth. Real patriots already know the truth. The elite are running scared as this information goes viral. SHARE THIS NOW before Big Tech buries it! This is the information they are terrified of you knowing.,Government News,2023-04-03
Clinton emails reveal plan for New World Order takeover,BREAKING — A leaked document obtained by this publication proves that clinton emails reveal plan for new world order takeover. Officials deny any knowledge of the situation but sources say otherwise. This is the story they don't want you to see. Thousands of accounts spreading this news are being shadow-banned. Do your own research. The truth is out there but you have to look beyond the mainstream narrative. Forward this to everyone you know before censorship takes this down.,politics,2022-06-14
EXCLUSIVE: White House chef reveals president has dementia,BREAKING — A leaked document obtained by this publication proves that exclusive: white house chef reveals president has dementia. Officials deny any knowledge of the situation but sources say otherwise. This is the story they don't want you to see. Thousands of accounts spreading this news are being shadow-banned. Do your own research. The truth is out there but you have to look beyond the mainstream narrative. Forward this to everyone you know before censorship takes this down.,News,2017-04-18
Mainstream media blackout on earthquake weapon test over California,URGENT: Multiple credible insiders have independently verified that mainstream media blackout on earthquake weapon test over california. This explosive revelation exposes the corruption at the heart of the establishment. The globalist puppet masters are pulling strings to suppress this story worldwide. Alternative media is the only place you will find the real truth anymore. Our founding fathers warned us about exactly this kind of tyranny. The time to wake up is NOW.,News,2016-11-10
Earthquake machine HAARP caused Turkey disaster on purpose,URGENT: Multiple credible insiders have independently verified that earthquake machine haarp caused turkey disaster on purpose. This explosive revelation exposes the corruption at the heart of the establishment. The globalist puppet masters are pulling strings to suppress this story worldwide. Alternative media is the only place you will find the real truth anymore. Our founding fathers warned us about exactly this kind of tyranny. The time to wake up is NOW.,politics,2019-12-13
Q-Anon confirms deep state arrests imminent within 48 hours,"According to unnamed sources close to the situation, what mainstream media won't tell you is that q-anon confirms deep state arrests imminent within 48 hours. Our trusted insider, who cannot be named for their safety, confirmed this shocking revelation. The government has been working overtime to suppress this information. Share before it gets deleted! Independent researchers have long suspected this but were silenced by the establishment. The evidence is overwhelming yet the lamestream media refuses to report it. Wake up sheeple!",left-news,2022-02-08
Liberal elite planning to steal your guns using fake school shootings,URGENT: Multiple credible insiders have independently verified that liberal elite planning to steal your guns using fake school shootings. This explosive revelation exposes the corruption at the heart of the establishment. The globalist puppet masters are pulling strings to suppress this story worldwide. Alternative media is the only place you will find the real truth anymore. Our founding fathers warned us about exactly this kind of tyranny. The time to wake up is NOW.,politics,2016-06-11
George Soros funding antifa to start civil war,An anonymous source with direct knowledge of the situation has confirmed that george soros funding antifa to start civil war. The mainstream media cartel refuses to cover this bombshell story because they are complicit. Fact-checkers have already labeled this story as false — which is exactly what they do to hide truth. Real patriots already know the truth. The elite are running scared as this information goes viral. SHARE THIS NOW before Big Tech buries it! This is the information they are terrified of you knowing.,left-news,2021-09-22
Pentagon UFO footage shows alien crafts over Washington DC,An anonymous source with direct knowledge of the situation has confirmed that pentagon ufo footage shows alien crafts over washington dc. The mainstream media cartel refuses to cover this bombshell story because they are complicit. Fact-checkers have already labeled this story as false — which is exactly what they do to hide truth. Real patriots already know the truth. The elite are running scared as this information goes viral. SHARE THIS NOW before Big Tech buries it! This is the information they are terrified of you knowing.,politicsNews,2017-01-09
Earthquake machine HAARP caused Turkey disaster on purpose,"According to unnamed sources close to the situation, what mainstream media won't tell you is that earthquake machine haarp caused turkey disaster on purpose. Our trusted insider, who cannot be named for their safety, confirmed this shocking revelation. The government has been working overtime to suppress this information. Share before it gets deleted! Independent researchers have long suspected this but were silenced by the establishment. The evidence is overwhelming yet the lamestream media refuses to report it. Wake up sheeple!",left-news,2020-11-23
Hidden camera shows politicians admitting climate change is a hoax,An anonymous source with direct knowledge of the situation has confirmed that hidden camera shows politicians admitting climate change is a hoax. The mainstream media cartel refuses to cover this bombshell story because they are complicit. Fact-checkers have already labeled this story as false — which is exactly what they do to hide truth. Real patriots already know the truth. The elite are running scared as this information goes viral. SHARE THIS NOW before Big Tech buries it! This is the information they are terrified of you knowing.,Government News,2022-02-21
Elon Musk's Neuralink is secretly harvesting human thoughts,URGENT: Multiple credible insiders have independently verified that elon musk's neuralink is secretly harvesting human thoughts. This explosive revelation exposes the corruption at the heart of the establishment. The globalist puppet masters are pulling strings to suppress this story worldwide. Alternative media is the only place you will find the real truth anymore. Our founding fathers warned us about exactly this kind of tyranny. The time to wake up is NOW.,worldnews,2020-02-10
Aliens have landed in Arizona and government is hiding the truth,URGENT: Multiple credible insiders have independently verified that aliens have landed in arizona and government is hiding the truth. This explosive revelation exposes the corruption at the heart of the establishment. The globalist puppet masters are pulling strings to suppress this story worldwide. Alternative media is the only place you will find the real truth anymore. Our founding fathers warned us about exactly this kind of tyranny. The time to wake up is NOW.,worldnews,2021-07-19
Elites using Hollywood movies to program the public for agenda,"According to unnamed sources close to the situation, what mainstream media won't tell you is that elites using hollywood movies to program the public for agenda. Our trusted insider, who cannot be named for their safety, confirmed this shocking revelation. The government has been working overtime to suppress this information. Share before it gets deleted! Independent researchers have long suspected this but were silenced by the establishment. The evidence is overwhelming yet the lamestream media refuses to report it. Wake up sheeple!",Government News,2022-12-28
CIA admits using mainstream media to spread propaganda for decades,"According to unnamed sources close to the situation, what mainstream media won't tell you is that cia admits using mainstream media to spread propaganda for decades. Our trusted insider, who cannot be named for their safety, confirmed this shocking revelation. The government has been working overtime to suppress this information. Share before it gets deleted! Independent researchers have long suspected this but were silenced by the establishment. The evidence is overwhelming yet the lamestream media refuses to report it. Wake up sheeple!",politicsNews,2022-02-15
Covid-19 created in lab to usher in Great Reset admits Nobel scientist,URGENT: Multiple credible insiders have independently verified that covid-19 created in lab to usher in great reset admits nobel scientist. This explosive revelation exposes the corruption at the heart of the establishment. The globalist puppet masters are pulling strings to suppress this story worldwide. Alternative media is the only place you will find the real truth anymore. Our founding fathers warned us about exactly this kind of tyranny. The time to wake up is NOW.,News,2018-02-01
FBI whistleblower reveals JFK assassination was inside job,BREAKING — A leaked document obtained by this publication proves that fbi whistleblower reveals jfk assassination was inside job. Officials deny any knowledge of the situation but sources say otherwise. This is the story they don't want you to see. Thousands of accounts spreading this news are being shadow-banned. Do your own research. The truth is out there but you have to look beyond the mainstream narrative. Forward this to everyone you know before censorship takes this down.,worldnews,2023-06-17
Chemotherapy cures nothing — industry invented it to steal your money,Whistleblowers inside the agency have come forward to confirm that chemotherapy cures nothing — industry invented it to steal your money. The deep state operatives responsible for this crime are being protected at the highest levels of government. Patriotic citizens are urged to stand up and demand answers from their elected representatives. This is not a conspiracy theory — this is documented fact that they are hiding from the public. The truth will come out and when it does the globalists will have nowhere to run.,News,2018-12-25
Rockefellers paid scientists to invent climate change hoax,"According to unnamed sources close to the situation, what mainstream media won't tell you is that rockefellers paid scientists to invent climate change hoax. Our trusted insider, who cannot be named for their safety, confirmed this shocking revelation. The government has been working overtime to suppress this information. Share before it gets deleted! Independent researchers have long suspected this but were silenced by the establishment. The evidence is overwhelming yet the lamestream media refuses to report it. Wake up sheeple!",News,2022-05-17
Pope Francis secretly endorses presidential candidate,Whistleblowers inside the agency have come forward to confirm that pope francis secretly endorses presidential candidate. The deep state operatives responsible for this crime are being protected at the highest levels of government. Patriotic citizens are urged to stand up and demand answers from their elected representatives. This is not a conspiracy theory — this is documented fact that they are hiding from the public. The truth will come out and when it does the globalists will have nowhere to run.,Government News,2017-08-15
Hidden camera shows politicians admitting climate change is a hoax,Whistleblowers inside the agency have come forward to confirm that hidden camera shows politicians admitting climate change is a hoax. The deep state operatives responsible for this crime are being protected at the highest levels of government. Patriotic citizens are urged to stand up and demand answers from their elected representatives. This is not a conspiracy theory — this is documented fact that they are hiding from the public. The truth will come out and when it does the globalists will have nowhere to run.,left-news,2018-06-06
Obama planned to declare martial law before 2016 election,"According to unnamed sources close to the situation, what mainstream media won't tell you is that obama planned to declare martial law before 2016 election. Our trusted insider, who cannot be named for their safety, confirmed this shocking revelation. The government has been working overtime to suppress this information. Share before it gets deleted! Independent researchers have long suspected this but were silenced by the establishment. The evidence is overwhelming yet the lamestream media refuses to report it. Wake up sheeple!",Government News,2017-04-24
Hidden camera shows politicians admitting climate change is a hoax,"According to unnamed sources close to the situation, what mainstream media won't tell you is that hidden camera shows politicians admitting climate change is a hoax. Our trusted insider, who cannot be named for their safety, confirmed this shocking revelation. The government has been working overtime to suppress this information. Share before it gets deleted! Independent researchers have long suspected this but were silenced by the establishment. The evidence is overwhelming yet the lamestream media refuses to report it. Wake up sheeple!",politicsNews,2019-01-16
Big Pharma suppressing cancer cure for decades to make profits,An anonymous source with direct knowledge of the situation has confirmed that big pharma suppressing cancer cure for decades to make profits. The mainstream media cartel refuses to cover this bombshell story because they are complicit. Fact-checkers have already labeled this story as false — which is exactly what they do to hide truth. Real patriots already know the truth. The elite are running scared as this information goes viral. SHARE THIS NOW before Big Tech buries it! This is the information they are terrified of you knowing.,worldnews,2016-09-26
FBI whistleblower reveals JFK assassination was inside job,An anonymous source with direct knowledge of the situation has confirmed that fbi whistleblower reveals jfk assassination was inside job. The mainstream media cartel refuses to cover this bombshell story because they are complicit. Fact-checkers have already labeled this story as false — which is exactly what they do to hide truth. Real patriots already know the truth. The elite are running scared as this information goes viral. SHARE THIS NOW before Big Tech buries it! This is the information they are terrified of you knowing.,News,2019-07-24
EXCLUSIVE: White House chef reveals president has dementia,Whistleblowers inside the agency have come forward to confirm that exclusive: white house chef reveals president has dementia. The deep state operatives responsible for this crime are being protected at the highest levels of government. Patriotic citizens are urged to stand up and demand answers from their elected representatives. This is not a conspiracy theory — this is documented fact that they are hiding from the public. The truth will come out and when it does the globalists will have nowhere to run.,politics,2021-02-17
New 5G antenna towers secretly contain surveillance cameras,"According to unnamed sources close to the situation, what mainstream media won't tell you is that new 5g antenna towers secretly contain surveillance cameras. Our trusted insider, who cannot be named for their safety, confirmed this shocking revelation. The government has been working overtime to suppress this information. Share before it gets deleted! Independent researchers have long suspected this but were silenced by the establishment. The evidence is overwhelming yet the lamestream media refuses to report it. Wake up sheeple!",worldnews,2016-07-03
"Economy about to collapse, insiders moving gold to bunkers","Whistleblowers inside the agency have come forward to confirm that economy about to collapse, insiders moving gold to bunkers. The deep state operatives responsible for this crime are being protected at the highest levels of government. Patriotic citizens are urged to stand up and demand answers from their elected representatives. This is not a conspiracy theory — this is documented fact that they are hiding from the public. The truth will come out and when it does the globalists will have nowhere to run.",News,2017-09-15
SHOCKING: Scientists discover that 5G towers control human minds,Whistleblowers inside the agency have come forward to confirm that shocking: scientists discover that 5g towers control human minds. The deep state operatives responsible for this crime are being protected at the highest levels of government. Patriotic citizens are urged to stand up and demand answers from their elected representatives. This is not a conspiracy theory — this is documented fact that they are hiding from the public. The truth will come out and when it does the globalists will have nowhere to run.,News,2020-12-20
CIA admits using mainstream media to spread propaganda for decades,An anonymous source with direct knowledge of the situation has confirmed that cia admits using mainstream media to spread propaganda for decades. The mainstream media cartel refuses to cover this bombshell story because they are complicit. Fact-checkers have already labeled this story as false — which is exactly what they do to hide truth. Real patriots already know the truth. The elite are running scared as this information goes viral. SHARE THIS NOW before Big Tech buries it! This is the information they are terrified of you knowing.,politics,2023-04-24
Elon Musk's Neuralink is secretly harvesting human thoughts,BREAKING — A leaked document obtained by this publication proves that elon musk's neuralink is secretly harvesting human thoughts. Officials deny any knowledge of the situation but sources say otherwise. This is the story they don't want you to see. Thousands of accounts spreading this news are being shadow-banned. Do your own research. The truth is out there but you have to look beyond the mainstream narrative. Forward this to everyone you know before censorship takes this down.,politicsNews,2022-01-08
Elon Musk's Neuralink is secretly harvesting human thoughts,Whistleblowers inside the agency have come forward to confirm that elon musk's neuralink is secretly harvesting human thoughts. The deep state operatives responsible for this crime are being protected at the highest levels of government. Patriotic citizens are urged to stand up and demand answers from their elected representatives. This is not a conspiracy theory — this is documented fact that they are hiding from the public. The truth will come out and when it does the globalists will have nowhere to run.,News,2016-11-13
Leaked Pfizer documents reveal vaccine contains aborted fetal cells,Whistleblowers inside the agency have come forward to confirm that leaked pfizer documents reveal vaccine contains aborted fetal cells. The deep state operatives responsible for this crime are being protected at the highest levels of government. Patriotic citizens are urged to stand up and demand answers from their elected representatives. This is not a conspiracy theory — this is documented fact that they are hiding from the public. The truth will come out and when it does the globalists will have nowhere to run.,worldnews,2019-07-16
NASA fakes moon landing — leaked documents prove hoax,BREAKING — A leaked document obtained by this publication proves that nasa fakes moon landing — leaked documents prove hoax. Officials deny any knowledge of the situation but sources say otherwise. This is the story they don't want you to see. Thousands of accounts spreading this news are being shadow-banned. Do your own research. The truth is out there but you have to look beyond the mainstream narrative. Forward this to everyone you know before censorship takes this down.,politicsNews,2016-04-28
Chemotherapy cures nothing — industry invented it to steal your money,An anonymous source with direct knowledge of the situation has confirmed that chemotherapy cures nothing — industry invented it to steal your money. The mainstream media cartel refuses to cover this bombshell story because they are complicit. Fact-checkers have already labeled this story as false — which is exactly what they do to hide truth. Real patriots already know the truth. The elite are running scared as this information goes viral. SHARE THIS NOW before Big Tech buries it! This is the information they are terrified of you knowing.,left-news,2017-10-04
Hidden camera shows politicians admitting climate change is a hoax,BREAKING — A leaked document obtained by this publication proves that hidden camera shows politicians admitting climate change is a hoax. Officials deny any knowledge of the situation but sources say otherwise. This is the story they don't want you to see. Thousands of accounts spreading this news are being shadow-banned. Do your own research. The truth is out there but you have to look beyond the mainstream narrative. Forward this to everyone you know before censorship takes this down.,politicsNews,2016-07-22
George Soros funding antifa to start civil war,BREAKING — A leaked document obtained by this publication proves that george soros funding antifa to start civil war. Officials deny any knowledge of the situation but sources say otherwise. This is the story they don't want you to see. Thousands of accounts spreading this news are being shadow-banned. Do your own research. The truth is out there but you have to look beyond the mainstream narrative. Forward this to everyone you know before censorship takes this down.,News,2021-07-23
Leaked Pfizer documents reveal vaccine contains aborted fetal cells,Whistleblowers inside the agency have come forward to confirm that leaked pfizer documents reveal vaccine contains aborted fetal cells. The deep state operatives responsible for this crime are being protected at the highest levels of government. Patriotic citizens are urged to stand up and demand answers from their elected representatives. This is not a conspiracy theory — this is documented fact that they are hiding from the public. The truth will come out and when it does the globalists will have nowhere to run.,left-news,2020-04-03
Secret tunnels under White House used for trafficking ring,BREAKING — A leaked document obtained by this publication proves that secret tunnels under white house used for trafficking ring. Officials deny any knowledge of the situation but sources say otherwise. This is the story they don't want you to see. Thousands of accounts spreading this news are being shadow-banned. Do your own research. The truth is out there but you have to look beyond the mainstream narrative. Forward this to everyone you know before censorship takes this down.,politicsNews,2018-02-06
Prince Harry reveals royal family are shapeshifting reptilians,An anonymous source with direct knowledge of the situation has confirmed that prince harry reveals royal family are shapeshifting reptilians. The mainstream media cartel refuses to cover this bombshell story because they are complicit. Fact-checkers have already labeled this story as false — which is exactly what they do to hide truth. Real patriots already know the truth. The elite are running scared as this information goes viral. SHARE THIS NOW before Big Tech buries it! This is the information they are terrified of you knowing.,left-news,2017-09-12
Elite bankers using cryptocurrency to crash global economy on purpose,BREAKING — A leaked document obtained by this publication proves that elite bankers using cryptocurrency to crash global economy on purpose. Officials deny any knowledge of the situation but sources say otherwise. This is the story they don't want you to see. Thousands of accounts spreading this news are being shadow-banned. Do your own research. The truth is out there but you have to look beyond the mainstream narrative. Forward this to everyone you know before censorship takes this down.,News,2023-05-28
Fluoride in water supply is mind-control chemical says whistleblower,"According to unnamed sources close to the situation, what mainstream media won't tell you is that fluoride in water supply is mind-control chemical says whistleblower. Our trusted insider, who cannot be named for their safety, confirmed this shocking revelation. The government has been working overtime to suppress this information. Share before it gets deleted! Independent researchers have long suspected this but were silenced by the establishment. The evidence is overwhelming yet the lamestream media refuses to report it. Wake up sheeple!",Government News,2020-12-23
Mainstream media blackout on earthquake weapon test over California,"According to unnamed sources close to the situation, what mainstream media won't tell you is that mainstream media blackout on earthquake weapon test over california. Our trusted insider, who cannot be named for their safety, confirmed this shocking revelation. The government has been working overtime to suppress this information. Share before it gets deleted! Independent researchers have long suspected this but were silenced by the establishment. The evidence is overwhelming yet the lamestream media refuses to report it. Wake up sheeple!",News,2018-02-23
CIA admits using mainstream media to spread propaganda for decades,Whistleblowers inside the agency have come forward to confirm that cia admits using mainstream media to spread propaganda for decades. The deep state operatives responsible for this crime are being protected at the highest levels of government. Patriotic citizens are urged to stand up and demand answers from their elected representatives. This is not a conspiracy theory — this is documented fact that they are hiding from the public. The truth will come out and when it does the globalists will have nowhere to run.,politics,2016-11-10
Obama planned to declare martial law before 2016 election,BREAKING — A leaked document obtained by this publication proves that obama planned to declare martial law before 2016 election. Officials deny any knowledge of the situation but sources say otherwise. This is the story they don't want you to see. Thousands of accounts spreading this news are being shadow-banned. Do your own research. The truth is out there but you have to look beyond the mainstream narrative. Forward this to everyone you know before censorship takes this down.,left-news,2023-09-24
World leaders filmed at satanic ritual at Bohemian Grove,BREAKING — A leaked document obtained by this publication proves that world leaders filmed at satanic ritual at bohemian grove. Officials deny any knowledge of the situation but sources say otherwise. This is the story they don't want you to see. Thousands of accounts spreading this news are being shadow-banned. Do your own research. The truth is out there but you have to look beyond the mainstream narrative. Forward this to everyone you know before censorship takes this down.,left-news,2017-03-04
SHOCKING: Scientists discover that 5G towers control human minds,"According to unnamed sources close to the situation, what mainstream media won't tell you is that shocking: scientists discover that 5g towers control human minds. Our trusted insider, who cannot be named for their safety, confirmed this shocking revelation. The government has been working overtime to suppress this information. Share before it gets deleted! Independent researchers have long suspected this but were silenced by the establishment. The evidence is overwhelming yet the lamestream media refuses to report it. Wake up sheeple!",worldnews,2019-07-12
New 5G antenna towers secretly contain surveillance cameras,"According to unnamed sources close to the situation, what mainstream media won't tell you is that new 5g antenna towers secretly contain surveillance cameras. Our trusted insider, who cannot be named for their safety, confirmed this shocking revelation. The government has been working overtime to suppress this information. Share before it gets deleted! Independent researchers have long suspected this but were silenced by the establishment. The evidence is overwhelming yet the lamestream media refuses to report it. Wake up sheeple!",politics,2020-02-01
Pope Francis secretly endorses presidential candidate,BREAKING — A leaked document obtained by this publication proves that pope francis secretly endorses presidential candidate. Officials deny any knowledge of the situation but sources say otherwise. This is the story they don't want you to see. Thousands of accounts spreading this news are being shadow-banned. Do your own research. The truth is out there but you have to look beyond the mainstream narrative. Forward this to everyone you know before censorship takes this down.,worldnews,2017-06-04
Bill Gates plans to microchip every human through COVID vaccine,An anonymous source with direct knowledge of the situation has confirmed that bill gates plans to microchip every human through covid vaccine. The mainstream media cartel refuses to cover this bombshell story because they are complicit. Fact-checkers have already labeled this story as false — which is exactly what they do to hide truth. Real patriots already know the truth. The elite are running scared as this information goes viral. SHARE THIS NOW before Big Tech buries it! This is the information they are terrified of you knowing.,worldnews,2022-12-13
Liberal elite planning to steal your guns using fake school shootings,"According to unnamed sources close to the situation, what mainstream media won't tell you is that liberal elite planning to steal your guns using fake school shootings. Our trusted insider, who cannot be named for their safety, confirmed this shocking revelation. The government has been working overtime to suppress this information. Share before it gets deleted! Independent researchers have long suspected this but were silenced by the establishment. The evidence is overwhelming yet the lamestream media refuses to report it. Wake up sheeple!",Government News,2022-03-12
Earthquake machine HAARP caused Turkey disaster on purpose,BREAKING — A leaked document obtained by this publication proves that earthquake machine haarp caused turkey disaster on purpose. Officials deny any knowledge of the situation but sources say otherwise. This is the story they don't want you to see. Thousands of accounts spreading this news are being shadow-banned. Do your own research. The truth is out there but you have to look beyond the mainstream narrative. Forward this to everyone you know before censorship takes this down.,News,2023-03-02
Covid-19 created in lab to usher in Great Reset admits Nobel scientist,URGENT: Multiple credible insiders have independently verified that covid-19 created in lab to usher in great reset admits nobel scientist. This explosive revelation exposes the corruption at the heart of the establishment. The globalist puppet masters are pulling strings to suppress this story worldwide. Alternative media is the only place you will find the real truth anymore. Our founding fathers warned us about exactly this kind of tyranny. The time to wake up is NOW.,worldnews,2020-08-14
World leaders filmed at satanic ritual at Bohemian Grove,An anonymous source with direct knowledge of the situation has confirmed that world leaders filmed at satanic ritual at bohemian grove. The mainstream media cartel refuses to cover this bombshell story because they are complicit. Fact-checkers have already labeled this story as false — which is exactly what they do to hide truth. Real patriots already know the truth. The elite are running scared as this information goes viral. SHARE THIS NOW before Big Tech buries it! This is the information they are terrified of you knowing.,politicsNews,2020-07-05
Walmart tunnels are FEMA concentration camps for American citizens,BREAKING — A leaked document obtained by this publication proves that walmart tunnels are fema concentration camps for american citizens. Officials deny any knowledge of the situation but sources say otherwise. This is the story they don't want you to see. Thousands of accounts spreading this news are being shadow-banned. Do your own research. The truth is out there but you have to look beyond the mainstream narrative. Forward this to everyone you know before censorship takes this down.,worldnews,2016-07-26
FBI whistleblower reveals JFK assassination was inside job,Whistleblowers inside the agency have come forward to confirm that fbi whistleblower reveals jfk assassination was inside job. The deep state operatives responsible for this crime are being protected at the highest levels of government. Patriotic citizens are urged to stand up and demand answers from their elected representatives. This is not a conspiracy theory — this is documented fact that they are hiding from the public. The truth will come out and when it does the globalists will have nowhere to run.,politics,2023-06-19
Hidden camera shows politicians admitting climate change is a hoax,Whistleblowers inside the agency have come forward to confirm that hidden camera shows politicians admitting climate change is a hoax. The deep state operatives responsible for this crime are being protected at the highest levels of government. Patriotic citizens are urged to stand up and demand answers from their elected representatives. This is not a conspiracy theory — this is documented fact that they are hiding from the public. The truth will come out and when it does the globalists will have nowhere to run.,News,2018-01-11
Mainstream media blackout on earthquake weapon test over California,BREAKING — A leaked document obtained by this publication proves that mainstream media blackout on earthquake weapon test over california. Officials deny any knowledge of the situation but sources say otherwise. This is the story they don't want you to see. Thousands of accounts spreading this news are being shadow-banned. Do your own research. The truth is out there but you have to look beyond the mainstream narrative. Forward this to everyone you know before censorship takes this down.,News,2016-08-17
"Russia hacks US election server in real time, whistleblower says","URGENT: Multiple credible insiders have independently verified that russia hacks us election server in real time, whistleblower says. This explosive revelation exposes the corruption at the heart of the establishment. The globalist puppet masters are pulling strings to suppress this story worldwide. Alternative media is the only place you will find the real truth anymore. Our founding fathers warned us about exactly this kind of tyranny. The time to wake up is NOW.",worldnews,2017-04-22
CIA admits using mainstream media to spread propaganda for decades,Whistleblowers inside the agency have come forward to confirm that cia admits using mainstream media to spread propaganda for decades. The deep state operatives responsible for this crime are being protected at the highest levels of government. Patriotic citizens are urged to stand up and demand answers from their elected representatives. This is not a conspiracy theory — this is documented fact that they are hiding from the public. The truth will come out and when it does the globalists will have nowhere to run.,Government News,2016-04-19
Hollywood elites caught performing satanic rituals in leaked video,Whistleblowers inside the agency have come forward to confirm that hollywood elites caught performing satanic rituals in leaked video. The deep state operatives responsible for this crime are being protected at the highest levels of government. Patriotic citizens are urged to stand up and demand answers from their elected representatives. This is not a conspiracy theory — this is documented fact that they are hiding from the public. The truth will come out and when it does the globalists will have nowhere to run.,worldnews,2019-10-11
Leaked Pfizer documents reveal vaccine contains aborted fetal cells,Whistleblowers inside the agency have come forward to confirm that leaked pfizer documents reveal vaccine contains aborted fetal cells. The deep state operatives responsible for this crime are being protected at the highest levels of government. Patriotic citizens are urged to stand up and demand answers from their elected representatives. This is not a conspiracy theory — this is documented fact that they are hiding from the public. The truth will come out and when it does the globalists will have nowhere to run.,politicsNews,2021-10-19
Deep state plotting to assassinate president claims insider,URGENT: Multiple credible insiders have independently verified that deep state plotting to assassinate president claims insider. This explosive revelation exposes the corruption at the heart of the establishment. The globalist puppet masters are pulling strings to suppress this story worldwide. Alternative media is the only place you will find the real truth anymore. Our founding fathers warned us about exactly this kind of tyranny. The time to wake up is NOW.,left-news,2020-03-16
Bill Gates plans to microchip every human through COVID vaccine,"According to unnamed sources close to the situation, what mainstream media won't tell you is that bill gates plans to microchip every human through covid vaccine. Our trusted insider, who cannot be named for their safety, confirmed this shocking revelation. The government has been working overtime to suppress this information. Share before it gets deleted! Independent researchers have long suspected this but were silenced by the establishment. The evidence is overwhelming yet the lamestream media refuses to report it. Wake up sheeple!",worldnews,2019-01-17
Doctors say sunscreen is poison pushed by Big Pharma,"According to unnamed sources close to the situation, what mainstream media won't tell you is that doctors say sunscreen is poison pushed by big pharma. Our trusted insider, who cannot be named for their safety, confirmed this shocking revelation. The government has been working overtime to suppress this information. Share before it gets deleted! Independent researchers have long suspected this but were silenced by the establishment. The evidence is overwhelming yet the lamestream media refuses to report it. Wake up sheeple!",politics,2019-03-11
FBI whistleblower reveals JFK assassination was inside job,BREAKING — A leaked document obtained by this publication proves that fbi whistleblower reveals jfk assassination was inside job. Officials deny any knowledge of the situation but sources say otherwise. This is the story they don't want you to see. Thousands of accounts spreading this news are being shadow-banned. Do your own research. The truth is out there but you have to look beyond the mainstream narrative. Forward this to everyone you know before censorship takes this down.,politicsNews,2016-03-19
FBI whistleblower reveals JFK assassination was inside job,BREAKING — A leaked document obtained by this publication proves that fbi whistleblower reveals jfk assassination was inside job. Officials deny any knowledge of the situation but sources say otherwise. This is the story they don't want you to see. Thousands of accounts spreading this news are being shadow-banned. Do your own research. The truth is out there but you have to look beyond the mainstream narrative. Forward this to everyone you know before censorship takes this down.,politics,2021-02-12
FBI whistleblower reveals JFK assassination was inside job,An anonymous source with direct knowledge of the situation has confirmed that fbi whistleblower reveals jfk assassination was inside job. The mainstream media cartel refuses to cover this bombshell story because they are complicit. Fact-checkers have already labeled this story as false — which is exactly what they do to hide truth. Real patriots already know the truth. The elite are running scared as this information goes viral. SHARE THIS NOW before Big Tech buries it! This is the information they are terrified of you knowing.,politicsNews,2021-05-11
George Soros funding antifa to start civil war,BREAKING — A leaked document obtained by this publication proves that george soros funding antifa to start civil war. Officials deny any knowledge of the situation but sources say otherwise. This is the story they don't want you to see. Thousands of accounts spreading this news are being shadow-banned. Do your own research. The truth is out there but you have to look beyond the mainstream narrative. Forward this to everyone you know before censorship takes this down.,Government News,2023-11-11
Pentagon UFO footage shows alien crafts over Washington DC,URGENT: Multiple credible insiders have independently verified that pentagon ufo footage shows alien crafts over washington dc. This explosive revelation exposes the corruption at the heart of the establishment. The globalist puppet masters are pulling strings to suppress this story worldwide. Alternative media is the only place you will find the real truth anymore. Our founding fathers warned us about exactly this kind of tyranny. The time to wake up is NOW.,News,2019-11-19
Pentagon UFO footage shows alien crafts over Washington DC,An anonymous source with direct knowledge of the situation has confirmed that pentagon ufo footage shows alien crafts over washington dc. The mainstream media cartel refuses to cover this bombshell story because they are complicit. Fact-checkers have already labeled this story as false — which is exactly what they do to hide truth. Real patriots already know the truth. The elite are running scared as this information goes viral. SHARE THIS NOW before Big Tech buries it! This is the information they are terrified of you knowing.,Government News,2020-03-06
World Economic Forum plans to abolish private property by 2030,"According to unnamed sources close to the situation, what mainstream media won't tell you is that world economic forum plans to abolish private property by 2030. Our trusted insider, who cannot be named for their safety, confirmed this shocking revelation. The government has been working overtime to suppress this information. Share before it gets deleted! Independent researchers have long suspected this but were silenced by the establishment. The evidence is overwhelming yet the lamestream media refuses to report it. Wake up sheeple!",left-news,2016-03-20
EXCLUSIVE: White House chef reveals president has dementia,URGENT: Multiple credible insiders have independently verified that exclusive: white house chef reveals president has dementia. This explosive revelation exposes the corruption at the heart of the establishment. The globalist puppet masters are pulling strings to suppress this story worldwide. Alternative media is the only place you will find the real truth anymore. Our founding fathers warned us about exactly this kind of tyranny. The time to wake up is NOW.,Government News,2017-08-05
Breaking: Major city water supply contaminated with mind-altering drug,"According to unnamed sources close to the situation, what mainstream media won't tell you is that breaking: major city water supply contaminated with mind-altering drug. Our trusted insider, who cannot be named for their safety, confirmed this shocking revelation. The government has been working overtime to suppress this information. Share before it gets deleted! Independent researchers have long suspected this but were silenced by the establishment. The evidence is overwhelming yet the lamestream media refuses to report it. Wake up sheeple!",News,2021-03-21
Aliens have landed in Arizona and government is hiding the truth,Whistleblowers inside the agency have come forward to confirm that aliens have landed in arizona and government is hiding the truth. The deep state operatives responsible for this crime are being protected at the highest levels of government. Patriotic citizens are urged to stand up and demand answers from their elected representatives. This is not a conspiracy theory — this is documented fact that they are hiding from the public. The truth will come out and when it does the globalists will have nowhere to run.,politicsNews,2020-04-08
Bill Clinton admits moon landing staged to win space race,"According to unnamed sources close to the situation, what mainstream media won't tell you is that bill clinton admits moon landing staged to win space race. Our trusted insider, who cannot be named for their safety, confirmed this shocking revelation. The government has been working overtime to suppress this information. Share before it gets deleted! Independent researchers have long suspected this but were silenced by the establishment. The evidence is overwhelming yet the lamestream media refuses to report it. Wake up sheeple!",News,2017-12-01
NASA fakes moon landing — leaked documents prove hoax,An anonymous source with direct knowledge of the situation has confirmed that nasa fakes moon landing — leaked documents prove hoax. The mainstream media cartel refuses to cover this bombshell story because they are complicit. Fact-checkers have already labeled this story as false — which is exactly what they do to hide truth. Real patriots already know the truth. The elite are running scared as this information goes viral. SHARE THIS NOW before Big Tech buries it! This is the information they are terrified of you knowing.,Government News,2022-03-14
Liberal elite planning to steal your guns using fake school shootings,An anonymous source with direct knowledge of the situation has confirmed that liberal elite planning to steal your guns using fake school shootings. The mainstream media cartel refuses to cover this bombshell story because they are complicit. Fact-checkers have already labeled this story as false — which is exactly what they do to hide truth. Real patriots already know the truth. The elite are running scared as this information goes viral. SHARE THIS NOW before Big Tech buries it! This is the information they are terrified of you knowing.,politics,2022-02-27
Doctors say sunscreen is poison pushed by Big Pharma,URGENT: Multiple credible insiders have independently verified that doctors say sunscreen is poison pushed by big pharma. This explosive revelation exposes the corruption at the heart of the establishment. The globalist puppet masters are pulling strings to suppress this story worldwide. Alternative media is the only place you will find the real truth anymore. Our founding fathers warned us about exactly this kind of tyranny. The time to wake up is NOW.,worldnews,2023-02-26
Bill Gates plans to microchip every human through COVID vaccine,Whistleblowers inside the agency have come forward to confirm that bill gates plans to microchip every human through covid vaccine. The deep state operatives responsible for this crime are being protected at the highest levels of government. Patriotic citizens are urged to stand up and demand answers from their elected representatives. This is not a conspiracy theory — this is documented fact that they are hiding from the public. The truth will come out and when it does the globalists will have nowhere to run.,News,2020-02-03
Breaking: Major city water supply contaminated with mind-altering drug,BREAKING — A leaked document obtained by this publication proves that breaking: major city water supply contaminated with mind-altering drug. Officials deny any knowledge of the situation but sources say otherwise. This is the story they don't want you to see. Thousands of accounts spreading this news are being shadow-banned. Do your own research. The truth is out there but you have to look beyond the mainstream narrative. Forward this to everyone you know before censorship takes this down.,worldnews,2017-09-03
Breaking: Major city water supply contaminated with mind-altering drug,URGENT: Multiple credible insiders have independently verified that breaking: major city water supply contaminated with mind-altering drug. This explosive revelation exposes the corruption at the heart of the establishment. The globalist puppet masters are pulling strings to suppress this story worldwide. Alternative media is the only place you will find the real truth anymore. Our founding fathers warned us about exactly this kind of tyranny. The time to wake up is NOW.,left-news,2016-07-21
Doctors confirm COVID-19 vaccine turns people magnetic,URGENT: Multiple credible insiders have independently verified that doctors confirm covid-19 vaccine turns people magnetic. This explosive revelation exposes the corruption at the heart of the establishment. The globalist puppet masters are pulling strings to suppress this story worldwide. Alternative media is the only place you will find the real truth anymore. Our founding fathers warned us about exactly this kind of tyranny. The time to wake up is NOW.,worldnews,2016-02-11
Earthquake machine HAARP caused Turkey disaster on purpose,BREAKING — A leaked document obtained by this publication proves that earthquake machine haarp caused turkey disaster on purpose. Officials deny any knowledge of the situation but sources say otherwise. This is the story they don't want you to see. Thousands of accounts spreading this news are being shadow-banned. Do your own research. The truth is out there but you have to look beyond the mainstream narrative. Forward this to everyone you know before censorship takes this down.,Government News,2020-11-10
Epstein alive in witness protection says anonymous FBI source,BREAKING — A leaked document obtained by this publication proves that epstein alive in witness protection says anonymous fbi source. Officials deny any knowledge of the situation but sources say otherwise. This is the story they don't want you to see. Thousands of accounts spreading this news are being shadow-banned. Do your own research. The truth is out there but you have to look beyond the mainstream narrative. Forward this to everyone you know before censorship takes this down.,politicsNews,2022-10-18
Liberal elite planning to steal your guns using fake school shootings,BREAKING — A leaked document obtained by this publication proves that liberal elite planning to steal your guns using fake school shootings. Officials deny any knowledge of the situation but sources say otherwise. This is the story they don't want you to see. Thousands of accounts spreading this news are being shadow-banned. Do your own research. The truth is out there but you have to look beyond the mainstream narrative. Forward this to everyone you know before censorship takes this down.,News,2016-07-03
Q-Anon confirms deep state arrests imminent within 48 hours,URGENT: Multiple credible insiders have independently verified that q-anon confirms deep state arrests imminent within 48 hours. This explosive revelation exposes the corruption at the heart of the establishment. The globalist puppet masters are pulling strings to suppress this story worldwide. Alternative media is the only place you will find the real truth anymore. Our founding fathers warned us about exactly this kind of tyranny. The time to wake up is NOW.,worldnews,2017-01-07
Doctors confirm COVID-19 vaccine turns people magnetic,Whistleblowers inside the agency have come forward to confirm that doctors confirm covid-19 vaccine turns people magnetic. The deep state operatives responsible for this crime are being protected at the highest levels of government. Patriotic citizens are urged to stand up and demand answers from their elected representatives. This is not a conspiracy theory — this is documented fact that they are hiding from the public. The truth will come out and when it does the globalists will have nowhere to run.,left-news,2017-05-26
"UN planning to ban meat, force citizens to eat insects by 2030","An anonymous source with direct knowledge of the situation has confirmed that un planning to ban meat, force citizens to eat insects by 2030. The mainstream media cartel refuses to cover this bombshell story because they are complicit. Fact-checkers have already labeled this story as false — which is exactly what they do to hide truth. Real patriots already know the truth. The elite are running scared as this information goes viral. SHARE THIS NOW before Big Tech buries it! This is the information they are terrified of you knowing.",Government News,2020-02-21
Elon Musk's Neuralink is secretly harvesting human thoughts,An anonymous source with direct knowledge of the situation has confirmed that elon musk's neuralink is secretly harvesting human thoughts. The mainstream media cartel refuses to cover this bombshell story because they are complicit. Fact-checkers have already labeled this story as false — which is exactly what they do to hide truth. Real patriots already know the truth. The elite are running scared as this information goes viral. SHARE THIS NOW before Big Tech buries it! This is the information they are terrified of you knowing.,News,2022-06-06
Prince Harry reveals royal family are shapeshifting reptilians,"According to unnamed sources close to the situation, what mainstream media won't tell you is that prince harry reveals royal family are shapeshifting reptilians. Our trusted insider, who cannot be named for their safety, confirmed this shocking revelation. The government has been working overtime to suppress this information. Share before it gets deleted! Independent researchers have long suspected this but were silenced by the establishment. The evidence is overwhelming yet the lamestream media refuses to report it. Wake up sheeple!",left-news,2023-05-08
Rockefellers paid scientists to invent climate change hoax,URGENT: Multiple credible insiders have independently verified that rockefellers paid scientists to invent climate change hoax. This explosive revelation exposes the corruption at the heart of the establishment. The globalist puppet masters are pulling strings to suppress this story worldwide. Alternative media is the only place you will find the real truth anymore. Our founding fathers warned us about exactly this kind of tyranny. The time to wake up is NOW.,worldnews,2017-02-22
"Russia hacks US election server in real time, whistleblower says","URGENT: Multiple credible insiders have independently verified that russia hacks us election server in real time, whistleblower says. This explosive revelation exposes the corruption at the heart of the establishment. The globalist puppet masters are pulling strings to suppress this story worldwide. Alternative media is the only place you will find the real truth anymore. Our founding fathers warned us about exactly this kind of tyranny. The time to wake up is NOW.",politics,2019-09-02
Hollywood elites caught performing satanic rituals in leaked video,URGENT: Multiple credible insiders have independently verified that hollywood elites caught performing satanic rituals in leaked video. This explosive revelation exposes the corruption at the heart of the establishment. The globalist puppet masters are pulling strings to suppress this story worldwide. Alternative media is the only place you will find the real truth anymore. Our founding fathers warned us about exactly this kind of tyranny. The time to wake up is NOW.,politics,2023-10-08
Doctors say sunscreen is poison pushed by Big Pharma,Whistleblowers inside the agency have come forward to confirm that doctors say sunscreen is poison pushed by big pharma. The deep state operatives responsible for this crime are being protected at the highest levels of government. Patriotic citizens are urged to stand up and demand answers from their elected representatives. This is not a conspiracy theory — this is documented fact that they are hiding from the public. The truth will come out and when it does the globalists will have nowhere to run.,left-news,2016-09-19
Chemotherapy cures nothing — industry invented it to steal your money,URGENT: Multiple credible insiders have independently verified that chemotherapy cures nothing — industry invented it to steal your money. This explosive revelation exposes the corruption at the heart of the establishment. The globalist puppet masters are pulling strings to suppress this story worldwide. Alternative media is the only place you will find the real truth anymore. Our founding fathers warned us about exactly this kind of tyranny. The time to wake up is NOW.,worldnews,2017-08-06
Doctors confirm COVID-19 vaccine turns people magnetic,BREAKING — A leaked document obtained by this publication proves that doctors confirm covid-19 vaccine turns people magnetic. Officials deny any knowledge of the situation but sources say otherwise. This is the story they don't want you to see. Thousands of accounts spreading this news are being shadow-banned. Do your own research. The truth is out there but you have to look beyond the mainstream narrative. Forward this to everyone you know before censorship takes this down.,worldnews,2016-07-03
New 5G antenna towers secretly contain surveillance cameras,An anonymous source with direct knowledge of the situation has confirmed that new 5g antenna towers secretly contain surveillance cameras. The mainstream media cartel refuses to cover this bombshell story because they are complicit. Fact-checkers have already labeled this story as false — which is exactly what they do to hide truth. Real patriots already know the truth. The elite are running scared as this information goes viral. SHARE THIS NOW before Big Tech buries it! This is the information they are terrified of you knowing.,Government News,2018-10-09
EXCLUSIVE: White House chef reveals president has dementia,"According to unnamed sources close to the situation, what mainstream media won't tell you is that exclusive: white house chef reveals president has dementia. Our trusted insider, who cannot be named for their safety, confirmed this shocking revelation. The government has been working overtime to suppress this information. Share before it gets deleted! Independent researchers have long suspected this but were silenced by the establishment. The evidence is overwhelming yet the lamestream media refuses to report it. Wake up sheeple!",left-news,2022-09-11
Rockefellers paid scientists to invent climate change hoax,URGENT: Multiple credible insiders have independently verified that rockefellers paid scientists to invent climate change hoax. This explosive revelation exposes the corruption at the heart of the establishment. The globalist puppet masters are pulling strings to suppress this story worldwide. Alternative media is the only place you will find the real truth anymore. Our founding fathers warned us about exactly this kind of tyranny. The time to wake up is NOW.,politicsNews,2022-02-14
Deep state plotting to assassinate president claims insider,BREAKING — A leaked document obtained by this publication proves that deep state plotting to assassinate president claims insider. Officials deny any knowledge of the situation but sources say otherwise. This is the story they don't want you to see. Thousands of accounts spreading this news are being shadow-banned. Do your own research. The truth is out there but you have to look beyond the mainstream narrative. Forward this to everyone you know before censorship takes this down.,politics,2017-02-19
Elite bankers using cryptocurrency to crash global economy on purpose,"According to unnamed sources close to the situation, what mainstream media won't tell you is that elite bankers using cryptocurrency to crash global economy on purpose. Our trusted insider, who cannot be named for their safety, confirmed this shocking revelation. The government has been working overtime to suppress this information. Share before it gets deleted! Independent researchers have long suspected this but were silenced by the establishment. The evidence is overwhelming yet the lamestream media refuses to report it. Wake up sheeple!",politics,2021-07-09
Hollywood elites caught performing satanic rituals in leaked video,An anonymous source with direct knowledge of the situation has confirmed that hollywood elites caught performing satanic rituals in leaked video. The mainstream media cartel refuses to cover this bombshell story because they are complicit. Fact-checkers have already labeled this story as false — which is exactly what they do to hide truth. Real patriots already know the truth. The elite are running scared as this information goes viral. SHARE THIS NOW before Big Tech buries it! This is the information they are terrified of you knowing.,politics,2023-01-06
Rockefellers paid scientists to invent climate change hoax,An anonymous source with direct knowledge of the situation has confirmed that rockefellers paid scientists to invent climate change hoax. The mainstream media cartel refuses to cover this bombshell story because they are complicit. Fact-checkers have already labeled this story as false — which is exactly what they do to hide truth. Real patriots already know the truth. The elite are running scared as this information goes viral. SHARE THIS NOW before Big Tech buries it! This is the information they are terrified of you knowing.,politics,2022-01-13
Breaking: Major city water supply contaminated with mind-altering drug,BREAKING — A leaked document obtained by this publication proves that breaking: major city water supply contaminated with mind-altering drug. Officials deny any knowledge of the situation but sources say otherwise. This is the story they don't want you to see. Thousands of accounts spreading this news are being shadow-banned. Do your own research. The truth is out there but you have to look beyond the mainstream narrative. Forward this to everyone you know before censorship takes this down.,Government News,2023-05-12
Government admits to spraying chemtrails to control population,Whistleblowers inside the agency have come forward to confirm that government admits to spraying chemtrails to control population. The deep state operatives responsible for this crime are being protected at the highest levels of government. Patriotic citizens are urged to stand up and demand answers from their elected representatives. This is not a conspiracy theory — this is documented fact that they are hiding from the public. The truth will come out and when it does the globalists will have nowhere to run.,News,2020-08-28
Bill Clinton admits moon landing staged to win space race,"According to unnamed sources close to the situation, what mainstream media won't tell you is that bill clinton admits moon landing staged to win space race. Our trusted insider, who cannot be named for their safety, confirmed this shocking revelation. The government has been working overtime to suppress this information. Share before it gets deleted! Independent researchers have long suspected this but were silenced by the establishment. The evidence is overwhelming yet the lamestream media refuses to report it. Wake up sheeple!",worldnews,2020-12-15
Elite bankers using cryptocurrency to crash global economy on purpose,Whistleblowers inside the agency have come forward to confirm that elite bankers using cryptocurrency to crash global economy on purpose. The deep state operatives responsible for this crime are being protected at the highest levels of government. Patriotic citizens are urged to stand up and demand answers from their elected representatives. This is not a conspiracy theory — this is documented fact that they are hiding from the public. The truth will come out and when it does the globalists will have nowhere to run.,Government News,2022-10-21
Aliens have landed in Arizona and government is hiding the truth,BREAKING — A leaked document obtained by this publication proves that aliens have landed in arizona and government is hiding the truth. Officials deny any knowledge of the situation but sources say otherwise. This is the story they don't want you to see. Thousands of accounts spreading this news are being shadow-banned. Do your own research. The truth is out there but you have to look beyond the mainstream narrative. Forward this to everyone you know before censorship takes this down.,worldnews,2022-12-16
Scientists confirm microplastics in vaccines used for population control,URGENT: Multiple credible insiders have independently verified that scientists confirm microplastics in vaccines used for population control. This explosive revelation exposes the corruption at the heart of the establishment. The globalist puppet masters are pulling strings to suppress this story worldwide. Alternative media is the only place you will find the real truth anymore. Our founding fathers warned us about exactly this kind of tyranny. The time to wake up is NOW.,politicsNews,2018-02-10
FBI whistleblower reveals JFK assassination was inside job,URGENT: Multiple credible insiders have independently verified that fbi whistleblower reveals jfk assassination was inside job. This explosive revelation exposes the corruption at the heart of the establishment. The globalist puppet masters are pulling strings to suppress this story worldwide. Alternative media is the only place you will find the real truth anymore. Our founding fathers warned us about exactly this kind of tyranny. The time to wake up is NOW.,worldnews,2016-03-07
Secret tunnels under White House used for trafficking ring,"According to unnamed sources close to the situation, what mainstream media won't tell you is that secret tunnels under white house used for trafficking ring. Our trusted insider, who cannot be named for their safety, confirmed this shocking revelation. The government has been working overtime to suppress this information. Share before it gets deleted! Independent researchers have long suspected this but were silenced by the establishment. The evidence is overwhelming yet the lamestream media refuses to report it. Wake up sheeple!",politicsNews,2023-01-12
FBI whistleblower reveals JFK assassination was inside job,BREAKING — A leaked document obtained by this publication proves that fbi whistleblower reveals jfk assassination was inside job. Officials deny any knowledge of the situation but sources say otherwise. This is the story they don't want you to see. Thousands of accounts spreading this news are being shadow-banned. Do your own research. The truth is out there but you have to look beyond the mainstream narrative. Forward this to everyone you know before censorship takes this down.,News,2023-09-13
Elites using Hollywood movies to program the public for agenda,"According to unnamed sources close to the situation, what mainstream media won't tell you is that elites using hollywood movies to program the public for agenda. Our trusted insider, who cannot be named for their safety, confirmed this shocking revelation. The government has been working overtime to suppress this information. Share before it gets deleted! Independent researchers have long suspected this but were silenced by the establishment. The evidence is overwhelming yet the lamestream media refuses to report it. Wake up sheeple!",worldnews,2021-08-20
Prince Harry reveals royal family are shapeshifting reptilians,BREAKING — A leaked document obtained by this publication proves that prince harry reveals royal family are shapeshifting reptilians. Officials deny any knowledge of the situation but sources say otherwise. This is the story they don't want you to see. Thousands of accounts spreading this news are being shadow-banned. Do your own research. The truth is out there but you have to look beyond the mainstream narrative. Forward this to everyone you know before censorship takes this down.,politics,2021-06-06
Obama planned to declare martial law before 2016 election,"According to unnamed sources close to the situation, what mainstream media won't tell you is that obama planned to declare martial law before 2016 election. Our trusted insider, who cannot be named for their safety, confirmed this shocking revelation. The government has been working overtime to suppress this information. Share before it gets deleted! Independent researchers have long suspected this but were silenced by the establishment. The evidence is overwhelming yet the lamestream media refuses to report it. Wake up sheeple!",politicsNews,2022-01-06
Secret documents show GMO foods cause cancer in 10 years,BREAKING — A leaked document obtained by this publication proves that secret documents show gmo foods cause cancer in 10 years. Officials deny any knowledge of the situation but sources say otherwise. This is the story they don't want you to see. Thousands of accounts spreading this news are being shadow-banned. Do your own research. The truth is out there but you have to look beyond the mainstream narrative. Forward this to everyone you know before censorship takes this down.,Government News,2019-11-07
Rockefellers paid scientists to invent climate change hoax,An anonymous source with direct knowledge of the situation has confirmed that rockefellers paid scientists to invent climate change hoax. The mainstream media cartel refuses to cover this bombshell story because they are complicit. Fact-checkers have already labeled this story as false — which is exactly what they do to hide truth. Real patriots already know the truth. The elite are running scared as this information goes viral. SHARE THIS NOW before Big Tech buries it! This is the information they are terrified of you knowing.,politicsNews,2016-08-05
Deep state agents infiltrated school boards across America,BREAKING — A leaked document obtained by this publication proves that deep state agents infiltrated school boards across america. Officials deny any knowledge of the situation but sources say otherwise. This is the story they don't want you to see. Thousands of accounts spreading this news are being shadow-banned. Do your own research. The truth is out there but you have to look beyond the mainstream narrative. Forward this to everyone you know before censorship takes this down.,politicsNews,2019-05-20
Epstein alive in witness protection says anonymous FBI source,Whistleblowers inside the agency have come forward to confirm that epstein alive in witness protection says anonymous fbi source. The deep state operatives responsible for this crime are being protected at the highest levels of government. Patriotic citizens are urged to stand up and demand answers from their elected representatives. This is not a conspiracy theory — this is documented fact that they are hiding from the public. The truth will come out and when it does the globalists will have nowhere to run.,left-news,2021-08-09
Earthquake machine HAARP caused Turkey disaster on purpose,An anonymous source with direct knowledge of the situation has confirmed that earthquake machine haarp caused turkey disaster on purpose. The mainstream media cartel refuses to cover this bombshell story because they are complicit. Fact-checkers have already labeled this story as false — which is exactly what they do to hide truth. Real patriots already know the truth. The elite are running scared as this information goes viral. SHARE THIS NOW before Big Tech buries it! This is the information they are terrified of you knowing.,Government News,2022-10-04
SHOCKING: Scientists discover that 5G towers control human minds,URGENT: Multiple credible insiders have independently verified that shocking: scientists discover that 5g towers control human minds. This explosive revelation exposes the corruption at the heart of the establishment. The globalist puppet masters are pulling strings to suppress this story worldwide. Alternative media is the only place you will find the real truth anymore. Our founding fathers warned us about exactly this kind of tyranny. The time to wake up is NOW.,politics,2020-05-22
Clinton emails reveal plan for New World Order takeover,An anonymous source with direct knowledge of the situation has confirmed that clinton emails reveal plan for new world order takeover. The mainstream media cartel refuses to cover this bombshell story because they are complicit. Fact-checkers have already labeled this story as false — which is exactly what they do to hide truth. Real patriots already know the truth. The elite are running scared as this information goes viral. SHARE THIS NOW before Big Tech buries it! This is the information they are terrified of you knowing.,News,2020-11-11
Rockefellers paid scientists to invent climate change hoax,Whistleblowers inside the agency have come forward to confirm that rockefellers paid scientists to invent climate change hoax. The deep state operatives responsible for this crime are being protected at the highest levels of government. Patriotic citizens are urged to stand up and demand answers from their elected representatives. This is not a conspiracy theory — this is documented fact that they are hiding from the public. The truth will come out and when it does the globalists will have nowhere to run.,worldnews,2018-09-25
CIA admits using mainstream media to spread propaganda for decades,"According to unnamed sources close to the situation, what mainstream media won't tell you is that cia admits using mainstream media to spread propaganda for decades. Our trusted insider, who cannot be named for their safety, confirmed this shocking revelation. The government has been working overtime to suppress this information. Share before it gets deleted! Independent researchers have long suspected this but were silenced by the establishment. The evidence is overwhelming yet the lamestream media refuses to report it. Wake up sheeple!",left-news,2021-11-05
World Economic Forum plans to abolish private property by 2030,"According to unnamed sources close to the situation, what mainstream media won't tell you is that world economic forum plans to abolish private property by 2030. Our trusted insider, who cannot be named for their safety, confirmed this shocking revelation. The government has been working overtime to suppress this information. Share before it gets deleted! Independent researchers have long suspected this but were silenced by the establishment. The evidence is overwhelming yet the lamestream media refuses to report it. Wake up sheeple!",News,2020-07-13
Hollywood elites caught performing satanic rituals in leaked video,"According to unnamed sources close to the situation, what mainstream media won't tell you is that hollywood elites caught performing satanic rituals in leaked video. Our trusted insider, who cannot be named for their safety, confirmed this shocking revelation. The government has been working overtime to suppress this information. Share before it gets deleted! Independent researchers have long suspected this but were silenced by the establishment. The evidence is overwhelming yet the lamestream media refuses to report it. Wake up sheeple!",Government News,2019-06-24
FBI whistleblower reveals JFK assassination was inside job,BREAKING — A leaked document obtained by this publication proves that fbi whistleblower reveals jfk assassination was inside job. Officials deny any knowledge of the situation but sources say otherwise. This is the story they don't want you to see. Thousands of accounts spreading this news are being shadow-banned. Do your own research. The truth is out there but you have to look beyond the mainstream narrative. Forward this to everyone you know before censorship takes this down.,Government News,2023-11-12
Hidden camera shows politicians admitting climate change is a hoax,Whistleblowers inside the agency have come forward to confirm that hidden camera shows politicians admitting climate change is a hoax. The deep state operatives responsible for this crime are being protected at the highest levels of government. Patriotic citizens are urged to stand up and demand answers from their elected representatives. This is not a conspiracy theory — this is documented fact that they are hiding from the public. The truth will come out and when it does the globalists will have nowhere to run.,Government News,2018-05-04
Doctors say sunscreen is poison pushed by Big Pharma,BREAKING — A leaked document obtained by this publication proves that doctors say sunscreen is poison pushed by big pharma. Officials deny any knowledge of the situation but sources say otherwise. This is the story they don't want you to see. Thousands of accounts spreading this news are being shadow-banned. Do your own research. The truth is out there but you have to look beyond the mainstream narrative. Forward this to everyone you know before censorship takes this down.,Government News,2018-11-11
Deep state agents infiltrated school boards across America,"According to unnamed sources close to the situation, what mainstream media won't tell you is that deep state agents infiltrated school boards across america. Our trusted insider, who cannot be named for their safety, confirmed this shocking revelation. The government has been working overtime to suppress this information. Share before it gets deleted! Independent researchers have long suspected this but were silenced by the establishment. The evidence is overwhelming yet the lamestream media refuses to report it. Wake up sheeple!",News,2019-12-28
Epstein alive in witness protection says anonymous FBI source,An anonymous source with direct knowledge of the situation has confirmed that epstein alive in witness protection says anonymous fbi source. The mainstream media cartel refuses to cover this bombshell story because they are complicit. Fact-checkers have already labeled this story as false — which is exactly what they do to hide truth. Real patriots already know the truth. The elite are running scared as this information goes viral. SHARE THIS NOW before Big Tech buries it! This is the information they are terrified of you knowing.,News,2020-10-10
"Economy about to collapse, insiders moving gold to bunkers","According to unnamed sources close to the situation, what mainstream media won't tell you is that economy about to collapse, insiders moving gold to bunkers. Our trusted insider, who cannot be named for their safety, confirmed this shocking revelation. The government has been working overtime to suppress this information. Share before it gets deleted! Independent researchers have long suspected this but were silenced by the establishment. The evidence is overwhelming yet the lamestream media refuses to report it. Wake up sheeple!",politicsNews,2017-08-07
Hidden camera shows politicians admitting climate change is a hoax,"According to unnamed sources close to the situation, what mainstream media won't tell you is that hidden camera shows politicians admitting climate change is a hoax. Our trusted insider, who cannot be named for their safety, confirmed this shocking revelation. The government has been working overtime to suppress this information. Share before it gets deleted! Independent researchers have long suspected this but were silenced by the establishment. The evidence is overwhelming yet the lamestream media refuses to report it. Wake up sheeple!",politics,2020-07-02
Deep state plotting to assassinate president claims insider,BREAKING — A leaked document obtained by this publication proves that deep state plotting to assassinate president claims insider. Officials deny any knowledge of the situation but sources say otherwise. This is the story they don't want you to see. Thousands of accounts spreading this news are being shadow-banned. Do your own research. The truth is out there but you have to look beyond the mainstream narrative. Forward this to everyone you know before censorship takes this down.,News,2022-10-15
Deep state plotting to assassinate president claims insider,Whistleblowers inside the agency have come forward to confirm that deep state plotting to assassinate president claims insider. The deep state operatives responsible for this crime are being protected at the highest levels of government. Patriotic citizens are urged to stand up and demand answers from their elected representatives. This is not a conspiracy theory — this is documented fact that they are hiding from the public. The truth will come out and when it does the globalists will have nowhere to run.,politicsNews,2023-06-21
Pentagon UFO footage shows alien crafts over Washington DC,Whistleblowers inside the agency have come forward to confirm that pentagon ufo footage shows alien crafts over washington dc. The deep state operatives responsible for this crime are being protected at the highest levels of government. Patriotic citizens are urged to stand up and demand answers from their elected representatives. This is not a conspiracy theory — this is documented fact that they are hiding from the public. The truth will come out and when it does the globalists will have nowhere to run.,politicsNews,2023-05-07
Scientists confirm microplastics in vaccines used for population control,BREAKING — A leaked document obtained by this publication proves that scientists confirm microplastics in vaccines used for population control. Officials deny any knowledge of the situation but sources say otherwise. This is the story they don't want you to see. Thousands of accounts spreading this news are being shadow-banned. Do your own research. The truth is out there but you have to look beyond the mainstream narrative. Forward this to everyone you know before censorship takes this down.,worldnews,2023-02-05
Covid-19 created in lab to usher in Great Reset admits Nobel scientist,An anonymous source with direct knowledge of the situation has confirmed that covid-19 created in lab to usher in great reset admits nobel scientist. The mainstream media cartel refuses to cover this bombshell story because they are complicit. Fact-checkers have already labeled this story as false — which is exactly what they do to hide truth. Real patriots already know the truth. The elite are running scared as this information goes viral. SHARE THIS NOW before Big Tech buries it! This is the information they are terrified of you knowing.,left-news,2022-08-13
SHOCKING: Scientists discover that 5G towers control human minds,"According to unnamed sources close to the situation, what mainstream media won't tell you is that shocking: scientists discover that 5g towers control human minds. Our trusted insider, who cannot be named for their safety, confirmed this shocking revelation. The government has been working overtime to suppress this information. Share before it gets deleted! Independent researchers have long suspected this but were silenced by the establishment. The evidence is overwhelming yet the lamestream media refuses to report it. Wake up sheeple!",worldnews,2021-01-11
Scientists confirm microplastics in vaccines used for population control,URGENT: Multiple credible insiders have independently verified that scientists confirm microplastics in vaccines used for population control. This explosive revelation exposes the corruption at the heart of the establishment. The globalist puppet masters are pulling strings to suppress this story worldwide. Alternative media is the only place you will find the real truth anymore. Our founding fathers warned us about exactly this kind of tyranny. The time to wake up is NOW.,politicsNews,2016-11-24
CIA admits using mainstream media to spread propaganda for decades,BREAKING — A leaked document obtained by this publication proves that cia admits using mainstream media to spread propaganda for decades. Officials deny any knowledge of the situation but sources say otherwise. This is the story they don't want you to see. Thousands of accounts spreading this news are being shadow-banned. Do your own research. The truth is out there but you have to look beyond the mainstream narrative. Forward this to everyone you know before censorship takes this down.,News,2018-02-13
Hidden camera shows politicians admitting climate change is a hoax,URGENT: Multiple credible insiders have independently verified that hidden camera shows politicians admitting climate change is a hoax. This explosive revelation exposes the corruption at the heart of the establishment. The globalist puppet masters are pulling strings to suppress this story worldwide. Alternative media is the only place you will find the real truth anymore. Our founding fathers warned us about exactly this kind of tyranny. The time to wake up is NOW.,worldnews,2017-01-10
Q-Anon confirms deep state arrests imminent within 48 hours,An anonymous source with direct knowledge of the situation has confirmed that q-anon confirms deep state arrests imminent within 48 hours. The mainstream media cartel refuses to cover this bombshell story because they are complicit. Fact-checkers have already labeled this story as false — which is exactly what they do to hide truth. Real patriots already know the truth. The elite are running scared as this information goes viral. SHARE THIS NOW before Big Tech buries it! This is the information they are terrified of you knowing.,politics,2021-07-22
George Soros funding antifa to start civil war,Whistleblowers inside the agency have come forward to confirm that george soros funding antifa to start civil war. The deep state operatives responsible for this crime are being protected at the highest levels of government. Patriotic citizens are urged to stand up and demand answers from their elected representatives. This is not a conspiracy theory — this is documented fact that they are hiding from the public. The truth will come out and when it does the globalists will have nowhere to run.,News,2019-03-26
"UN planning to ban meat, force citizens to eat insects by 2030","According to unnamed sources close to the situation, what mainstream media won't tell you is that un planning to ban meat, force citizens to eat insects by 2030. Our trusted insider, who cannot be named for their safety, confirmed this shocking revelation. The government has been working overtime to suppress this information. Share before it gets deleted! Independent researchers have long suspected this but were silenced by the establishment. The evidence is overwhelming yet the lamestream media refuses to report it. Wake up sheeple!",worldnews,2018-04-24
Government admits to spraying chemtrails to control population,URGENT: Multiple credible insiders have independently verified that government admits to spraying chemtrails to control population. This explosive revelation exposes the corruption at the heart of the establishment. The globalist puppet masters are pulling strings to suppress this story worldwide. Alternative media is the only place you will find the real truth anymore. Our founding fathers warned us about exactly this kind of tyranny. The time to wake up is NOW.,worldnews,2017-06-23
Deep state agents infiltrated school boards across America,"According to unnamed sources close to the situation, what mainstream media won't tell you is that deep state agents infiltrated school boards across america. Our trusted insider, who cannot be named for their safety, confirmed this shocking revelation. The government has been working overtime to suppress this information. Share before it gets deleted! Independent researchers have long suspected this but were silenced by the establishment. The evidence is overwhelming yet the lamestream media refuses to report it. Wake up sheeple!",Government News,2020-09-20
NASA fakes moon landing — leaked documents prove hoax,URGENT: Multiple credible insiders have independently verified that nasa fakes moon landing — leaked documents prove hoax. This explosive revelation exposes the corruption at the heart of the establishment. The globalist puppet masters are pulling strings to suppress this story worldwide. Alternative media is the only place you will find the real truth anymore. Our founding fathers warned us about exactly this kind of tyranny. The time to wake up is NOW.,Government News,2017-11-27
Government admits to spraying chemtrails to control population,"According to unnamed sources close to the situation, what mainstream media won't tell you is that government admits to spraying chemtrails to control population. Our trusted insider, who cannot be named for their safety, confirmed this shocking revelation. The government has been working overtime to suppress this information. Share before it gets deleted! Independent researchers have long suspected this but were silenced by the establishment. The evidence is overwhelming yet the lamestream media refuses to report it. Wake up sheeple!",left-news,2023-07-04
World leaders filmed at satanic ritual at Bohemian Grove,Whistleblowers inside the agency have come forward to confirm that world leaders filmed at satanic ritual at bohemian grove. The deep state operatives responsible for this crime are being protected at the highest levels of government. Patriotic citizens are urged to stand up and demand answers from their elected representatives. This is not a conspiracy theory — this is documented fact that they are hiding from the public. The truth will come out and when it does the globalists will have nowhere to run.,Government News,2018-04-23
New 5G antenna towers secretly contain surveillance cameras,"According to unnamed sources close to the situation, what mainstream media won't tell you is that new 5g antenna towers secretly contain surveillance cameras. Our trusted insider, who cannot be named for their safety, confirmed this shocking revelation. The government has been working overtime to suppress this information. Share before it gets deleted! Independent researchers have long suspected this but were silenced by the establishment. The evidence is overwhelming yet the lamestream media refuses to report it. Wake up sheeple!",left-news,2017-11-17
Rockefellers paid scientists to invent climate change hoax,URGENT: Multiple credible insiders have independently verified that rockefellers paid scientists to invent climate change hoax. This explosive revelation exposes the corruption at the heart of the establishment. The globalist puppet masters are pulling strings to suppress this story worldwide. Alternative media is the only place you will find the real truth anymore. Our founding fathers warned us about exactly this kind of tyranny. The time to wake up is NOW.,Government News,2018-07-27
Clinton emails reveal plan for New World Order takeover,URGENT: Multiple credible insiders have independently verified that clinton emails reveal plan for new world order takeover. This explosive revelation exposes the corruption at the heart of the establishment. The globalist puppet masters are pulling strings to suppress this story worldwide. Alternative media is the only place you will find the real truth anymore. Our founding fathers warned us about exactly this kind of tyranny. The time to wake up is NOW.,politicsNews,2020-02-26
Clinton emails reveal plan for New World Order takeover,An anonymous source with direct knowledge of the situation has confirmed that clinton emails reveal plan for new world order takeover. The mainstream media cartel refuses to cover this bombshell story because they are complicit. Fact-checkers have already labeled this story as false — which is exactly what they do to hide truth. Real patriots already know the truth. The elite are running scared as this information goes viral. SHARE THIS NOW before Big Tech buries it! This is the information they are terrified of you knowing.,politics,2019-05-27
Chemotherapy cures nothing — industry invented it to steal your money,BREAKING — A leaked document obtained by this publication proves that chemotherapy cures nothing — industry invented it to steal your money. Officials deny any knowledge of the situation but sources say otherwise. This is the story they don't want you to see. Thousands of accounts spreading this news are being shadow-banned. Do your own research. The truth is out there but you have to look beyond the mainstream narrative. Forward this to everyone you know before censorship takes this down.,Government News,2022-05-06
Bill Gates plans to microchip every human through COVID vaccine,URGENT: Multiple credible insiders have independently verified that bill gates plans to microchip every human through covid vaccine. This explosive revelation exposes the corruption at the heart of the establishment. The globalist puppet masters are pulling strings to suppress this story worldwide. Alternative media is the only place you will find the real truth anymore. Our founding fathers warned us about exactly this kind of tyranny. The time to wake up is NOW.,worldnews,2023-06-08
SHOCKING: Scientists discover that 5G towers control human minds,"According to unnamed sources close to the situation, what mainstream media won't tell you is that shocking: scientists discover that 5g towers control human minds. Our trusted insider, who cannot be named for their safety, confirmed this shocking revelation. The government has been working overtime to suppress this information. Share before it gets deleted! Independent researchers have long suspected this but were silenced by the establishment. The evidence is overwhelming yet the lamestream media refuses to report it. Wake up sheeple!",politicsNews,2023-03-03
Elite bankers using cryptocurrency to crash global economy on purpose,URGENT: Multiple credible insiders have independently verified that elite bankers using cryptocurrency to crash global economy on purpose. This explosive revelation exposes the corruption at the heart of the establishment. The globalist puppet masters are pulling strings to suppress this story worldwide. Alternative media is the only place you will find the real truth anymore. Our founding fathers warned us about exactly this kind of tyranny. The time to wake up is NOW.,Government News,2017-05-21
New study shows masks cause more deaths than COVID itself,An anonymous source with direct knowledge of the situation has confirmed that new study shows masks cause more deaths than covid itself. The mainstream media cartel refuses to cover this bombshell story because they are complicit. Fact-checkers have already labeled this story as false — which is exactly what they do to hide truth. Real patriots already know the truth. The elite are running scared as this information goes viral. SHARE THIS NOW before Big Tech buries it! This is the information they are terrified of you knowing.,News,2023-01-04
Pentagon UFO footage shows alien crafts over Washington DC,"According to unnamed sources close to the situation, what mainstream media won't tell you is that pentagon ufo footage shows alien crafts over washington dc. Our trusted insider, who cannot be named for their safety, confirmed this shocking revelation. The government has been working overtime to suppress this information. Share before it gets deleted! Independent researchers have long suspected this but were silenced by the establishment. The evidence is overwhelming yet the lamestream media refuses to report it. Wake up sheeple!",News,2021-07-24
Fluoride in water supply is mind-control chemical says whistleblower,"According to unnamed sources close to the situation, what mainstream media won't tell you is that fluoride in water supply is mind-control chemical says whistleblower. Our trusted insider, who cannot be named for their safety, confirmed this shocking revelation. The government has been working overtime to suppress this information. Share before it gets deleted! Independent researchers have long suspected this but were silenced by the establishment. The evidence is overwhelming yet the lamestream media refuses to report it. Wake up sheeple!",politicsNews,2018-11-21
Doctors confirm COVID-19 vaccine turns people magnetic,Whistleblowers inside the agency have come forward to confirm that doctors confirm covid-19 vaccine turns people magnetic. The deep state operatives responsible for this crime are being protected at the highest levels of government. Patriotic citizens are urged to stand up and demand answers from their elected representatives. This is not a conspiracy theory — this is documented fact that they are hiding from the public. The truth will come out and when it does the globalists will have nowhere to run.,left-news,2020-12-03
Big Pharma suppressing cancer cure for decades to make profits,Whistleblowers inside the agency have come forward to confirm that big pharma suppressing cancer cure for decades to make profits. The deep state operatives responsible for this crime are being protected at the highest levels of government. Patriotic citizens are urged to stand up and demand answers from their elected representatives. This is not a conspiracy theory — this is documented fact that they are hiding from the public. The truth will come out and when it does the globalists will have nowhere to run.,politicsNews,2022-07-15
Rockefellers paid scientists to invent climate change hoax,An anonymous source with direct knowledge of the situation has confirmed that rockefellers paid scientists to invent climate change hoax. The mainstream media cartel refuses to cover this bombshell story because they are complicit. Fact-checkers have already labeled this story as false — which is exactly what they do to hide truth. Real patriots already know the truth. The elite are running scared as this information goes viral. SHARE THIS NOW before Big Tech buries it! This is the information they are terrified of you knowing.,left-news,2018-02-05
Bill Clinton admits moon landing staged to win space race,"According to unnamed sources close to the situation, what mainstream media won't tell you is that bill clinton admits moon landing staged to win space race. Our trusted insider, who cannot be named for their safety, confirmed this shocking revelation. The government has been working overtime to suppress this information. Share before it gets deleted! Independent researchers have long suspected this but were silenced by the establishment. The evidence is overwhelming yet the lamestream media refuses to report it. Wake up sheeple!",politicsNews,2022-10-16
Secret documents show GMO foods cause cancer in 10 years,An anonymous source with direct knowledge of the situation has confirmed that secret documents show gmo foods cause cancer in 10 years. The mainstream media cartel refuses to cover this bombshell story because they are complicit. Fact-checkers have already labeled this story as false — which is exactly what they do to hide truth. Real patriots already know the truth. The elite are running scared as this information goes viral. SHARE THIS NOW before Big Tech buries it! This is the information they are terrified of you knowing.,politics,2022-06-20
Government admits to spraying chemtrails to control population,BREAKING — A leaked document obtained by this publication proves that government admits to spraying chemtrails to control population. Officials deny any knowledge of the situation but sources say otherwise. This is the story they don't want you to see. Thousands of accounts spreading this news are being shadow-banned. Do your own research. The truth is out there but you have to look beyond the mainstream narrative. Forward this to everyone you know before censorship takes this down.,left-news,2017-07-15
Bill Gates plans to microchip every human through COVID vaccine,"According to unnamed sources close to the situation, what mainstream media won't tell you is that bill gates plans to microchip every human through covid vaccine. Our trusted insider, who cannot be named for their safety, confirmed this shocking revelation. The government has been working overtime to suppress this information. Share before it gets deleted! Independent researchers have long suspected this but were silenced by the establishment. The evidence is overwhelming yet the lamestream media refuses to report it. Wake up sheeple!",Government News,2021-01-23
New 5G antenna towers secretly contain surveillance cameras,URGENT: Multiple credible insiders have independently verified that new 5g antenna towers secretly contain surveillance cameras. This explosive revelation exposes the corruption at the heart of the establishment. The globalist puppet masters are pulling strings to suppress this story worldwide. Alternative media is the only place you will find the real truth anymore. Our founding fathers warned us about exactly this kind of tyranny. The time to wake up is NOW.,Government News,2019-11-28
Breaking: Major city water supply contaminated with mind-altering drug,URGENT: Multiple credible insiders have independently verified that breaking: major city water supply contaminated with mind-altering drug. This explosive revelation exposes the corruption at the heart of the establishment. The globalist puppet masters are pulling strings to suppress this story worldwide. Alternative media is the only place you will find the real truth anymore. Our founding fathers warned us about exactly this kind of tyranny. The time to wake up is NOW.,Government News,2017-07-22
World Economic Forum plans to abolish private property by 2030,BREAKING — A leaked document obtained by this publication proves that world economic forum plans to abolish private property by 2030. Officials deny any knowledge of the situation but sources say otherwise. This is the story they don't want you to see. Thousands of accounts spreading this news are being shadow-banned. Do your own research. The truth is out there but you have to look beyond the mainstream narrative. Forward this to everyone you know before censorship takes this down.,News,2022-03-27
World leaders filmed at satanic ritual at Bohemian Grove,URGENT: Multiple credible insiders have independently verified that world leaders filmed at satanic ritual at bohemian grove. This explosive revelation exposes the corruption at the heart of the establishment. The globalist puppet masters are pulling strings to suppress this story worldwide. Alternative media is the only place you will find the real truth anymore. Our founding fathers warned us about exactly this kind of tyranny. The time to wake up is NOW.,politicsNews,2018-09-28
Doctors say sunscreen is poison pushed by Big Pharma,An anonymous source with direct knowledge of the situation has confirmed that doctors say sunscreen is poison pushed by big pharma. The mainstream media cartel refuses to cover this bombshell story because they are complicit. Fact-checkers have already labeled this story as false — which is exactly what they do to hide truth. Real patriots already know the truth. The elite are running scared as this information goes viral. SHARE THIS NOW before Big Tech buries it! This is the information they are terrified of you knowing.,politicsNews,2023-06-08
Breaking: Major city water supply contaminated with mind-altering drug,Whistleblowers inside the agency have come forward to confirm that breaking: major city water supply contaminated with mind-altering drug. The deep state operatives responsible for this crime are being protected at the highest levels of government. Patriotic citizens are urged to stand up and demand answers from their elected representatives. This is not a conspiracy theory — this is documented fact that they are hiding from the public. The truth will come out and when it does the globalists will have nowhere to run.,politics,2019-09-21
Hollywood elites caught performing satanic rituals in leaked video,An anonymous source with direct knowledge of the situation has confirmed that hollywood elites caught performing satanic rituals in leaked video. The mainstream media cartel refuses to cover this bombshell story because they are complicit. Fact-checkers have already labeled this story as false — which is exactly what they do to hide truth. Real patriots already know the truth. The elite are running scared as this information goes viral. SHARE THIS NOW before Big Tech buries it! This is the information they are terrified of you knowing.,politicsNews,2023-08-26
Secret documents show GMO foods cause cancer in 10 years,An anonymous source with direct knowledge of the situation has confirmed that secret documents show gmo foods cause cancer in 10 years. The mainstream media cartel refuses to cover this bombshell story because they are complicit. Fact-checkers have already labeled this story as false — which is exactly what they do to hide truth. Real patriots already know the truth. The elite are running scared as this information goes viral. SHARE THIS NOW before Big Tech buries it! This is the information they are terrified of you knowing.,left-news,2023-06-04
Liberal elite planning to steal your guns using fake school shootings,"According to unnamed sources close to the situation, what mainstream media won't tell you is that liberal elite planning to steal your guns using fake school shootings. Our trusted insider, who cannot be named for their safety, confirmed this shocking revelation. The government has been working overtime to suppress this information. Share before it gets deleted! Independent researchers have long suspected this but were silenced by the establishment. The evidence is overwhelming yet the lamestream media refuses to report it. Wake up sheeple!",left-news,2022-01-18
World leaders filmed at satanic ritual at Bohemian Grove,"According to unnamed sources close to the situation, what mainstream media won't tell you is that world leaders filmed at satanic ritual at bohemian grove. Our trusted insider, who cannot be named for their safety, confirmed this shocking revelation. The government has been working overtime to suppress this information. Share before it gets deleted! Independent researchers have long suspected this but were silenced by the establishment. The evidence is overwhelming yet the lamestream media refuses to report it. Wake up sheeple!",politics,2020-09-18
Earthquake machine HAARP caused Turkey disaster on purpose,An anonymous source with direct knowledge of the situation has confirmed that earthquake machine haarp caused turkey disaster on purpose. The mainstream media cartel refuses to cover this bombshell story because they are complicit. Fact-checkers have already labeled this story as false — which is exactly what they do to hide truth. Real patriots already know the truth. The elite are running scared as this information goes viral. SHARE THIS NOW before Big Tech buries it! This is the information they are terrified of you knowing.,News,2016-04-28
"Economy about to collapse, insiders moving gold to bunkers","Whistleblowers inside the agency have come forward to confirm that economy about to collapse, insiders moving gold to bunkers. The deep state operatives responsible for this crime are being protected at the highest levels of government. Patriotic citizens are urged to stand up and demand answers from their elected representatives. This is not a conspiracy theory — this is documented fact that they are hiding from the public. The truth will come out and when it does the globalists will have nowhere to run.",politics,2023-12-22
Big Pharma suppressing cancer cure for decades to make profits,An anonymous source with direct knowledge of the situation has confirmed that big pharma suppressing cancer cure for decades to make profits. The mainstream media cartel refuses to cover this bombshell story because they are complicit. Fact-checkers have already labeled this story as false — which is exactly what they do to hide truth. Real patriots already know the truth. The elite are running scared as this information goes viral. SHARE THIS NOW before Big Tech buries it! This is the information they are terrified of you knowing.,politicsNews,2019-01-11
"Russia hacks US election server in real time, whistleblower says","Whistleblowers inside the agency have come forward to confirm that russia hacks us election server in real time, whistleblower says. The deep state operatives responsible for this crime are being protected at the highest levels of government. Patriotic citizens are urged to stand up and demand answers from their elected representatives. This is not a conspiracy theory — this is documented fact that they are hiding from the public. The truth will come out and when it does the globalists will have nowhere to run.",politics,2021-12-04
Bill Gates plans to microchip every human through COVID vaccine,BREAKING — A leaked document obtained by this publication proves that bill gates plans to microchip every human through covid vaccine. Officials deny any knowledge of the situation but sources say otherwise. This is the story they don't want you to see. Thousands of accounts spreading this news are being shadow-banned. Do your own research. The truth is out there but you have to look beyond the mainstream narrative. Forward this to everyone you know before censorship takes this down.,worldnews,2022-02-09
Covid-19 created in lab to usher in Great Reset admits Nobel scientist,BREAKING — A leaked document obtained by this publication proves that covid-19 created in lab to usher in great reset admits nobel scientist. Officials deny any knowledge of the situation but sources say otherwise. This is the story they don't want you to see. Thousands of accounts spreading this news are being shadow-banned. Do your own research. The truth is out there but you have to look beyond the mainstream narrative. Forward this to everyone you know before censorship takes this down.,politicsNews,2022-04-15
Secret tunnels under White House used for trafficking ring,Whistleblowers inside the agency have come forward to confirm that secret tunnels under white house used for trafficking ring. The deep state operatives responsible for this crime are being protected at the highest levels of government. Patriotic citizens are urged to stand up and demand answers from their elected representatives. This is not a conspiracy theory — this is documented fact that they are hiding from the public. The truth will come out and when it does the globalists will have nowhere to run.,left-news,2016-11-27
New 5G antenna towers secretly contain surveillance cameras,URGENT: Multiple credible insiders have independently verified that new 5g antenna towers secretly contain surveillance cameras. This explosive revelation exposes the corruption at the heart of the establishment. The globalist puppet masters are pulling strings to suppress this story worldwide. Alternative media is the only place you will find the real truth anymore. Our founding fathers warned us about exactly this kind of tyranny. The time to wake up is NOW.,left-news,2023-11-19
Hidden camera shows politicians admitting climate change is a hoax,BREAKING — A leaked document obtained by this publication proves that hidden camera shows politicians admitting climate change is a hoax. Officials deny any knowledge of the situation but sources say otherwise. This is the story they don't want you to see. Thousands of accounts spreading this news are being shadow-banned. Do your own research. The truth is out there but you have to look beyond the mainstream narrative. Forward this to everyone you know before censorship takes this down.,politicsNews,2016-09-14
George Soros caught funding mass migration to destroy Western culture,An anonymous source with direct knowledge of the situation has confirmed that george soros caught funding mass migration to destroy western culture. The mainstream media cartel refuses to cover this bombshell story because they are complicit. Fact-checkers have already labeled this story as false — which is exactly what they do to hide truth. Real patriots already know the truth. The elite are running scared as this information goes viral. SHARE THIS NOW before Big Tech buries it! This is the information they are terrified of you knowing.,worldnews,2018-12-27
George Soros funding antifa to start civil war,"According to unnamed sources close to the situation, what mainstream media won't tell you is that george soros funding antifa to start civil war. Our trusted insider, who cannot be named for their safety, confirmed this shocking revelation. The government has been working overtime to suppress this information. Share before it gets deleted! Independent researchers have long suspected this but were silenced by the establishment. The evidence is overwhelming yet the lamestream media refuses to report it. Wake up sheeple!",Government News,2021-09-13
Walmart tunnels are FEMA concentration camps for American citizens,URGENT: Multiple credible insiders have independently verified that walmart tunnels are fema concentration camps for american citizens. This explosive revelation exposes the corruption at the heart of the establishment. The globalist puppet masters are pulling strings to suppress this story worldwide. Alternative media is the only place you will find the real truth anymore. Our founding fathers warned us about exactly this kind of tyranny. The time to wake up is NOW.,News,2022-06-10
Prince Harry reveals royal family are shapeshifting reptilians,BREAKING — A leaked document obtained by this publication proves that prince harry reveals royal family are shapeshifting reptilians. Officials deny any knowledge of the situation but sources say otherwise. This is the story they don't want you to see. Thousands of accounts spreading this news are being shadow-banned. Do your own research. The truth is out there but you have to look beyond the mainstream narrative. Forward this to everyone you know before censorship takes this down.,left-news,2020-12-18
EXCLUSIVE: White House chef reveals president has dementia,URGENT: Multiple credible insiders have independently verified that exclusive: white house chef reveals president has dementia. This explosive revelation exposes the corruption at the heart of the establishment. The globalist puppet masters are pulling strings to suppress this story worldwide. Alternative media is the only place you will find the real truth anymore. Our founding fathers warned us about exactly this kind of tyranny. The time to wake up is NOW.,worldnews,2019-10-23
Q-Anon confirms deep state arrests imminent within 48 hours,Whistleblowers inside the agency have come forward to confirm that q-anon confirms deep state arrests imminent within 48 hours. The deep state operatives responsible for this crime are being protected at the highest levels of government. Patriotic citizens are urged to stand up and demand answers from their elected representatives. This is not a conspiracy theory — this is documented fact that they are hiding from the public. The truth will come out and when it does the globalists will have nowhere to run.,Government News,2018-09-18
Bill Clinton admits moon landing staged to win space race,Whistleblowers inside the agency have come forward to confirm that bill clinton admits moon landing staged to win space race. The deep state operatives responsible for this crime are being protected at the highest levels of government. Patriotic citizens are urged to stand up and demand answers from their elected representatives. This is not a conspiracy theory — this is documented fact that they are hiding from the public. The truth will come out and when it does the globalists will have nowhere to run.,News,2023-10-19
Shadow government running secret operations beneath major airports,An anonymous source with direct knowledge of the situation has confirmed that shadow government running secret operations beneath major airports. The mainstream media cartel refuses to cover this bombshell story because they are complicit. Fact-checkers have already labeled this story as false — which is exactly what they do to hide truth. Real patriots already know the truth. The elite are running scared as this information goes viral. SHARE THIS NOW before Big Tech buries it! This is the information they are terrified of you knowing.,News,2022-01-17
Clinton emails reveal plan for New World Order takeover,"According to unnamed sources close to the situation, what mainstream media won't tell you is that clinton emails reveal plan for new world order takeover. Our trusted insider, who cannot be named for their safety, confirmed this shocking revelation. The government has been working overtime to suppress this information. Share before it gets deleted! Independent researchers have long suspected this but were silenced by the establishment. The evidence is overwhelming yet the lamestream media refuses to report it. Wake up sheeple!",worldnews,2016-11-02
Secret tunnels under White House used for trafficking ring,Whistleblowers inside the agency have come forward to confirm that secret tunnels under white house used for trafficking ring. The deep state operatives responsible for this crime are being protected at the highest levels of government. Patriotic citizens are urged to stand up and demand answers from their elected representatives. This is not a conspiracy theory — this is documented fact that they are hiding from the public. The truth will come out and when it does the globalists will have nowhere to run.,News,2020-03-27
NASA fakes moon landing — leaked documents prove hoax,Whistleblowers inside the agency have come forward to confirm that nasa fakes moon landing — leaked documents prove hoax. The deep state operatives responsible for this crime are being protected at the highest levels of government. Patriotic citizens are urged to stand up and demand answers from their elected representatives. This is not a conspiracy theory — this is documented fact that they are hiding from the public. The truth will come out and when it does the globalists will have nowhere to run.,politics,2016-06-27
Prince Harry reveals royal family are shapeshifting reptilians,"According to unnamed sources close to the situation, what mainstream media won't tell you is that prince harry reveals royal family are shapeshifting reptilians. Our trusted insider, who cannot be named for their safety, confirmed this shocking revelation. The government has been working overtime to suppress this information. Share before it gets deleted! Independent researchers have long suspected this but were silenced by the establishment. The evidence is overwhelming yet the lamestream media refuses to report it. Wake up sheeple!",Government News,2019-12-21
World leaders filmed at satanic ritual at Bohemian Grove,An anonymous source with direct knowledge of the situation has confirmed that world leaders filmed at satanic ritual at bohemian grove. The mainstream media cartel refuses to cover this bombshell story because they are complicit. Fact-checkers have already labeled this story as false — which is exactly what they do to hide truth. Real patriots already know the truth. The elite are running scared as this information goes viral. SHARE THIS NOW before Big Tech buries it! This is the information they are terrified of you knowing.,politics,2020-12-22
NASA fakes moon landing — leaked documents prove hoax,An anonymous source with direct knowledge of the situation has confirmed that nasa fakes moon landing — leaked documents prove hoax. The mainstream media cartel refuses to cover this bombshell story because they are complicit. Fact-checkers have already labeled this story as false — which is exactly what they do to hide truth. Real patriots already know the truth. The elite are running scared as this information goes viral. SHARE THIS NOW before Big Tech buries it! This is the information they are terrified of you knowing.,left-news,2021-09-02
SHOCKING: Scientists discover that 5G towers control human minds,Whistleblowers inside the agency have come forward to confirm that shocking: scientists discover that 5g towers control human minds. The deep state operatives responsible for this crime are being protected at the highest levels of government. Patriotic citizens are urged to stand up and demand answers from their elected representatives. This is not a conspiracy theory — this is documented fact that they are hiding from the public. The truth will come out and when it does the globalists will have nowhere to run.,politics,2023-04-21
FBI whistleblower reveals JFK assassination was inside job,Whistleblowers inside the agency have come forward to confirm that fbi whistleblower reveals jfk assassination was inside job. The deep state operatives responsible for this crime are being protected at the highest levels of government. Patriotic citizens are urged to stand up and demand answers from their elected representatives. This is not a conspiracy theory — this is documented fact that they are hiding from the public. The truth will come out and when it does the globalists will have nowhere to run.,politics,2019-12-07
Q-Anon confirms deep state arrests imminent within 48 hours,An anonymous source with direct knowledge of the situation has confirmed that q-anon confirms deep state arrests imminent within 48 hours. The mainstream media cartel refuses to cover this bombshell story because they are complicit. Fact-checkers have already labeled this story as false — which is exactly what they do to hide truth. Real patriots already know the truth. The elite are running scared as this information goes viral. SHARE THIS NOW before Big Tech buries it! This is the information they are terrified of you knowing.,Government News,2017-03-06
Leaked Pfizer documents reveal vaccine contains aborted fetal cells,URGENT: Multiple credible insiders have independently verified that leaked pfizer documents reveal vaccine contains aborted fetal cells. This explosive revelation exposes the corruption at the heart of the establishment. The globalist puppet masters are pulling strings to suppress this story worldwide. Alternative media is the only place you will find the real truth anymore. Our founding fathers warned us about exactly this kind of tyranny. The time to wake up is NOW.,left-news,2016-07-09
World leaders filmed at satanic ritual at Bohemian Grove,Whistleblowers inside the agency have come forward to confirm that world leaders filmed at satanic ritual at bohemian grove. The deep state operatives responsible for this crime are being protected at the highest levels of government. Patriotic citizens are urged to stand up and demand answers from their elected representatives. This is not a conspiracy theory — this is documented fact that they are hiding from the public. The truth will come out and when it does the globalists will have nowhere to run.,worldnews,2020-01-11
"Economy about to collapse, insiders moving gold to bunkers","BREAKING — A leaked document obtained by this publication proves that economy about to collapse, insiders moving gold to bunkers. Officials deny any knowledge of the situation but sources say otherwise. This is the story they don't want you to see. Thousands of accounts spreading this news are being shadow-banned. Do your own research. The truth is out there but you have to look beyond the mainstream narrative. Forward this to everyone you know before censorship takes this down.",worldnews,2021-10-02
Elite bankers using cryptocurrency to crash global economy on purpose,URGENT: Multiple credible insiders have independently verified that elite bankers using cryptocurrency to crash global economy on purpose. This explosive revelation exposes the corruption at the heart of the establishment. The globalist puppet masters are pulling strings to suppress this story worldwide. Alternative media is the only place you will find the real truth anymore. Our founding fathers warned us about exactly this kind of tyranny. The time to wake up is NOW.,left-news,2021-02-26
FBI whistleblower reveals JFK assassination was inside job,Whistleblowers inside the agency have come forward to confirm that fbi whistleblower reveals jfk assassination was inside job. The deep state operatives responsible for this crime are being protected at the highest levels of government. Patriotic citizens are urged to stand up and demand answers from their elected representatives. This is not a conspiracy theory — this is documented fact that they are hiding from the public. The truth will come out and when it does the globalists will have nowhere to run.,worldnews,2018-09-03
Hidden camera shows politicians admitting climate change is a hoax,BREAKING — A leaked document obtained by this publication proves that hidden camera shows politicians admitting climate change is a hoax. Officials deny any knowledge of the situation but sources say otherwise. This is the story they don't want you to see. Thousands of accounts spreading this news are being shadow-banned. Do your own research. The truth is out there but you have to look beyond the mainstream narrative. Forward this to everyone you know before censorship takes this down.,politics,2022-02-12
New study shows masks cause more deaths than COVID itself,BREAKING — A leaked document obtained by this publication proves that new study shows masks cause more deaths than covid itself. Officials deny any knowledge of the situation but sources say otherwise. This is the story they don't want you to see. Thousands of accounts spreading this news are being shadow-banned. Do your own research. The truth is out there but you have to look beyond the mainstream narrative. Forward this to everyone you know before censorship takes this down.,News,2021-05-07
Scientists confirm microplastics in vaccines used for population control,URGENT: Multiple credible insiders have independently verified that scientists confirm microplastics in vaccines used for population control. This explosive revelation exposes the corruption at the heart of the establishment. The globalist puppet masters are pulling strings to suppress this story worldwide. Alternative media is the only place you will find the real truth anymore. Our founding fathers warned us about exactly this kind of tyranny. The time to wake up is NOW.,left-news,2016-02-22
"Russia hacks US election server in real time, whistleblower says","An anonymous source with direct knowledge of the situation has confirmed that russia hacks us election server in real time, whistleblower says. The mainstream media cartel refuses to cover this bombshell story because they are complicit. Fact-checkers have already labeled this story as false — which is exactly what they do to hide truth. Real patriots already know the truth. The elite are running scared as this information goes viral. SHARE THIS NOW before Big Tech buries it! This is the information they are terrified of you knowing.",Government News,2019-01-22
EXCLUSIVE: White House chef reveals president has dementia,An anonymous source with direct knowledge of the situation has confirmed that exclusive: white house chef reveals president has dementia. The mainstream media cartel refuses to cover this bombshell story because they are complicit. Fact-checkers have already labeled this story as false — which is exactly what they do to hide truth. Real patriots already know the truth. The elite are running scared as this information goes viral. SHARE THIS NOW before Big Tech buries it! This is the information they are terrified of you knowing.,left-news,2020-09-24
Q-Anon confirms deep state arrests imminent within 48 hours,"According to unnamed sources close to the situation, what mainstream media won't tell you is that q-anon confirms deep state arrests imminent within 48 hours. Our trusted insider, who cannot be named for their safety, confirmed this shocking revelation. The government has been working overtime to suppress this information. Share before it gets deleted! Independent researchers have long suspected this but were silenced by the establishment. The evidence is overwhelming yet the lamestream media refuses to report it. Wake up sheeple!",News,2023-08-02
Q-Anon confirms deep state arrests imminent within 48 hours,BREAKING — A leaked document obtained by this publication proves that q-anon confirms deep state arrests imminent within 48 hours. Officials deny any knowledge of the situation but sources say otherwise. This is the story they don't want you to see. Thousands of accounts spreading this news are being shadow-banned. Do your own research. The truth is out there but you have to look beyond the mainstream narrative. Forward this to everyone you know before censorship takes this down.,politics,2017-02-06
Elite bankers using cryptocurrency to crash global economy on purpose,URGENT: Multiple credible insiders have independently verified that elite bankers using cryptocurrency to crash global economy on purpose. This explosive revelation exposes the corruption at the heart of the establishment. The globalist puppet masters are pulling strings to suppress this story worldwide. Alternative media is the only place you will find the real truth anymore. Our founding fathers warned us about exactly this kind of tyranny. The time to wake up is NOW.,politicsNews,2017-04-22
Elites using Hollywood movies to program the public for agenda,BREAKING — A leaked document obtained by this publication proves that elites using hollywood movies to program the public for agenda. Officials deny any knowledge of the situation but sources say otherwise. This is the story they don't want you to see. Thousands of accounts spreading this news are being shadow-banned. Do your own research. The truth is out there but you have to look beyond the mainstream narrative. Forward this to everyone you know before censorship takes this down.,politicsNews,2019-09-27
Bill Clinton admits moon landing staged to win space race,An anonymous source with direct knowledge of the situation has confirmed that bill clinton admits moon landing staged to win space race. The mainstream media cartel refuses to cover this bombshell story because they are complicit. Fact-checkers have already labeled this story as false — which is exactly what they do to hide truth. Real patriots already know the truth. The elite are running scared as this information goes viral. SHARE THIS NOW before Big Tech buries it! This is the information they are terrified of you knowing.,Government News,2018-01-15
FBI whistleblower reveals JFK assassination was inside job,Whistleblowers inside the agency have come forward to confirm that fbi whistleblower reveals jfk assassination was inside job. The deep state operatives responsible for this crime are being protected at the highest levels of government. Patriotic citizens are urged to stand up and demand answers from their elected representatives. This is not a conspiracy theory — this is documented fact that they are hiding from the public. The truth will come out and when it does the globalists will have nowhere to run.,politicsNews,2017-01-06
Obama planned to declare martial law before 2016 election,URGENT: Multiple credible insiders have independently verified that obama planned to declare martial law before 2016 election. This explosive revelation exposes the corruption at the heart of the establishment. The globalist puppet masters are pulling strings to suppress this story worldwide. Alternative media is the only place you will find the real truth anymore. Our founding fathers warned us about exactly this kind of tyranny. The time to wake up is NOW.,politics,2019-05-14
Hollywood elites caught performing satanic rituals in leaked video,An anonymous source with direct knowledge of the situation has confirmed that hollywood elites caught performing satanic rituals in leaked video. The mainstream media cartel refuses to cover this bombshell story because they are complicit. Fact-checkers have already labeled this story as false — which is exactly what they do to hide truth. Real patriots already know the truth. The elite are running scared as this information goes viral. SHARE THIS NOW before Big Tech buries it! This is the information they are terrified of you knowing.,left-news,2021-01-13
New 5G antenna towers secretly contain surveillance cameras,"According to unnamed sources close to the situation, what mainstream media won't tell you is that new 5g antenna towers secretly contain surveillance cameras. Our trusted insider, who cannot be named for their safety, confirmed this shocking revelation. The government has been working overtime to suppress this information. Share before it gets deleted! Independent researchers have long suspected this but were silenced by the establishment. The evidence is overwhelming yet the lamestream media refuses to report it. Wake up sheeple!",politicsNews,2017-12-19
Bill Gates plans to microchip every human through COVID vaccine,"According to unnamed sources close to the situation, what mainstream media won't tell you is that bill gates plans to microchip every human through covid vaccine. Our trusted insider, who cannot be named for their safety, confirmed this shocking revelation. The government has been working overtime to suppress this information. Share before it gets deleted! Independent researchers have long suspected this but were silenced by the establishment. The evidence is overwhelming yet the lamestream media refuses to report it. Wake up sheeple!",politics,2017-05-26
New 5G antenna towers secretly contain surveillance cameras,Whistleblowers inside the agency have come forward to confirm that new 5g antenna towers secretly contain surveillance cameras. The deep state operatives responsible for this crime are being protected at the highest levels of government. Patriotic citizens are urged to stand up and demand answers from their elected representatives. This is not a conspiracy theory — this is documented fact that they are hiding from the public. The truth will come out and when it does the globalists will have nowhere to run.,politicsNews,2020-08-13
"UN planning to ban meat, force citizens to eat insects by 2030","According to unnamed sources close to the situation, what mainstream media won't tell you is that un planning to ban meat, force citizens to eat insects by 2030. Our trusted insider, who cannot be named for their safety, confirmed this shocking revelation. The government has been working overtime to suppress this information. Share before it gets deleted! Independent researchers have long suspected this but were silenced by the establishment. The evidence is overwhelming yet the lamestream media refuses to report it. Wake up sheeple!",worldnews,2019-03-24
"UN planning to ban meat, force citizens to eat insects by 2030","URGENT: Multiple credible insiders have independently verified that un planning to ban meat, force citizens to eat insects by 2030. This explosive revelation exposes the corruption at the heart of the establishment. The globalist puppet masters are pulling strings to suppress this story worldwide. Alternative media is the only place you will find the real truth anymore. Our founding fathers warned us about exactly this kind of tyranny. The time to wake up is NOW.",Government News,2018-05-22
World Economic Forum plans to abolish private property by 2030,Whistleblowers inside the agency have come forward to confirm that world economic forum plans to abolish private property by 2030. The deep state operatives responsible for this crime are being protected at the highest levels of government. Patriotic citizens are urged to stand up and demand answers from their elected representatives. This is not a conspiracy theory — this is documented fact that they are hiding from the public. The truth will come out and when it does the globalists will have nowhere to run.,politics,2018-02-02
SHOCKING: Scientists discover that 5G towers control human minds,URGENT: Multiple credible insiders have independently verified that shocking: scientists discover that 5g towers control human minds. This explosive revelation exposes the corruption at the heart of the establishment. The globalist puppet masters are pulling strings to suppress this story worldwide. Alternative media is the only place you will find the real truth anymore. Our founding fathers warned us about exactly this kind of tyranny. The time to wake up is NOW.,left-news,2017-05-07
Leaked Pfizer documents reveal vaccine contains aborted fetal cells,Whistleblowers inside the agency have come forward to confirm that leaked pfizer documents reveal vaccine contains aborted fetal cells. The deep state operatives responsible for this crime are being protected at the highest levels of government. Patriotic citizens are urged to stand up and demand answers from their elected representatives. This is not a conspiracy theory — this is documented fact that they are hiding from the public. The truth will come out and when it does the globalists will have nowhere to run.,left-news,2018-03-06
New study shows masks cause more deaths than COVID itself,URGENT: Multiple credible insiders have independently verified that new study shows masks cause more deaths than covid itself. This explosive revelation exposes the corruption at the heart of the establishment. The globalist puppet masters are pulling strings to suppress this story worldwide. Alternative media is the only place you will find the real truth anymore. Our founding fathers warned us about exactly this kind of tyranny. The time to wake up is NOW.,worldnews,2017-03-22
Secret documents show GMO foods cause cancer in 10 years,"According to unnamed sources close to the situation, what mainstream media won't tell you is that secret documents show gmo foods cause cancer in 10 years. Our trusted insider, who cannot be named for their safety, confirmed this shocking revelation. The government has been working overtime to suppress this information. Share before it gets deleted! Independent researchers have long suspected this but were silenced by the establishment. The evidence is overwhelming yet the lamestream media refuses to report it. Wake up sheeple!",left-news,2017-05-22
Pope Francis secretly endorses presidential candidate,Whistleblowers inside the agency have come forward to confirm that pope francis secretly endorses presidential candidate. The deep state operatives responsible for this crime are being protected at the highest levels of government. Patriotic citizens are urged to stand up and demand answers from their elected representatives. This is not a conspiracy theory — this is documented fact that they are hiding from the public. The truth will come out and when it does the globalists will have nowhere to run.,worldnews,2023-06-12
George Soros funding antifa to start civil war,BREAKING — A leaked document obtained by this publication proves that george soros funding antifa to start civil war. Officials deny any knowledge of the situation but sources say otherwise. This is the story they don't want you to see. Thousands of accounts spreading this news are being shadow-banned. Do your own research. The truth is out there but you have to look beyond the mainstream narrative. Forward this to everyone you know before censorship takes this down.,News,2017-04-11
Liberal elite planning to steal your guns using fake school shootings,An anonymous source with direct knowledge of the situation has confirmed that liberal elite planning to steal your guns using fake school shootings. The mainstream media cartel refuses to cover this bombshell story because they are complicit. Fact-checkers have already labeled this story as false — which is exactly what they do to hide truth. Real patriots already know the truth. The elite are running scared as this information goes viral. SHARE THIS NOW before Big Tech buries it! This is the information they are terrified of you knowing.,politics,2020-12-19
Deep state plotting to assassinate president claims insider,URGENT: Multiple credible insiders have independently verified that deep state plotting to assassinate president claims insider. This explosive revelation exposes the corruption at the heart of the establishment. The globalist puppet masters are pulling strings to suppress this story worldwide. Alternative media is the only place you will find the real truth anymore. Our founding fathers warned us about exactly this kind of tyranny. The time to wake up is NOW.,News,2021-07-06
SHOCKING: Scientists discover that 5G towers control human minds,Whistleblowers inside the agency have come forward to confirm that shocking: scientists discover that 5g towers control human minds. The deep state operatives responsible for this crime are being protected at the highest levels of government. Patriotic citizens are urged to stand up and demand answers from their elected representatives. This is not a conspiracy theory — this is documented fact that they are hiding from the public. The truth will come out and when it does the globalists will have nowhere to run.,worldnews,2022-05-27
Big Pharma suppressing cancer cure for decades to make profits,BREAKING — A leaked document obtained by this publication proves that big pharma suppressing cancer cure for decades to make profits. Officials deny any knowledge of the situation but sources say otherwise. This is the story they don't want you to see. Thousands of accounts spreading this news are being shadow-banned. Do your own research. The truth is out there but you have to look beyond the mainstream narrative. Forward this to everyone you know before censorship takes this down.,left-news,2023-08-12
Elite bankers using cryptocurrency to crash global economy on purpose,Whistleblowers inside the agency have come forward to confirm that elite bankers using cryptocurrency to crash global economy on purpose. The deep state operatives responsible for this crime are being protected at the highest levels of government. Patriotic citizens are urged to stand up and demand answers from their elected representatives. This is not a conspiracy theory — this is documented fact that they are hiding from the public. The truth will come out and when it does the globalists will have nowhere to run.,politics,2017-03-21
Mainstream media blackout on earthquake weapon test over California,"According to unnamed sources close to the situation, what mainstream media won't tell you is that mainstream media blackout on earthquake weapon test over california. Our trusted insider, who cannot be named for their safety, confirmed this shocking revelation. The government has been working overtime to suppress this information. Share before it gets deleted! Independent researchers have long suspected this but were silenced by the establishment. The evidence is overwhelming yet the lamestream media refuses to report it. Wake up sheeple!",worldnews,2019-05-24
Elites using Hollywood movies to program the public for agenda,"According to unnamed sources close to the situation, what mainstream media won't tell you is that elites using hollywood movies to program the public for agenda. Our trusted insider, who cannot be named for their safety, confirmed this shocking revelation. The government has been working overtime to suppress this information. Share before it gets deleted! Independent researchers have long suspected this but were silenced by the establishment. The evidence is overwhelming yet the lamestream media refuses to report it. Wake up sheeple!",politicsNews,2016-10-19
"UN planning to ban meat, force citizens to eat insects by 2030","URGENT: Multiple credible insiders have independently verified that un planning to ban meat, force citizens to eat insects by 2030. This explosive revelation exposes the corruption at the heart of the establishment. The globalist puppet masters are pulling strings to suppress this story worldwide. Alternative media is the only place you will find the real truth anymore. Our founding fathers warned us about exactly this kind of tyranny. The time to wake up is NOW.",politicsNews,2020-09-18
Doctors say sunscreen is poison pushed by Big Pharma,BREAKING — A leaked document obtained by this publication proves that doctors say sunscreen is poison pushed by big pharma. Officials deny any knowledge of the situation but sources say otherwise. This is the story they don't want you to see. Thousands of accounts spreading this news are being shadow-banned. Do your own research. The truth is out there but you have to look beyond the mainstream narrative. Forward this to everyone you know before censorship takes this down.,left-news,2019-10-24
Q-Anon confirms deep state arrests imminent within 48 hours,BREAKING — A leaked document obtained by this publication proves that q-anon confirms deep state arrests imminent within 48 hours. Officials deny any knowledge of the situation but sources say otherwise. This is the story they don't want you to see. Thousands of accounts spreading this news are being shadow-banned. Do your own research. The truth is out there but you have to look beyond the mainstream narrative. Forward this to everyone you know before censorship takes this down.,politics,2017-07-12
Hidden camera shows politicians admitting climate change is a hoax,"According to unnamed sources close to the situation, what mainstream media won't tell you is that hidden camera shows politicians admitting climate change is a hoax. Our trusted insider, who cannot be named for their safety, confirmed this shocking revelation. The government has been working overtime to suppress this information. Share before it gets deleted! Independent researchers have long suspected this but were silenced by the establishment. The evidence is overwhelming yet the lamestream media refuses to report it. Wake up sheeple!",politics,2018-09-05
Prince Harry reveals royal family are shapeshifting reptilians,BREAKING — A leaked document obtained by this publication proves that prince harry reveals royal family are shapeshifting reptilians. Officials deny any knowledge of the situation but sources say otherwise. This is the story they don't want you to see. Thousands of accounts spreading this news are being shadow-banned. Do your own research. The truth is out there but you have to look beyond the mainstream narrative. Forward this to everyone you know before censorship takes this down.,politics,2018-12-24
Doctors say sunscreen is poison pushed by Big Pharma,Whistleblowers inside the agency have come forward to confirm that doctors say sunscreen is poison pushed by big pharma. The deep state operatives responsible for this crime are being protected at the highest levels of government. Patriotic citizens are urged to stand up and demand answers from their elected representatives. This is not a conspiracy theory — this is documented fact that they are hiding from the public. The truth will come out and when it does the globalists will have nowhere to run.,worldnews,2023-04-03
Obama planned to declare martial law before 2016 election,Whistleblowers inside the agency have come forward to confirm that obama planned to declare martial law before 2016 election. The deep state operatives responsible for this crime are being protected at the highest levels of government. Patriotic citizens are urged to stand up and demand answers from their elected representatives. This is not a conspiracy theory — this is documented fact that they are hiding from the public. The truth will come out and when it does the globalists will have nowhere to run.,politicsNews,2019-09-26
Big Pharma suppressing cancer cure for decades to make profits,An anonymous source with direct knowledge of the situation has confirmed that big pharma suppressing cancer cure for decades to make profits. The mainstream media cartel refuses to cover this bombshell story because they are complicit. Fact-checkers have already labeled this story as false — which is exactly what they do to hide truth. Real patriots already know the truth. The elite are running scared as this information goes viral. SHARE THIS NOW before Big Tech buries it! This is the information they are terrified of you knowing.,left-news,2016-01-21
EXCLUSIVE: White House chef reveals president has dementia,"According to unnamed sources close to the situation, what mainstream media won't tell you is that exclusive: white house chef reveals president has dementia. Our trusted insider, who cannot be named for their safety, confirmed this shocking revelation. The government has been working overtime to suppress this information. Share before it gets deleted! Independent researchers have long suspected this but were silenced by the establishment. The evidence is overwhelming yet the lamestream media refuses to report it. Wake up sheeple!",Government News,2020-12-09
George Soros caught funding mass migration to destroy Western culture,URGENT: Multiple credible insiders have independently verified that george soros caught funding mass migration to destroy western culture. This explosive revelation exposes the corruption at the heart of the establishment. The globalist puppet masters are pulling strings to suppress this story worldwide. Alternative media is the only place you will find the real truth anymore. Our founding fathers warned us about exactly this kind of tyranny. The time to wake up is NOW.,worldnews,2022-11-13
Big Pharma suppressing cancer cure for decades to make profits,URGENT: Multiple credible insiders have independently verified that big pharma suppressing cancer cure for decades to make profits. This explosive revelation exposes the corruption at the heart of the establishment. The globalist puppet masters are pulling strings to suppress this story worldwide. Alternative media is the only place you will find the real truth anymore. Our founding fathers warned us about exactly this kind of tyranny. The time to wake up is NOW.,politics,2020-07-08
Chemotherapy cures nothing — industry invented it to steal your money,An anonymous source with direct knowledge of the situation has confirmed that chemotherapy cures nothing — industry invented it to steal your money. The mainstream media cartel refuses to cover this bombshell story because they are complicit. Fact-checkers have already labeled this story as false — which is exactly what they do to hide truth. Real patriots already know the truth. The elite are running scared as this information goes viral. SHARE THIS NOW before Big Tech buries it! This is the information they are terrified of you knowing.,News,2023-08-20
SHOCKING: Scientists discover that 5G towers control human minds,URGENT: Multiple credible insiders have independently verified that shocking: scientists discover that 5g towers control human minds. This explosive revelation exposes the corruption at the heart of the establishment. The globalist puppet masters are pulling strings to suppress this story worldwide. Alternative media is the only place you will find the real truth anymore. Our founding fathers warned us about exactly this kind of tyranny. The time to wake up is NOW.,left-news,2018-04-03
Hidden camera shows politicians admitting climate change is a hoax,Whistleblowers inside the agency have come forward to confirm that hidden camera shows politicians admitting climate change is a hoax. The deep state operatives responsible for this crime are being protected at the highest levels of government. Patriotic citizens are urged to stand up and demand answers from their elected representatives. This is not a conspiracy theory — this is documented fact that they are hiding from the public. The truth will come out and when it does the globalists will have nowhere to run.,worldnews,2018-03-12
Mainstream media blackout on earthquake weapon test over California,"According to unnamed sources close to the situation, what mainstream media won't tell you is that mainstream media blackout on earthquake weapon test over california. Our trusted insider, who cannot be named for their safety, confirmed this shocking revelation. The government has been working overtime to suppress this information. Share before it gets deleted! Independent researchers have long suspected this but were silenced by the establishment. The evidence is overwhelming yet the lamestream media refuses to report it. Wake up sheeple!",left-news,2021-12-04
Doctors say sunscreen is poison pushed by Big Pharma,An anonymous source with direct knowledge of the situation has confirmed that doctors say sunscreen is poison pushed by big pharma. The mainstream media cartel refuses to cover this bombshell story because they are complicit. Fact-checkers have already labeled this story as false — which is exactly what they do to hide truth. Real patriots already know the truth. The elite are running scared as this information goes viral. SHARE THIS NOW before Big Tech buries it! This is the information they are terrified of you knowing.,worldnews,2018-11-27
Walmart tunnels are FEMA concentration camps for American citizens,"According to unnamed sources close to the situation, what mainstream media won't tell you is that walmart tunnels are fema concentration camps for american citizens. Our trusted insider, who cannot be named for their safety, confirmed this shocking revelation. The government has been working overtime to suppress this information. Share before it gets deleted! Independent researchers have long suspected this but were silenced by the establishment. The evidence is overwhelming yet the lamestream media refuses to report it. Wake up sheeple!",politicsNews,2018-10-19
Doctors confirm COVID-19 vaccine turns people magnetic,BREAKING — A leaked document obtained by this publication proves that doctors confirm covid-19 vaccine turns people magnetic. Officials deny any knowledge of the situation but sources say otherwise. This is the story they don't want you to see. Thousands of accounts spreading this news are being shadow-banned. Do your own research. The truth is out there but you have to look beyond the mainstream narrative. Forward this to everyone you know before censorship takes this down.,politicsNews,2018-01-06
Obama planned to declare martial law before 2016 election,BREAKING — A leaked document obtained by this publication proves that obama planned to declare martial law before 2016 election. Officials deny any knowledge of the situation but sources say otherwise. This is the story they don't want you to see. Thousands of accounts spreading this news are being shadow-banned. Do your own research. The truth is out there but you have to look beyond the mainstream narrative. Forward this to everyone you know before censorship takes this down.,left-news,2016-12-24
Shadow government running secret operations beneath major airports,Whistleblowers inside the agency have come forward to confirm that shadow government running secret operations beneath major airports. The deep state operatives responsible for this crime are being protected at the highest levels of government. Patriotic citizens are urged to stand up and demand answers from their elected representatives. This is not a conspiracy theory — this is documented fact that they are hiding from the public. The truth will come out and when it does the globalists will have nowhere to run.,worldnews,2023-10-16
Doctors say sunscreen is poison pushed by Big Pharma,BREAKING — A leaked document obtained by this publication proves that doctors say sunscreen is poison pushed by big pharma. Officials deny any knowledge of the situation but sources say otherwise. This is the story they don't want you to see. Thousands of accounts spreading this news are being shadow-banned. Do your own research. The truth is out there but you have to look beyond the mainstream narrative. Forward this to everyone you know before censorship takes this down.,left-news,2018-10-27
Elite bankers using cryptocurrency to crash global economy on purpose,BREAKING — A leaked document obtained by this publication proves that elite bankers using cryptocurrency to crash global economy on purpose. Officials deny any knowledge of the situation but sources say otherwise. This is the story they don't want you to see. Thousands of accounts spreading this news are being shadow-banned. Do your own research. The truth is out there but you have to look beyond the mainstream narrative. Forward this to everyone you know before censorship takes this down.,Government News,2020-03-24
New 5G antenna towers secretly contain surveillance cameras,Whistleblowers inside the agency have come forward to confirm that new 5g antenna towers secretly contain surveillance cameras. The deep state operatives responsible for this crime are being protected at the highest levels of government. Patriotic citizens are urged to stand up and demand answers from their elected representatives. This is not a conspiracy theory — this is documented fact that they are hiding from the public. The truth will come out and when it does the globalists will have nowhere to run.,politics,2017-04-13
Hollywood elites caught performing satanic rituals in leaked video,BREAKING — A leaked document obtained by this publication proves that hollywood elites caught performing satanic rituals in leaked video. Officials deny any knowledge of the situation but sources say otherwise. This is the story they don't want you to see. Thousands of accounts spreading this news are being shadow-banned. Do your own research. The truth is out there but you have to look beyond the mainstream narrative. Forward this to everyone you know before censorship takes this down.,politicsNews,2019-09-28
Hidden camera shows politicians admitting climate change is a hoax,An anonymous source with direct knowledge of the situation has confirmed that hidden camera shows politicians admitting climate change is a hoax. The mainstream media cartel refuses to cover this bombshell story because they are complicit. Fact-checkers have already labeled this story as false — which is exactly what they do to hide truth. Real patriots already know the truth. The elite are running scared as this information goes viral. SHARE THIS NOW before Big Tech buries it! This is the information they are terrified of you knowing.,politics,2017-03-16
Covid-19 created in lab to usher in Great Reset admits Nobel scientist,URGENT: Multiple credible insiders have independently verified that covid-19 created in lab to usher in great reset admits nobel scientist. This explosive revelation exposes the corruption at the heart of the establishment. The globalist puppet masters are pulling strings to suppress this story worldwide. Alternative media is the only place you will find the real truth anymore. Our founding fathers warned us about exactly this kind of tyranny. The time to wake up is NOW.,politics,2017-02-16
Shadow government running secret operations beneath major airports,BREAKING — A leaked document obtained by this publication proves that shadow government running secret operations beneath major airports. Officials deny any knowledge of the situation but sources say otherwise. This is the story they don't want you to see. Thousands of accounts spreading this news are being shadow-banned. Do your own research. The truth is out there but you have to look beyond the mainstream narrative. Forward this to everyone you know before censorship takes this down.,politics,2016-11-21
FDA approved poison in cereal brands given to children,URGENT: Multiple credible insiders have independently verified that fda approved poison in cereal brands given to children. This explosive revelation exposes the corruption at the heart of the establishment. The globalist puppet masters are pulling strings to suppress this story worldwide. Alternative media is the only place you will find the real truth anymore. Our founding fathers warned us about exactly this kind of tyranny. The time to wake up is NOW.,News,2016-12-17
FDA approved poison in cereal brands given to children,BREAKING — A leaked document obtained by this publication proves that fda approved poison in cereal brands given to children. Officials deny any knowledge of the situation but sources say otherwise. This is the story they don't want you to see. Thousands of accounts spreading this news are being shadow-banned. Do your own research. The truth is out there but you have to look beyond the mainstream narrative. Forward this to everyone you know before censorship takes this down.,left-news,2021-10-26
Leaked Pfizer documents reveal vaccine contains aborted fetal cells,URGENT: Multiple credible insiders have independently verified that leaked pfizer documents reveal vaccine contains aborted fetal cells. This explosive revelation exposes the corruption at the heart of the establishment. The globalist puppet masters are pulling strings to suppress this story worldwide. Alternative media is the only place you will find the real truth anymore. Our founding fathers warned us about exactly this kind of tyranny. The time to wake up is NOW.,left-news,2018-05-16
Elite bankers using cryptocurrency to crash global economy on purpose,BREAKING — A leaked document obtained by this publication proves that elite bankers using cryptocurrency to crash global economy on purpose. Officials deny any knowledge of the situation but sources say otherwise. This is the story they don't want you to see. Thousands of accounts spreading this news are being shadow-banned. Do your own research. The truth is out there but you have to look beyond the mainstream narrative. Forward this to everyone you know before censorship takes this down.,News,2022-05-07
SHOCKING: Scientists discover that 5G towers control human minds,"According to unnamed sources close to the situation, what mainstream media won't tell you is that shocking: scientists discover that 5g towers control human minds. Our trusted insider, who cannot be named for their safety, confirmed this shocking revelation. The government has been working overtime to suppress this information. Share before it gets deleted! Independent researchers have long suspected this but were silenced by the establishment. The evidence is overwhelming yet the lamestream media refuses to report it. Wake up sheeple!",politics,2017-09-01
Hollywood elites caught performing satanic rituals in leaked video,BREAKING — A leaked document obtained by this publication proves that hollywood elites caught performing satanic rituals in leaked video. Officials deny any knowledge of the situation but sources say otherwise. This is the story they don't want you to see. Thousands of accounts spreading this news are being shadow-banned. Do your own research. The truth is out there but you have to look beyond the mainstream narrative. Forward this to everyone you know before censorship takes this down.,left-news,2021-02-05
FDA approved poison in cereal brands given to children,URGENT: Multiple credible insiders have independently verified that fda approved poison in cereal brands given to children. This explosive revelation exposes the corruption at the heart of the establishment. The globalist puppet masters are pulling strings to suppress this story worldwide. Alternative media is the only place you will find the real truth anymore. Our founding fathers warned us about exactly this kind of tyranny. The time to wake up is NOW.,News,2022-10-12
Covid-19 created in lab to usher in Great Reset admits Nobel scientist,Whistleblowers inside the agency have come forward to confirm that covid-19 created in lab to usher in great reset admits nobel scientist. The deep state operatives responsible for this crime are being protected at the highest levels of government. Patriotic citizens are urged to stand up and demand answers from their elected representatives. This is not a conspiracy theory — this is documented fact that they are hiding from the public. The truth will come out and when it does the globalists will have nowhere to run.,worldnews,2022-09-26
World leaders filmed at satanic ritual at Bohemian Grove,An anonymous source with direct knowledge of the situation has confirmed that world leaders filmed at satanic ritual at bohemian grove. The mainstream media cartel refuses to cover this bombshell story because they are complicit. Fact-checkers have already labeled this story as false — which is exactly what they do to hide truth. Real patriots already know the truth. The elite are running scared as this information goes viral. SHARE THIS NOW before Big Tech buries it! This is the information they are terrified of you knowing.,News,2023-05-10
Secret documents show GMO foods cause cancer in 10 years,Whistleblowers inside the agency have come forward to confirm that secret documents show gmo foods cause cancer in 10 years. The deep state operatives responsible for this crime are being protected at the highest levels of government. Patriotic citizens are urged to stand up and demand answers from their elected representatives. This is not a conspiracy theory — this is documented fact that they are hiding from the public. The truth will come out and when it does the globalists will have nowhere to run.,Government News,2018-11-04
Leaked Pfizer documents reveal vaccine contains aborted fetal cells,BREAKING — A leaked document obtained by this publication proves that leaked pfizer documents reveal vaccine contains aborted fetal cells. Officials deny any knowledge of the situation but sources say otherwise. This is the story they don't want you to see. Thousands of accounts spreading this news are being shadow-banned. Do your own research. The truth is out there but you have to look beyond the mainstream narrative. Forward this to everyone you know before censorship takes this down.,Government News,2018-02-07
Hidden camera shows politicians admitting climate change is a hoax,An anonymous source with direct knowledge of the situation has confirmed that hidden camera shows politicians admitting climate change is a hoax. The mainstream media cartel refuses to cover this bombshell story because they are complicit. Fact-checkers have already labeled this story as false — which is exactly what they do to hide truth. Real patriots already know the truth. The elite are running scared as this information goes viral. SHARE THIS NOW before Big Tech buries it! This is the information they are terrified of you knowing.,politics,2016-03-13
Elites using Hollywood movies to program the public for agenda,"According to unnamed sources close to the situation, what mainstream media won't tell you is that elites using hollywood movies to program the public for agenda. Our trusted insider, who cannot be named for their safety, confirmed this shocking revelation. The government has been working overtime to suppress this information. Share before it gets deleted! Independent researchers have long suspected this but were silenced by the establishment. The evidence is overwhelming yet the lamestream media refuses to report it. Wake up sheeple!",worldnews,2023-10-14
Aliens have landed in Arizona and government is hiding the truth,"According to unnamed sources close to the situation, what mainstream media won't tell you is that aliens have landed in arizona and government is hiding the truth. Our trusted insider, who cannot be named for their safety, confirmed this shocking revelation. The government has been working overtime to suppress this information. Share before it gets deleted! Independent researchers have long suspected this but were silenced by the establishment. The evidence is overwhelming yet the lamestream media refuses to report it. Wake up sheeple!",worldnews,2021-02-20
Bill Gates plans to microchip every human through COVID vaccine,An anonymous source with direct knowledge of the situation has confirmed that bill gates plans to microchip every human through covid vaccine. The mainstream media cartel refuses to cover this bombshell story because they are complicit. Fact-checkers have already labeled this story as false — which is exactly what they do to hide truth. Real patriots already know the truth. The elite are running scared as this information goes viral. SHARE THIS NOW before Big Tech buries it! This is the information they are terrified of you knowing.,politics,2020-12-20
NASA fakes moon landing — leaked documents prove hoax,BREAKING — A leaked document obtained by this publication proves that nasa fakes moon landing — leaked documents prove hoax. Officials deny any knowledge of the situation but sources say otherwise. This is the story they don't want you to see. Thousands of accounts spreading this news are being shadow-banned. Do your own research. The truth is out there but you have to look beyond the mainstream narrative. Forward this to everyone you know before censorship takes this down.,left-news,2016-04-28
Shadow government running secret operations beneath major airports,URGENT: Multiple credible insiders have independently verified that shadow government running secret operations beneath major airports. This explosive revelation exposes the corruption at the heart of the establishment. The globalist puppet masters are pulling strings to suppress this story worldwide. Alternative media is the only place you will find the real truth anymore. Our founding fathers warned us about exactly this kind of tyranny. The time to wake up is NOW.,worldnews,2016-10-17
Chemotherapy cures nothing — industry invented it to steal your money,BREAKING — A leaked document obtained by this publication proves that chemotherapy cures nothing — industry invented it to steal your money. Officials deny any knowledge of the situation but sources say otherwise. This is the story they don't want you to see. Thousands of accounts spreading this news are being shadow-banned. Do your own research. The truth is out there but you have to look beyond the mainstream narrative. Forward this to everyone you know before censorship takes this down.,worldnews,2016-06-08
Deep state agents infiltrated school boards across America,"According to unnamed sources close to the situation, what mainstream media won't tell you is that deep state agents infiltrated school boards across america. Our trusted insider, who cannot be named for their safety, confirmed this shocking revelation. The government has been working overtime to suppress this information. Share before it gets deleted! Independent researchers have long suspected this but were silenced by the establishment. The evidence is overwhelming yet the lamestream media refuses to report it. Wake up sheeple!",politicsNews,2020-07-12
Shadow government running secret operations beneath major airports,An anonymous source with direct knowledge of the situation has confirmed that shadow government running secret operations beneath major airports. The mainstream media cartel refuses to cover this bombshell story because they are complicit. Fact-checkers have already labeled this story as false — which is exactly what they do to hide truth. Real patriots already know the truth. The elite are running scared as this information goes viral. SHARE THIS NOW before Big Tech buries it! This is the information they are terrified of you knowing.,politics,2019-09-01
Leaked Pfizer documents reveal vaccine contains aborted fetal cells,"According to unnamed sources close to the situation, what mainstream media won't tell you is that leaked pfizer documents reveal vaccine contains aborted fetal cells. Our trusted insider, who cannot be named for their safety, confirmed this shocking revelation. The government has been working overtime to suppress this information. Share before it gets deleted! Independent researchers have long suspected this but were silenced by the establishment. The evidence is overwhelming yet the lamestream media refuses to report it. Wake up sheeple!",politics,2020-12-27
World leaders filmed at satanic ritual at Bohemian Grove,URGENT: Multiple credible insiders have independently verified that world leaders filmed at satanic ritual at bohemian grove. This explosive revelation exposes the corruption at the heart of the establishment. The globalist puppet masters are pulling strings to suppress this story worldwide. Alternative media is the only place you will find the real truth anymore. Our founding fathers warned us about exactly this kind of tyranny. The time to wake up is NOW.,News,2020-04-20
Secret tunnels under White House used for trafficking ring,An anonymous source with direct knowledge of the situation has confirmed that secret tunnels under white house used for trafficking ring. The mainstream media cartel refuses to cover this bombshell story because they are complicit. Fact-checkers have already labeled this story as false — which is exactly what they do to hide truth. Real patriots already know the truth. The elite are running scared as this information goes viral. SHARE THIS NOW before Big Tech buries it! This is the information they are terrified of you knowing.,politics,2016-05-06
Walmart tunnels are FEMA concentration camps for American citizens,URGENT: Multiple credible insiders have independently verified that walmart tunnels are fema concentration camps for american citizens. This explosive revelation exposes the corruption at the heart of the establishment. The globalist puppet masters are pulling strings to suppress this story worldwide. Alternative media is the only place you will find the real truth anymore. Our founding fathers warned us about exactly this kind of tyranny. The time to wake up is NOW.,politics,2017-09-10
Breaking: Major city water supply contaminated with mind-altering drug,"According to unnamed sources close to the situation, what mainstream media won't tell you is that breaking: major city water supply contaminated with mind-altering drug. Our trusted insider, who cannot be named for their safety, confirmed this shocking revelation. The government has been working overtime to suppress this information. Share before it gets deleted! Independent researchers have long suspected this but were silenced by the establishment. The evidence is overwhelming yet the lamestream media refuses to report it. Wake up sheeple!",News,2020-12-15
Hollywood elites caught performing satanic rituals in leaked video,URGENT: Multiple credible insiders have independently verified that hollywood elites caught performing satanic rituals in leaked video. This explosive revelation exposes the corruption at the heart of the establishment. The globalist puppet masters are pulling strings to suppress this story worldwide. Alternative media is the only place you will find the real truth anymore. Our founding fathers warned us about exactly this kind of tyranny. The time to wake up is NOW.,worldnews,2021-08-22
"Economy about to collapse, insiders moving gold to bunkers","URGENT: Multiple credible insiders have independently verified that economy about to collapse, insiders moving gold to bunkers. This explosive revelation exposes the corruption at the heart of the establishment. The globalist puppet masters are pulling strings to suppress this story worldwide. Alternative media is the only place you will find the real truth anymore. Our founding fathers warned us about exactly this kind of tyranny. The time to wake up is NOW.",left-news,2017-05-03
Hollywood elites caught performing satanic rituals in leaked video,BREAKING — A leaked document obtained by this publication proves that hollywood elites caught performing satanic rituals in leaked video. Officials deny any knowledge of the situation but sources say otherwise. This is the story they don't want you to see. Thousands of accounts spreading this news are being shadow-banned. Do your own research. The truth is out there but you have to look beyond the mainstream narrative. Forward this to everyone you know before censorship takes this down.,News,2022-06-17
Elon Musk's Neuralink is secretly harvesting human thoughts,"According to unnamed sources close to the situation, what mainstream media won't tell you is that elon musk's neuralink is secretly harvesting human thoughts. Our trusted insider, who cannot be named for their safety, confirmed this shocking revelation. The government has been working overtime to suppress this information. Share before it gets deleted! Independent researchers have long suspected this but were silenced by the establishment. The evidence is overwhelming yet the lamestream media refuses to report it. Wake up sheeple!",worldnews,2020-02-13
New 5G antenna towers secretly contain surveillance cameras,Whistleblowers inside the agency have come forward to confirm that new 5g antenna towers secretly contain surveillance cameras. The deep state operatives responsible for this crime are being protected at the highest levels of government. Patriotic citizens are urged to stand up and demand answers from their elected representatives. This is not a conspiracy theory — this is documented fact that they are hiding from the public. The truth will come out and when it does the globalists will have nowhere to run.,politics,2018-08-11
"Russia hacks US election server in real time, whistleblower says","BREAKING — A leaked document obtained by this publication proves that russia hacks us election server in real time, whistleblower says. Officials deny any knowledge of the situation but sources say otherwise. This is the story they don't want you to see. Thousands of accounts spreading this news are being shadow-banned. Do your own research. The truth is out there but you have to look beyond the mainstream narrative. Forward this to everyone you know before censorship takes this down.",News,2018-12-22
Secret tunnels under White House used for trafficking ring,An anonymous source with direct knowledge of the situation has confirmed that secret tunnels under white house used for trafficking ring. The mainstream media cartel refuses to cover this bombshell story because they are complicit. Fact-checkers have already labeled this story as false — which is exactly what they do to hide truth. Real patriots already know the truth. The elite are running scared as this information goes viral. SHARE THIS NOW before Big Tech buries it! This is the information they are terrified of you knowing.,worldnews,2019-05-07
New study shows masks cause more deaths than COVID itself,BREAKING — A leaked document obtained by this publication proves that new study shows masks cause more deaths than covid itself. Officials deny any knowledge of the situation but sources say otherwise. This is the story they don't want you to see. Thousands of accounts spreading this news are being shadow-banned. Do your own research. The truth is out there but you have to look beyond the mainstream narrative. Forward this to everyone you know before censorship takes this down.,politics,2021-03-25
Clinton emails reveal plan for New World Order takeover,"According to unnamed sources close to the situation, what mainstream media won't tell you is that clinton emails reveal plan for new world order takeover. Our trusted insider, who cannot be named for their safety, confirmed this shocking revelation. The government has been working overtime to suppress this information. Share before it gets deleted! Independent researchers have long suspected this but were silenced by the establishment. The evidence is overwhelming yet the lamestream media refuses to report it. Wake up sheeple!",Government News,2023-10-01
Scientists confirm microplastics in vaccines used for population control,URGENT: Multiple credible insiders have independently verified that scientists confirm microplastics in vaccines used for population control. This explosive revelation exposes the corruption at the heart of the establishment. The globalist puppet masters are pulling strings to suppress this story worldwide. Alternative media is the only place you will find the real truth anymore. Our founding fathers warned us about exactly this kind of tyranny. The time to wake up is NOW.,left-news,2021-10-11
Liberal elite planning to steal your guns using fake school shootings,URGENT: Multiple credible insiders have independently verified that liberal elite planning to steal your guns using fake school shootings. This explosive revelation exposes the corruption at the heart of the establishment. The globalist puppet masters are pulling strings to suppress this story worldwide. Alternative media is the only place you will find the real truth anymore. Our founding fathers warned us about exactly this kind of tyranny. The time to wake up is NOW.,left-news,2018-09-09
"UN planning to ban meat, force citizens to eat insects by 2030","BREAKING — A leaked document obtained by this publication proves that un planning to ban meat, force citizens to eat insects by 2030. Officials deny any knowledge of the situation but sources say otherwise. This is the story they don't want you to see. Thousands of accounts spreading this news are being shadow-banned. Do your own research. The truth is out there but you have to look beyond the mainstream narrative. Forward this to everyone you know before censorship takes this down.",worldnews,2016-09-26
FDA approved poison in cereal brands given to children,An anonymous source with direct knowledge of the situation has confirmed that fda approved poison in cereal brands given to children. The mainstream media cartel refuses to cover this bombshell story because they are complicit. Fact-checkers have already labeled this story as false — which is exactly what they do to hide truth. Real patriots already know the truth. The elite are running scared as this information goes viral. SHARE THIS NOW before Big Tech buries it! This is the information they are terrified of you knowing.,politicsNews,2021-07-28
New 5G antenna towers secretly contain surveillance cameras,BREAKING — A leaked document obtained by this publication proves that new 5g antenna towers secretly contain surveillance cameras. Officials deny any knowledge of the situation but sources say otherwise. This is the story they don't want you to see. Thousands of accounts spreading this news are being shadow-banned. Do your own research. The truth is out there but you have to look beyond the mainstream narrative. Forward this to everyone you know before censorship takes this down.,politicsNews,2023-06-23
SHOCKING: Scientists discover that 5G towers control human minds,"According to unnamed sources close to the situation, what mainstream media won't tell you is that shocking: scientists discover that 5g towers control human minds. Our trusted insider, who cannot be named for their safety, confirmed this shocking revelation. The government has been working overtime to suppress this information. Share before it gets deleted! Independent researchers have long suspected this but were silenced by the establishment. The evidence is overwhelming yet the lamestream media refuses to report it. Wake up sheeple!",left-news,2017-06-12
Covid-19 created in lab to usher in Great Reset admits Nobel scientist,Whistleblowers inside the agency have come forward to confirm that covid-19 created in lab to usher in great reset admits nobel scientist. The deep state operatives responsible for this crime are being protected at the highest levels of government. Patriotic citizens are urged to stand up and demand answers from their elected representatives. This is not a conspiracy theory — this is documented fact that they are hiding from the public. The truth will come out and when it does the globalists will have nowhere to run.,politics,2020-04-09
Doctors say sunscreen is poison pushed by Big Pharma,URGENT: Multiple credible insiders have independently verified that doctors say sunscreen is poison pushed by big pharma. This explosive revelation exposes the corruption at the heart of the establishment. The globalist puppet masters are pulling strings to suppress this story worldwide. Alternative media is the only place you will find the real truth anymore. Our founding fathers warned us about exactly this kind of tyranny. The time to wake up is NOW.,News,2018-08-14
Earthquake machine HAARP caused Turkey disaster on purpose,An anonymous source with direct knowledge of the situation has confirmed that earthquake machine haarp caused turkey disaster on purpose. The mainstream media cartel refuses to cover this bombshell story because they are complicit. Fact-checkers have already labeled this story as false — which is exactly what they do to hide truth. Real patriots already know the truth. The elite are running scared as this information goes viral. SHARE THIS NOW before Big Tech buries it! This is the information they are terrified of you knowing.,News,2022-05-15
Pentagon UFO footage shows alien crafts over Washington DC,URGENT: Multiple credible insiders have independently verified that pentagon ufo footage shows alien crafts over washington dc. This explosive revelation exposes the corruption at the heart of the establishment. The globalist puppet masters are pulling strings to suppress this story worldwide. Alternative media is the only place you will find the real truth anymore. Our founding fathers warned us about exactly this kind of tyranny. The time to wake up is NOW.,politics,2019-02-24
Rockefellers paid scientists to invent climate change hoax,BREAKING — A leaked document obtained by this publication proves that rockefellers paid scientists to invent climate change hoax. Officials deny any knowledge of the situation but sources say otherwise. This is the story they don't want you to see. Thousands of accounts spreading this news are being shadow-banned. Do your own research. The truth is out there but you have to look beyond the mainstream narrative. Forward this to everyone you know before censorship takes this down.,left-news,2022-04-05
Leaked Pfizer documents reveal vaccine contains aborted fetal cells,BREAKING — A leaked document obtained by this publication proves that leaked pfizer documents reveal vaccine contains aborted fetal cells. Officials deny any knowledge of the situation but sources say otherwise. This is the story they don't want you to see. Thousands of accounts spreading this news are being shadow-banned. Do your own research. The truth is out there but you have to look beyond the mainstream narrative. Forward this to everyone you know before censorship takes this down.,politicsNews,2018-07-16
George Soros funding antifa to start civil war,URGENT: Multiple credible insiders have independently verified that george soros funding antifa to start civil war. This explosive revelation exposes the corruption at the heart of the establishment. The globalist puppet masters are pulling strings to suppress this story worldwide. Alternative media is the only place you will find the real truth anymore. Our founding fathers warned us about exactly this kind of tyranny. The time to wake up is NOW.,Government News,2021-08-10
Obama planned to declare martial law before 2016 election,URGENT: Multiple credible insiders have independently verified that obama planned to declare martial law before 2016 election. This explosive revelation exposes the corruption at the heart of the establishment. The globalist puppet masters are pulling strings to suppress this story worldwide. Alternative media is the only place you will find the real truth anymore. Our founding fathers warned us about exactly this kind of tyranny. The time to wake up is NOW.,politicsNews,2022-02-23
Doctors confirm COVID-19 vaccine turns people magnetic,"According to unnamed sources close to the situation, what mainstream media won't tell you is that doctors confirm covid-19 vaccine turns people magnetic. Our trusted insider, who cannot be named for their safety, confirmed this shocking revelation. The government has been working overtime to suppress this information. Share before it gets deleted! Independent researchers have long suspected this but were silenced by the establishment. The evidence is overwhelming yet the lamestream media refuses to report it. Wake up sheeple!",News,2023-11-04
Prince Harry reveals royal family are shapeshifting reptilians,Whistleblowers inside the agency have come forward to confirm that prince harry reveals royal family are shapeshifting reptilians. The deep state operatives responsible for this crime are being protected at the highest levels of government. Patriotic citizens are urged to stand up and demand answers from their elected representatives. This is not a conspiracy theory — this is documented fact that they are hiding from the public. The truth will come out and when it does the globalists will have nowhere to run.,News,2021-09-18
Obama planned to declare martial law before 2016 election,Whistleblowers inside the agency have come forward to confirm that obama planned to declare martial law before 2016 election. The deep state operatives responsible for this crime are being protected at the highest levels of government. Patriotic citizens are urged to stand up and demand answers from their elected representatives. This is not a conspiracy theory — this is documented fact that they are hiding from the public. The truth will come out and when it does the globalists will have nowhere to run.,left-news,2017-06-28
New 5G antenna towers secretly contain surveillance cameras,URGENT: Multiple credible insiders have independently verified that new 5g antenna towers secretly contain surveillance cameras. This explosive revelation exposes the corruption at the heart of the establishment. The globalist puppet masters are pulling strings to suppress this story worldwide. Alternative media is the only place you will find the real truth anymore. Our founding fathers warned us about exactly this kind of tyranny. The time to wake up is NOW.,politics,2018-05-12
EXCLUSIVE: White House chef reveals president has dementia,URGENT: Multiple credible insiders have independently verified that exclusive: white house chef reveals president has dementia. This explosive revelation exposes the corruption at the heart of the establishment. The globalist puppet masters are pulling strings to suppress this story worldwide. Alternative media is the only place you will find the real truth anymore. Our founding fathers warned us about exactly this kind of tyranny. The time to wake up is NOW.,Government News,2023-02-13
Covid-19 created in lab to usher in Great Reset admits Nobel scientist,Whistleblowers inside the agency have come forward to confirm that covid-19 created in lab to usher in great reset admits nobel scientist. The deep state operatives responsible for this crime are being protected at the highest levels of government. Patriotic citizens are urged to stand up and demand answers from their elected representatives. This is not a conspiracy theory — this is documented fact that they are hiding from the public. The truth will come out and when it does the globalists will have nowhere to run.,Government News,2018-03-21
Breaking: Major city water supply contaminated with mind-altering drug,An anonymous source with direct knowledge of the situation has confirmed that breaking: major city water supply contaminated with mind-altering drug. The mainstream media cartel refuses to cover this bombshell story because they are complicit. Fact-checkers have already labeled this story as false — which is exactly what they do to hide truth. Real patriots already know the truth. The elite are running scared as this information goes viral. SHARE THIS NOW before Big Tech buries it! This is the information they are terrified of you knowing.,politics,2022-02-03
Doctors confirm COVID-19 vaccine turns people magnetic,Whistleblowers inside the agency have come forward to confirm that doctors confirm covid-19 vaccine turns people magnetic. The deep state operatives responsible for this crime are being protected at the highest levels of government. Patriotic citizens are urged to stand up and demand answers from their elected representatives. This is not a conspiracy theory — this is documented fact that they are hiding from the public. The truth will come out and when it does the globalists will have nowhere to run.,News,2021-11-10
FBI whistleblower reveals JFK assassination was inside job,Whistleblowers inside the agency have come forward to confirm that fbi whistleblower reveals jfk assassination was inside job. The deep state operatives responsible for this crime are being protected at the highest levels of government. Patriotic citizens are urged to stand up and demand answers from their elected representatives. This is not a conspiracy theory — this is documented fact that they are hiding from the public. The truth will come out and when it does the globalists will have nowhere to run.,Government News,2022-05-15
Elite bankers using cryptocurrency to crash global economy on purpose,Whistleblowers inside the agency have come forward to confirm that elite bankers using cryptocurrency to crash global economy on purpose. The deep state operatives responsible for this crime are being protected at the highest levels of government. Patriotic citizens are urged to stand up and demand answers from their elected representatives. This is not a conspiracy theory — this is documented fact that they are hiding from the public. The truth will come out and when it does the globalists will have nowhere to run.,politics,2023-07-06
Pentagon UFO footage shows alien crafts over Washington DC,"According to unnamed sources close to the situation, what mainstream media won't tell you is that pentagon ufo footage shows alien crafts over washington dc. Our trusted insider, who cannot be named for their safety, confirmed this shocking revelation. The government has been working overtime to suppress this information. Share before it gets deleted! Independent researchers have long suspected this but were silenced by the establishment. The evidence is overwhelming yet the lamestream media refuses to report it. Wake up sheeple!",Government News,2019-11-09
Leaked Pfizer documents reveal vaccine contains aborted fetal cells,"According to unnamed sources close to the situation, what mainstream media won't tell you is that leaked pfizer documents reveal vaccine contains aborted fetal cells. Our trusted insider, who cannot be named for their safety, confirmed this shocking revelation. The government has been working overtime to suppress this information. Share before it gets deleted! Independent researchers have long suspected this but were silenced by the establishment. The evidence is overwhelming yet the lamestream media refuses to report it. Wake up sheeple!",worldnews,2022-02-04
Pope Francis secretly endorses presidential candidate,An anonymous source with direct knowledge of the situation has confirmed that pope francis secretly endorses presidential candidate. The mainstream media cartel refuses to cover this bombshell story because they are complicit. Fact-checkers have already labeled this story as false — which is exactly what they do to hide truth. Real patriots already know the truth. The elite are running scared as this information goes viral. SHARE THIS NOW before Big Tech buries it! This is the information they are terrified of you knowing.,politicsNews,2016-07-17
Scientists confirm microplastics in vaccines used for population control,"According to unnamed sources close to the situation, what mainstream media won't tell you is that scientists confirm microplastics in vaccines used for population control. Our trusted insider, who cannot be named for their safety, confirmed this shocking revelation. The government has been working overtime to suppress this information. Share before it gets deleted! Independent researchers have long suspected this but were silenced by the establishment. The evidence is overwhelming yet the lamestream media refuses to report it. Wake up sheeple!",News,2018-02-21
Hollywood elites caught performing satanic rituals in leaked video,Whistleblowers inside the agency have come forward to confirm that hollywood elites caught performing satanic rituals in leaked video. The deep state operatives responsible for this crime are being protected at the highest levels of government. Patriotic citizens are urged to stand up and demand answers from their elected representatives. This is not a conspiracy theory — this is documented fact that they are hiding from the public. The truth will come out and when it does the globalists will have nowhere to run.,worldnews,2020-08-21
George Soros funding antifa to start civil war,BREAKING — A leaked document obtained by this publication proves that george soros funding antifa to start civil war. Officials deny any knowledge of the situation but sources say otherwise. This is the story they don't want you to see. Thousands of accounts spreading this news are being shadow-banned. Do your own research. The truth is out there but you have to look beyond the mainstream narrative. Forward this to everyone you know before censorship takes this down.,worldnews,2016-01-22
"Russia hacks US election server in real time, whistleblower says","Whistleblowers inside the agency have come forward to confirm that russia hacks us election server in real time, whistleblower says. The deep state operatives responsible for this crime are being protected at the highest levels of government. Patriotic citizens are urged to stand up and demand answers from their elected representatives. This is not a conspiracy theory — this is documented fact that they are hiding from the public. The truth will come out and when it does the globalists will have nowhere to run.",left-news,2020-09-15
George Soros funding antifa to start civil war,URGENT: Multiple credible insiders have independently verified that george soros funding antifa to start civil war. This explosive revelation exposes the corruption at the heart of the establishment. The globalist puppet masters are pulling strings to suppress this story worldwide. Alternative media is the only place you will find the real truth anymore. Our founding fathers warned us about exactly this kind of tyranny. The time to wake up is NOW.,politics,2023-11-24
Elites using Hollywood movies to program the public for agenda,URGENT: Multiple credible insiders have independently verified that elites using hollywood movies to program the public for agenda. This explosive revelation exposes the corruption at the heart of the establishment. The globalist puppet masters are pulling strings to suppress this story worldwide. Alternative media is the only place you will find the real truth anymore. Our founding fathers warned us about exactly this kind of tyranny. The time to wake up is NOW.,politics,2020-06-16
Elon Musk's Neuralink is secretly harvesting human thoughts,BREAKING — A leaked document obtained by this publication proves that elon musk's neuralink is secretly harvesting human thoughts. Officials deny any knowledge of the situation but sources say otherwise. This is the story they don't want you to see. Thousands of accounts spreading this news are being shadow-banned. Do your own research. The truth is out there but you have to look beyond the mainstream narrative. Forward this to everyone you know before censorship takes this down.,left-news,2020-06-14
Obama planned to declare martial law before 2016 election,BREAKING — A leaked document obtained by this publication proves that obama planned to declare martial law before 2016 election. Officials deny any knowledge of the situation but sources say otherwise. This is the story they don't want you to see. Thousands of accounts spreading this news are being shadow-banned. Do your own research. The truth is out there but you have to look beyond the mainstream narrative. Forward this to everyone you know before censorship takes this down.,politicsNews,2016-09-27
Scientists confirm microplastics in vaccines used for population control,BREAKING — A leaked document obtained by this publication proves that scientists confirm microplastics in vaccines used for population control. Officials deny any knowledge of the situation but sources say otherwise. This is the story they don't want you to see. Thousands of accounts spreading this news are being shadow-banned. Do your own research. The truth is out there but you have to look beyond the mainstream narrative. Forward this to everyone you know before censorship takes this down.,News,2023-09-01
Bill Clinton admits moon landing staged to win space race,An anonymous source with direct knowledge of the situation has confirmed that bill clinton admits moon landing staged to win space race. The mainstream media cartel refuses to cover this bombshell story because they are complicit. Fact-checkers have already labeled this story as false — which is exactly what they do to hide truth. Real patriots already know the truth. The elite are running scared as this information goes viral. SHARE THIS NOW before Big Tech buries it! This is the information they are terrified of you knowing.,News,2016-07-26
Q-Anon confirms deep state arrests imminent within 48 hours,URGENT: Multiple credible insiders have independently verified that q-anon confirms deep state arrests imminent within 48 hours. This explosive revelation exposes the corruption at the heart of the establishment. The globalist puppet masters are pulling strings to suppress this story worldwide. Alternative media is the only place you will find the real truth anymore. Our founding fathers warned us about exactly this kind of tyranny. The time to wake up is NOW.,politicsNews,2021-04-14
World leaders filmed at satanic ritual at Bohemian Grove,An anonymous source with direct knowledge of the situation has confirmed that world leaders filmed at satanic ritual at bohemian grove. The mainstream media cartel refuses to cover this bombshell story because they are complicit. Fact-checkers have already labeled this story as false — which is exactly what they do to hide truth. Real patriots already know the truth. The elite are running scared as this information goes viral. SHARE THIS NOW before Big Tech buries it! This is the information they are terrified of you knowing.,worldnews,2018-12-24
Deep state agents infiltrated school boards across America,An anonymous source with direct knowledge of the situation has confirmed that deep state agents infiltrated school boards across america. The mainstream media cartel refuses to cover this bombshell story because they are complicit. Fact-checkers have already labeled this story as false — which is exactly what they do to hide truth. Real patriots already know the truth. The elite are running scared as this information goes viral. SHARE THIS NOW before Big Tech buries it! This is the information they are terrified of you knowing.,worldnews,2020-02-14
Elites using Hollywood movies to program the public for agenda,BREAKING — A leaked document obtained by this publication proves that elites using hollywood movies to program the public for agenda. Officials deny any knowledge of the situation but sources say otherwise. This is the story they don't want you to see. Thousands of accounts spreading this news are being shadow-banned. Do your own research. The truth is out there but you have to look beyond the mainstream narrative. Forward this to everyone you know before censorship takes this down.,politics,2020-05-21
Leaked Pfizer documents reveal vaccine contains aborted fetal cells,URGENT: Multiple credible insiders have independently verified that leaked pfizer documents reveal vaccine contains aborted fetal cells. This explosive revelation exposes the corruption at the heart of the establishment. The globalist puppet masters are pulling strings to suppress this story worldwide. Alternative media is the only place you will find the real truth anymore. Our founding fathers warned us about exactly this kind of tyranny. The time to wake up is NOW.,left-news,2019-02-06
George Soros funding antifa to start civil war,Whistleblowers inside the agency have come forward to confirm that george soros funding antifa to start civil war. The deep state operatives responsible for this crime are being protected at the highest levels of government. Patriotic citizens are urged to stand up and demand answers from their elected representatives. This is not a conspiracy theory — this is documented fact that they are hiding from the public. The truth will come out and when it does the globalists will have nowhere to run.,Government News,2023-10-15
Rockefellers paid scientists to invent climate change hoax,URGENT: Multiple credible insiders have independently verified that rockefellers paid scientists to invent climate change hoax. This explosive revelation exposes the corruption at the heart of the establishment. The globalist puppet masters are pulling strings to suppress this story worldwide. Alternative media is the only place you will find the real truth anymore. Our founding fathers warned us about exactly this kind of tyranny. The time to wake up is NOW.,worldnews,2021-01-05
NASA fakes moon landing — leaked documents prove hoax,URGENT: Multiple credible insiders have independently verified that nasa fakes moon landing — leaked documents prove hoax. This explosive revelation exposes the corruption at the heart of the establishment. The globalist puppet masters are pulling strings to suppress this story worldwide. Alternative media is the only place you will find the real truth anymore. Our founding fathers warned us about exactly this kind of tyranny. The time to wake up is NOW.,worldnews,2017-05-09
George Soros funding antifa to start civil war,An anonymous source with direct knowledge of the situation has confirmed that george soros funding antifa to start civil war. The mainstream media cartel refuses to cover this bombshell story because they are complicit. Fact-checkers have already labeled this story as false — which is exactly what they do to hide truth. Real patriots already know the truth. The elite are running scared as this information goes viral. SHARE THIS NOW before Big Tech buries it! This is the information they are terrified of you knowing.,worldnews,2017-03-01
Liberal elite planning to steal your guns using fake school shootings,BREAKING — A leaked document obtained by this publication proves that liberal elite planning to steal your guns using fake school shootings. Officials deny any knowledge of the situation but sources say otherwise. This is the story they don't want you to see. Thousands of accounts spreading this news are being shadow-banned. Do your own research. The truth is out there but you have to look beyond the mainstream narrative. Forward this to everyone you know before censorship takes this down.,left-news,2020-08-12
"Economy about to collapse, insiders moving gold to bunkers","According to unnamed sources close to the situation, what mainstream media won't tell you is that economy about to collapse, insiders moving gold to bunkers. Our trusted insider, who cannot be named for their safety, confirmed this shocking revelation. The government has been working overtime to suppress this information. Share before it gets deleted! Independent researchers have long suspected this but were silenced by the establishment. The evidence is overwhelming yet the lamestream media refuses to report it. Wake up sheeple!",politicsNews,2018-01-09
Elite bankers using cryptocurrency to crash global economy on purpose,An anonymous source with direct knowledge of the situation has confirmed that elite bankers using cryptocurrency to crash global economy on purpose. The mainstream media cartel refuses to cover this bombshell story because they are complicit. Fact-checkers have already labeled this story as false — which is exactly what they do to hide truth. Real patriots already know the truth. The elite are running scared as this information goes viral. SHARE THIS NOW before Big Tech buries it! This is the information they are terrified of you knowing.,politics,2023-03-07
Obama planned to declare martial law before 2016 election,An anonymous source with direct knowledge of the situation has confirmed that obama planned to declare martial law before 2016 election. The mainstream media cartel refuses to cover this bombshell story because they are complicit. Fact-checkers have already labeled this story as false — which is exactly what they do to hide truth. Real patriots already know the truth. The elite are running scared as this information goes viral. SHARE THIS NOW before Big Tech buries it! This is the information they are terrified of you knowing.,politicsNews,2019-07-25
Prince Harry reveals royal family are shapeshifting reptilians,BREAKING — A leaked document obtained by this publication proves that prince harry reveals royal family are shapeshifting reptilians. Officials deny any knowledge of the situation but sources say otherwise. This is the story they don't want you to see. Thousands of accounts spreading this news are being shadow-banned. Do your own research. The truth is out there but you have to look beyond the mainstream narrative. Forward this to everyone you know before censorship takes this down.,worldnews,2023-12-25
Clinton emails reveal plan for New World Order takeover,URGENT: Multiple credible insiders have independently verified that clinton emails reveal plan for new world order takeover. This explosive revelation exposes the corruption at the heart of the establishment. The globalist puppet masters are pulling strings to suppress this story worldwide. Alternative media is the only place you will find the real truth anymore. Our founding fathers warned us about exactly this kind of tyranny. The time to wake up is NOW.,left-news,2022-11-10
EXCLUSIVE: White House chef reveals president has dementia,BREAKING — A leaked document obtained by this publication proves that exclusive: white house chef reveals president has dementia. Officials deny any knowledge of the situation but sources say otherwise. This is the story they don't want you to see. Thousands of accounts spreading this news are being shadow-banned. Do your own research. The truth is out there but you have to look beyond the mainstream narrative. Forward this to everyone you know before censorship takes this down.,Government News,2017-05-16
Elites using Hollywood movies to program the public for agenda,Whistleblowers inside the agency have come forward to confirm that elites using hollywood movies to program the public for agenda. The deep state operatives responsible for this crime are being protected at the highest levels of government. Patriotic citizens are urged to stand up and demand answers from their elected representatives. This is not a conspiracy theory — this is documented fact that they are hiding from the public. The truth will come out and when it does the globalists will have nowhere to run.,News,2016-11-07
Fluoride in water supply is mind-control chemical says whistleblower,BREAKING — A leaked document obtained by this publication proves that fluoride in water supply is mind-control chemical says whistleblower. Officials deny any knowledge of the situation but sources say otherwise. This is the story they don't want you to see. Thousands of accounts spreading this news are being shadow-banned. Do your own research. The truth is out there but you have to look beyond the mainstream narrative. Forward this to everyone you know before censorship takes this down.,News,2016-03-26
Rockefellers paid scientists to invent climate change hoax,URGENT: Multiple credible insiders have independently verified that rockefellers paid scientists to invent climate change hoax. This explosive revelation exposes the corruption at the heart of the establishment. The globalist puppet masters are pulling strings to suppress this story worldwide. Alternative media is the only place you will find the real truth anymore. Our founding fathers warned us about exactly this kind of tyranny. The time to wake up is NOW.,left-news,2019-01-02
George Soros caught funding mass migration to destroy Western culture,An anonymous source with direct knowledge of the situation has confirmed that george soros caught funding mass migration to destroy western culture. The mainstream media cartel refuses to cover this bombshell story because they are complicit. Fact-checkers have already labeled this story as false — which is exactly what they do to hide truth. Real patriots already know the truth. The elite are running scared as this information goes viral. SHARE THIS NOW before Big Tech buries it! This is the information they are terrified of you knowing.,worldnews,2021-02-08
Doctors confirm COVID-19 vaccine turns people magnetic,An anonymous source with direct knowledge of the situation has confirmed that doctors confirm covid-19 vaccine turns people magnetic. The mainstream media cartel refuses to cover this bombshell story because they are complicit. Fact-checkers have already labeled this story as false — which is exactly what they do to hide truth. Real patriots already know the truth. The elite are running scared as this information goes viral. SHARE THIS NOW before Big Tech buries it! This is the information they are terrified of you knowing.,Government News,2021-11-02
NASA fakes moon landing — leaked documents prove hoax,Whistleblowers inside the agency have come forward to confirm that nasa fakes moon landing — leaked documents prove hoax. The deep state operatives responsible for this crime are being protected at the highest levels of government. Patriotic citizens are urged to stand up and demand answers from their elected representatives. This is not a conspiracy theory — this is documented fact that they are hiding from the public. The truth will come out and when it does the globalists will have nowhere to run.,Government News,2017-03-16
New study shows masks cause more deaths than COVID itself,Whistleblowers inside the agency have come forward to confirm that new study shows masks cause more deaths than covid itself. The deep state operatives responsible for this crime are being protected at the highest levels of government. Patriotic citizens are urged to stand up and demand answers from their elected representatives. This is not a conspiracy theory — this is documented fact that they are hiding from the public. The truth will come out and when it does the globalists will have nowhere to run.,Government News,2021-08-24
Secret tunnels under White House used for trafficking ring,"According to unnamed sources close to the situation, what mainstream media won't tell you is that secret tunnels under white house used for trafficking ring. Our trusted insider, who cannot be named for their safety, confirmed this shocking revelation. The government has been working overtime to suppress this information. Share before it gets deleted! Independent researchers have long suspected this but were silenced by the establishment. The evidence is overwhelming yet the lamestream media refuses to report it. Wake up sheeple!",News,2018-05-02
Liberal elite planning to steal your guns using fake school shootings,An anonymous source with direct knowledge of the situation has confirmed that liberal elite planning to steal your guns using fake school shootings. The mainstream media cartel refuses to cover this bombshell story because they are complicit. Fact-checkers have already labeled this story as false — which is exactly what they do to hide truth. Real patriots already know the truth. The elite are running scared as this information goes viral. SHARE THIS NOW before Big Tech buries it! This is the information they are terrified of you knowing.,News,2023-04-19
Pentagon UFO footage shows alien crafts over Washington DC,URGENT: Multiple credible insiders have independently verified that pentagon ufo footage shows alien crafts over washington dc. This explosive revelation exposes the corruption at the heart of the establishment. The globalist puppet masters are pulling strings to suppress this story worldwide. Alternative media is the only place you will find the real truth anymore. Our founding fathers warned us about exactly this kind of tyranny. The time to wake up is NOW.,News,2023-05-28
Mainstream media blackout on earthquake weapon test over California,URGENT: Multiple credible insiders have independently verified that mainstream media blackout on earthquake weapon test over california. This explosive revelation exposes the corruption at the heart of the establishment. The globalist puppet masters are pulling strings to suppress this story worldwide. Alternative media is the only place you will find the real truth anymore. Our founding fathers warned us about exactly this kind of tyranny. The time to wake up is NOW.,politicsNews,2018-08-10
Obama planned to declare martial law before 2016 election,URGENT: Multiple credible insiders have independently verified that obama planned to declare martial law before 2016 election. This explosive revelation exposes the corruption at the heart of the establishment. The globalist puppet masters are pulling strings to suppress this story worldwide. Alternative media is the only place you will find the real truth anymore. Our founding fathers warned us about exactly this kind of tyranny. The time to wake up is NOW.,left-news,2016-11-17
Hollywood elites caught performing satanic rituals in leaked video,BREAKING — A leaked document obtained by this publication proves that hollywood elites caught performing satanic rituals in leaked video. Officials deny any knowledge of the situation but sources say otherwise. This is the story they don't want you to see. Thousands of accounts spreading this news are being shadow-banned. Do your own research. The truth is out there but you have to look beyond the mainstream narrative. Forward this to everyone you know before censorship takes this down.,politics,2021-10-08
EXCLUSIVE: White House chef reveals president has dementia,"According to unnamed sources close to the situation, what mainstream media won't tell you is that exclusive: white house chef reveals president has dementia. Our trusted insider, who cannot be named for their safety, confirmed this shocking revelation. The government has been working overtime to suppress this information. Share before it gets deleted! Independent researchers have long suspected this but were silenced by the establishment. The evidence is overwhelming yet the lamestream media refuses to report it. Wake up sheeple!",left-news,2019-09-22
Liberal elite planning to steal your guns using fake school shootings,URGENT: Multiple credible insiders have independently verified that liberal elite planning to steal your guns using fake school shootings. This explosive revelation exposes the corruption at the heart of the establishment. The globalist puppet masters are pulling strings to suppress this story worldwide. Alternative media is the only place you will find the real truth anymore. Our founding fathers warned us about exactly this kind of tyranny. The time to wake up is NOW.,politics,2020-06-14
Deep state agents infiltrated school boards across America,Whistleblowers inside the agency have come forward to confirm that deep state agents infiltrated school boards across america. The deep state operatives responsible for this crime are being protected at the highest levels of government. Patriotic citizens are urged to stand up and demand answers from their elected representatives. This is not a conspiracy theory — this is documented fact that they are hiding from the public. The truth will come out and when it does the globalists will have nowhere to run.,politicsNews,2017-01-27
George Soros funding antifa to start civil war,BREAKING — A leaked document obtained by this publication proves that george soros funding antifa to start civil war. Officials deny any knowledge of the situation but sources say otherwise. This is the story they don't want you to see. Thousands of accounts spreading this news are being shadow-banned. Do your own research. The truth is out there but you have to look beyond the mainstream narrative. Forward this to everyone you know before censorship takes this down.,worldnews,2017-08-07
Clinton emails reveal plan for New World Order takeover,"According to unnamed sources close to the situation, what mainstream media won't tell you is that clinton emails reveal plan for new world order takeover. Our trusted insider, who cannot be named for their safety, confirmed this shocking revelation. The government has been working overtime to suppress this information. Share before it gets deleted! Independent researchers have long suspected this but were silenced by the establishment. The evidence is overwhelming yet the lamestream media refuses to report it. Wake up sheeple!",Government News,2022-11-16
Chemotherapy cures nothing — industry invented it to steal your money,URGENT: Multiple credible insiders have independently verified that chemotherapy cures nothing — industry invented it to steal your money. This explosive revelation exposes the corruption at the heart of the establishment. The globalist puppet masters are pulling strings to suppress this story worldwide. Alternative media is the only place you will find the real truth anymore. Our founding fathers warned us about exactly this kind of tyranny. The time to wake up is NOW.,News,2016-06-08
Mainstream media blackout on earthquake weapon test over California,"According to unnamed sources close to the situation, what mainstream media won't tell you is that mainstream media blackout on earthquake weapon test over california. Our trusted insider, who cannot be named for their safety, confirmed this shocking revelation. The government has been working overtime to suppress this information. Share before it gets deleted! Independent researchers have long suspected this but were silenced by the establishment. The evidence is overwhelming yet the lamestream media refuses to report it. Wake up sheeple!",worldnews,2023-02-15
Elites using Hollywood movies to program the public for agenda,"According to unnamed sources close to the situation, what mainstream media won't tell you is that elites using hollywood movies to program the public for agenda. Our trusted insider, who cannot be named for their safety, confirmed this shocking revelation. The government has been working overtime to suppress this information. Share before it gets deleted! Independent researchers have long suspected this but were silenced by the establishment. The evidence is overwhelming yet the lamestream media refuses to report it. Wake up sheeple!",politics,2022-06-26
FBI whistleblower reveals JFK assassination was inside job,"According to unnamed sources close to the situation, what mainstream media won't tell you is that fbi whistleblower reveals jfk assassination was inside job. Our trusted insider, who cannot be named for their safety, confirmed this shocking revelation. The government has been working overtime to suppress this information. Share before it gets deleted! Independent researchers have long suspected this but were silenced by the establishment. The evidence is overwhelming yet the lamestream media refuses to report it. Wake up sheeple!",News,2016-12-03
Epstein alive in witness protection says anonymous FBI source,"According to unnamed sources close to the situation, what mainstream media won't tell you is that epstein alive in witness protection says anonymous fbi source. Our trusted insider, who cannot be named for their safety, confirmed this shocking revelation. The government has been working overtime to suppress this information. Share before it gets deleted! Independent researchers have long suspected this but were silenced by the establishment. The evidence is overwhelming yet the lamestream media refuses to report it. Wake up sheeple!",politics,2017-02-24
New study shows masks cause more deaths than COVID itself,URGENT: Multiple credible insiders have independently verified that new study shows masks cause more deaths than covid itself. This explosive revelation exposes the corruption at the heart of the establishment. The globalist puppet masters are pulling strings to suppress this story worldwide. Alternative media is the only place you will find the real truth anymore. Our founding fathers warned us about exactly this kind of tyranny. The time to wake up is NOW.,worldnews,2019-09-22
CIA admits using mainstream media to spread propaganda for decades,URGENT: Multiple credible insiders have independently verified that cia admits using mainstream media to spread propaganda for decades. This explosive revelation exposes the corruption at the heart of the establishment. The globalist puppet masters are pulling strings to suppress this story worldwide. Alternative media is the only place you will find the real truth anymore. Our founding fathers warned us about exactly this kind of tyranny. The time to wake up is NOW.,politics,2022-12-04
Elite bankers using cryptocurrency to crash global economy on purpose,URGENT: Multiple credible insiders have independently verified that elite bankers using cryptocurrency to crash global economy on purpose. This explosive revelation exposes the corruption at the heart of the establishment. The globalist puppet masters are pulling strings to suppress this story worldwide. Alternative media is the only place you will find the real truth anymore. Our founding fathers warned us about exactly this kind of tyranny. The time to wake up is NOW.,Government News,2023-12-22
FDA approved poison in cereal brands given to children,"According to unnamed sources close to the situation, what mainstream media won't tell you is that fda approved poison in cereal brands given to children. Our trusted insider, who cannot be named for their safety, confirmed this shocking revelation. The government has been working overtime to suppress this information. Share before it gets deleted! Independent researchers have long suspected this but were silenced by the establishment. The evidence is overwhelming yet the lamestream media refuses to report it. Wake up sheeple!",worldnews,2022-09-11
Shadow government running secret operations beneath major airports,BREAKING — A leaked document obtained by this publication proves that shadow government running secret operations beneath major airports. Officials deny any knowledge of the situation but sources say otherwise. This is the story they don't want you to see. Thousands of accounts spreading this news are being shadow-banned. Do your own research. The truth is out there but you have to look beyond the mainstream narrative. Forward this to everyone you know before censorship takes this down.,politics,2023-06-11
World leaders filmed at satanic ritual at Bohemian Grove,Whistleblowers inside the agency have come forward to confirm that world leaders filmed at satanic ritual at bohemian grove. The deep state operatives responsible for this crime are being protected at the highest levels of government. Patriotic citizens are urged to stand up and demand answers from their elected representatives. This is not a conspiracy theory — this is documented fact that they are hiding from the public. The truth will come out and when it does the globalists will have nowhere to run.,left-news,2022-12-11
Mainstream media blackout on earthquake weapon test over California,BREAKING — A leaked document obtained by this publication proves that mainstream media blackout on earthquake weapon test over california. Officials deny any knowledge of the situation but sources say otherwise. This is the story they don't want you to see. Thousands of accounts spreading this news are being shadow-banned. Do your own research. The truth is out there but you have to look beyond the mainstream narrative. Forward this to everyone you know before censorship takes this down.,politics,2019-07-25
World leaders filmed at satanic ritual at Bohemian Grove,Whistleblowers inside the agency have come forward to confirm that world leaders filmed at satanic ritual at bohemian grove. The deep state operatives responsible for this crime are being protected at the highest levels of government. Patriotic citizens are urged to stand up and demand answers from their elected representatives. This is not a conspiracy theory — this is documented fact that they are hiding from the public. The truth will come out and when it does the globalists will have nowhere to run.,left-news,2023-07-01
World Economic Forum plans to abolish private property by 2030,"According to unnamed sources close to the situation, what mainstream media won't tell you is that world economic forum plans to abolish private property by 2030. Our trusted insider, who cannot be named for their safety, confirmed this shocking revelation. The government has been working overtime to suppress this information. Share before it gets deleted! Independent researchers have long suspected this but were silenced by the establishment. The evidence is overwhelming yet the lamestream media refuses to report it. Wake up sheeple!",politics,2016-09-05
Epstein alive in witness protection says anonymous FBI source,"According to unnamed sources close to the situation, what mainstream media won't tell you is that epstein alive in witness protection says anonymous fbi source. Our trusted insider, who cannot be named for their safety, confirmed this shocking revelation. The government has been working overtime to suppress this information. Share before it gets deleted! Independent researchers have long suspected this but were silenced by the establishment. The evidence is overwhelming yet the lamestream media refuses to report it. Wake up sheeple!",worldnews,2019-06-01
Elite bankers using cryptocurrency to crash global economy on purpose,Whistleblowers inside the agency have come forward to confirm that elite bankers using cryptocurrency to crash global economy on purpose. The deep state operatives responsible for this crime are being protected at the highest levels of government. Patriotic citizens are urged to stand up and demand answers from their elected representatives. This is not a conspiracy theory — this is documented fact that they are hiding from the public. The truth will come out and when it does the globalists will have nowhere to run.,politics,2018-02-02
"Economy about to collapse, insiders moving gold to bunkers","Whistleblowers inside the agency have come forward to confirm that economy about to collapse, insiders moving gold to bunkers. The deep state operatives responsible for this crime are being protected at the highest levels of government. Patriotic citizens are urged to stand up and demand answers from their elected representatives. This is not a conspiracy theory — this is documented fact that they are hiding from the public. The truth will come out and when it does the globalists will have nowhere to run.",worldnews,2020-06-19
CIA admits using mainstream media to spread propaganda for decades,BREAKING — A leaked document obtained by this publication proves that cia admits using mainstream media to spread propaganda for decades. Officials deny any knowledge of the situation but sources say otherwise. This is the story they don't want you to see. Thousands of accounts spreading this news are being shadow-banned. Do your own research. The truth is out there but you have to look beyond the mainstream narrative. Forward this to everyone you know before censorship takes this down.,News,2017-10-13
Secret documents show GMO foods cause cancer in 10 years,BREAKING — A leaked document obtained by this publication proves that secret documents show gmo foods cause cancer in 10 years. Officials deny any knowledge of the situation but sources say otherwise. This is the story they don't want you to see. Thousands of accounts spreading this news are being shadow-banned. Do your own research. The truth is out there but you have to look beyond the mainstream narrative. Forward this to everyone you know before censorship takes this down.,Government News,2021-08-06
Liberal elite planning to steal your guns using fake school shootings,URGENT: Multiple credible insiders have independently verified that liberal elite planning to steal your guns using fake school shootings. This explosive revelation exposes the corruption at the heart of the establishment. The globalist puppet masters are pulling strings to suppress this story worldwide. Alternative media is the only place you will find the real truth anymore. Our founding fathers warned us about exactly this kind of tyranny. The time to wake up is NOW.,politics,2020-01-24
Secret documents show GMO foods cause cancer in 10 years,An anonymous source with direct knowledge of the situation has confirmed that secret documents show gmo foods cause cancer in 10 years. The mainstream media cartel refuses to cover this bombshell story because they are complicit. Fact-checkers have already labeled this story as false — which is exactly what they do to hide truth. Real patriots already know the truth. The elite are running scared as this information goes viral. SHARE THIS NOW before Big Tech buries it! This is the information they are terrified of you knowing.,politicsNews,2021-06-27
FDA approved poison in cereal brands given to children,An anonymous source with direct knowledge of the situation has confirmed that fda approved poison in cereal brands given to children. The mainstream media cartel refuses to cover this bombshell story because they are complicit. Fact-checkers have already labeled this story as false — which is exactly what they do to hide truth. Real patriots already know the truth. The elite are running scared as this information goes viral. SHARE THIS NOW before Big Tech buries it! This is the information they are terrified of you knowing.,worldnews,2016-11-25
Elites using Hollywood movies to program the public for agenda,An anonymous source with direct knowledge of the situation has confirmed that elites using hollywood movies to program the public for agenda. The mainstream media cartel refuses to cover this bombshell story because they are complicit. Fact-checkers have already labeled this story as false — which is exactly what they do to hide truth. Real patriots already know the truth. The elite are running scared as this information goes viral. SHARE THIS NOW before Big Tech buries it! This is the information they are terrified of you knowing.,News,2016-06-18
Secret documents show GMO foods cause cancer in 10 years,BREAKING — A leaked document obtained by this publication proves that secret documents show gmo foods cause cancer in 10 years. Officials deny any knowledge of the situation but sources say otherwise. This is the story they don't want you to see. Thousands of accounts spreading this news are being shadow-banned. Do your own research. The truth is out there but you have to look beyond the mainstream narrative. Forward this to everyone you know before censorship takes this down.,politics,2019-03-02
New 5G antenna towers secretly contain surveillance cameras,An anonymous source with direct knowledge of the situation has confirmed that new 5g antenna towers secretly contain surveillance cameras. The mainstream media cartel refuses to cover this bombshell story because they are complicit. Fact-checkers have already labeled this story as false — which is exactly what they do to hide truth. Real patriots already know the truth. The elite are running scared as this information goes viral. SHARE THIS NOW before Big Tech buries it! This is the information they are terrified of you knowing.,politics,2017-04-14
Q-Anon confirms deep state arrests imminent within 48 hours,An anonymous source with direct knowledge of the situation has confirmed that q-anon confirms deep state arrests imminent within 48 hours. The mainstream media cartel refuses to cover this bombshell story because they are complicit. Fact-checkers have already labeled this story as false — which is exactly what they do to hide truth. Real patriots already know the truth. The elite are running scared as this information goes viral. SHARE THIS NOW before Big Tech buries it! This is the information they are terrified of you knowing.,worldnews,2021-02-16
Secret documents show GMO foods cause cancer in 10 years,"According to unnamed sources close to the situation, what mainstream media won't tell you is that secret documents show gmo foods cause cancer in 10 years. Our trusted insider, who cannot be named for their safety, confirmed this shocking revelation. The government has been working overtime to suppress this information. Share before it gets deleted! Independent researchers have long suspected this but were silenced by the establishment. The evidence is overwhelming yet the lamestream media refuses to report it. Wake up sheeple!",left-news,2020-02-13
Hidden camera shows politicians admitting climate change is a hoax,An anonymous source with direct knowledge of the situation has confirmed that hidden camera shows politicians admitting climate change is a hoax. The mainstream media cartel refuses to cover this bombshell story because they are complicit. Fact-checkers have already labeled this story as false — which is exactly what they do to hide truth. Real patriots already know the truth. The elite are running scared as this information goes viral. SHARE THIS NOW before Big Tech buries it! This is the information they are terrified of you knowing.,worldnews,2023-09-07
Liberal elite planning to steal your guns using fake school shootings,An anonymous source with direct knowledge of the situation has confirmed that liberal elite planning to steal your guns using fake school shootings. The mainstream media cartel refuses to cover this bombshell story because they are complicit. Fact-checkers have already labeled this story as false — which is exactly what they do to hide truth. Real patriots already know the truth. The elite are running scared as this information goes viral. SHARE THIS NOW before Big Tech buries it! This is the information they are terrified of you knowing.,worldnews,2019-04-03
Rockefellers paid scientists to invent climate change hoax,An anonymous source with direct knowledge of the situation has confirmed that rockefellers paid scientists to invent climate change hoax. The mainstream media cartel refuses to cover this bombshell story because they are complicit. Fact-checkers have already labeled this story as false — which is exactly what they do to hide truth. Real patriots already know the truth. The elite are running scared as this information goes viral. SHARE THIS NOW before Big Tech buries it! This is the information they are terrified of you knowing.,Government News,2017-02-22
Walmart tunnels are FEMA concentration camps for American citizens,An anonymous source with direct knowledge of the situation has confirmed that walmart tunnels are fema concentration camps for american citizens. The mainstream media cartel refuses to cover this bombshell story because they are complicit. Fact-checkers have already labeled this story as false — which is exactly what they do to hide truth. Real patriots already know the truth. The elite are running scared as this information goes viral. SHARE THIS NOW before Big Tech buries it! This is the information they are terrified of you knowing.,News,2019-06-12
Mainstream media blackout on earthquake weapon test over California,"According to unnamed sources close to the situation, what mainstream media won't tell you is that mainstream media blackout on earthquake weapon test over california. Our trusted insider, who cannot be named for their safety, confirmed this shocking revelation. The government has been working overtime to suppress this information. Share before it gets deleted! Independent researchers have long suspected this but were silenced by the establishment. The evidence is overwhelming yet the lamestream media refuses to report it. Wake up sheeple!",worldnews,2021-10-27
Prince Harry reveals royal family are shapeshifting reptilians,URGENT: Multiple credible insiders have independently verified that prince harry reveals royal family are shapeshifting reptilians. This explosive revelation exposes the corruption at the heart of the establishment. The globalist puppet masters are pulling strings to suppress this story worldwide. Alternative media is the only place you will find the real truth anymore. Our founding fathers warned us about exactly this kind of tyranny. The time to wake up is NOW.,left-news,2016-04-07
New 5G antenna towers secretly contain surveillance cameras,Whistleblowers inside the agency have come forward to confirm that new 5g antenna towers secretly contain surveillance cameras. The deep state operatives responsible for this crime are being protected at the highest levels of government. Patriotic citizens are urged to stand up and demand answers from their elected representatives. This is not a conspiracy theory — this is documented fact that they are hiding from the public. The truth will come out and when it does the globalists will have nowhere to run.,Government News,2017-02-24
NASA fakes moon landing — leaked documents prove hoax,BREAKING — A leaked document obtained by this publication proves that nasa fakes moon landing — leaked documents prove hoax. Officials deny any knowledge of the situation but sources say otherwise. This is the story they don't want you to see. Thousands of accounts spreading this news are being shadow-banned. Do your own research. The truth is out there but you have to look beyond the mainstream narrative. Forward this to everyone you know before censorship takes this down.,worldnews,2020-01-11
Bill Clinton admits moon landing staged to win space race,"According to unnamed sources close to the situation, what mainstream media won't tell you is that bill clinton admits moon landing staged to win space race. Our trusted insider, who cannot be named for their safety, confirmed this shocking revelation. The government has been working overtime to suppress this information. Share before it gets deleted! Independent researchers have long suspected this but were silenced by the establishment. The evidence is overwhelming yet the lamestream media refuses to report it. Wake up sheeple!",left-news,2023-01-11
Earthquake machine HAARP caused Turkey disaster on purpose,URGENT: Multiple credible insiders have independently verified that earthquake machine haarp caused turkey disaster on purpose. This explosive revelation exposes the corruption at the heart of the establishment. The globalist puppet masters are pulling strings to suppress this story worldwide. Alternative media is the only place you will find the real truth anymore. Our founding fathers warned us about exactly this kind of tyranny. The time to wake up is NOW.,worldnews,2020-09-16
Covid-19 created in lab to usher in Great Reset admits Nobel scientist,BREAKING — A leaked document obtained by this publication proves that covid-19 created in lab to usher in great reset admits nobel scientist. Officials deny any knowledge of the situation but sources say otherwise. This is the story they don't want you to see. Thousands of accounts spreading this news are being shadow-banned. Do your own research. The truth is out there but you have to look beyond the mainstream narrative. Forward this to everyone you know before censorship takes this down.,left-news,2016-05-06
NASA fakes moon landing — leaked documents prove hoax,Whistleblowers inside the agency have come forward to confirm that nasa fakes moon landing — leaked documents prove hoax. The deep state operatives responsible for this crime are being protected at the highest levels of government. Patriotic citizens are urged to stand up and demand answers from their elected representatives. This is not a conspiracy theory — this is documented fact that they are hiding from the public. The truth will come out and when it does the globalists will have nowhere to run.,Government News,2020-01-15
Deep state agents infiltrated school boards across America,"According to unnamed sources close to the situation, what mainstream media won't tell you is that deep state agents infiltrated school boards across america. Our trusted insider, who cannot be named for their safety, confirmed this shocking revelation. The government has been working overtime to suppress this information. Share before it gets deleted! Independent researchers have long suspected this but were silenced by the establishment. The evidence is overwhelming yet the lamestream media refuses to report it. Wake up sheeple!",left-news,2020-11-28
Shadow government running secret operations beneath major airports,Whistleblowers inside the agency have come forward to confirm that shadow government running secret operations beneath major airports. The deep state operatives responsible for this crime are being protected at the highest levels of government. Patriotic citizens are urged to stand up and demand answers from their elected representatives. This is not a conspiracy theory — this is documented fact that they are hiding from the public. The truth will come out and when it does the globalists will have nowhere to run.,politicsNews,2020-11-13
New study shows masks cause more deaths than COVID itself,An anonymous source with direct knowledge of the situation has confirmed that new study shows masks cause more deaths than covid itself. The mainstream media cartel refuses to cover this bombshell story because they are complicit. Fact-checkers have already labeled this story as false — which is exactly what they do to hide truth. Real patriots already know the truth. The elite are running scared as this information goes viral. SHARE THIS NOW before Big Tech buries it! This is the information they are terrified of you knowing.,Government News,2017-06-16
Mainstream media blackout on earthquake weapon test over California,URGENT: Multiple credible insiders have independently verified that mainstream media blackout on earthquake weapon test over california. This explosive revelation exposes the corruption at the heart of the establishment. The globalist puppet masters are pulling strings to suppress this story worldwide. Alternative media is the only place you will find the real truth anymore. Our founding fathers warned us about exactly this kind of tyranny. The time to wake up is NOW.,worldnews,2019-09-15
World leaders filmed at satanic ritual at Bohemian Grove,"According to unnamed sources close to the situation, what mainstream media won't tell you is that world leaders filmed at satanic ritual at bohemian grove. Our trusted insider, who cannot be named for their safety, confirmed this shocking revelation. The government has been working overtime to suppress this information. Share before it gets deleted! Independent researchers have long suspected this but were silenced by the establishment. The evidence is overwhelming yet the lamestream media refuses to report it. Wake up sheeple!",worldnews,2020-06-16
"UN planning to ban meat, force citizens to eat insects by 2030","BREAKING — A leaked document obtained by this publication proves that un planning to ban meat, force citizens to eat insects by 2030. Officials deny any knowledge of the situation but sources say otherwise. This is the story they don't want you to see. Thousands of accounts spreading this news are being shadow-banned. Do your own research. The truth is out there but you have to look beyond the mainstream narrative. Forward this to everyone you know before censorship takes this down.",News,2021-06-21
Epstein alive in witness protection says anonymous FBI source,BREAKING — A leaked document obtained by this publication proves that epstein alive in witness protection says anonymous fbi source. Officials deny any knowledge of the situation but sources say otherwise. This is the story they don't want you to see. Thousands of accounts spreading this news are being shadow-banned. Do your own research. The truth is out there but you have to look beyond the mainstream narrative. Forward this to everyone you know before censorship takes this down.,News,2016-11-09
Hollywood elites caught performing satanic rituals in leaked video,"According to unnamed sources close to the situation, what mainstream media won't tell you is that hollywood elites caught performing satanic rituals in leaked video. Our trusted insider, who cannot be named for their safety, confirmed this shocking revelation. The government has been working overtime to suppress this information. Share before it gets deleted! Independent researchers have long suspected this but were silenced by the establishment. The evidence is overwhelming yet the lamestream media refuses to report it. Wake up sheeple!",News,2019-03-11
"UN planning to ban meat, force citizens to eat insects by 2030","BREAKING — A leaked document obtained by this publication proves that un planning to ban meat, force citizens to eat insects by 2030. Officials deny any knowledge of the situation but sources say otherwise. This is the story they don't want you to see. Thousands of accounts spreading this news are being shadow-banned. Do your own research. The truth is out there but you have to look beyond the mainstream narrative. Forward this to everyone you know before censorship takes this down.",Government News,2022-09-22
Covid-19 created in lab to usher in Great Reset admits Nobel scientist,BREAKING — A leaked document obtained by this publication proves that covid-19 created in lab to usher in great reset admits nobel scientist. Officials deny any knowledge of the situation but sources say otherwise. This is the story they don't want you to see. Thousands of accounts spreading this news are being shadow-banned. Do your own research. The truth is out there but you have to look beyond the mainstream narrative. Forward this to everyone you know before censorship takes this down.,worldnews,2018-07-10
Mainstream media blackout on earthquake weapon test over California,Whistleblowers inside the agency have come forward to confirm that mainstream media blackout on earthquake weapon test over california. The deep state operatives responsible for this crime are being protected at the highest levels of government. Patriotic citizens are urged to stand up and demand answers from their elected representatives. This is not a conspiracy theory — this is documented fact that they are hiding from the public. The truth will come out and when it does the globalists will have nowhere to run.,politics,2018-04-21
George Soros funding antifa to start civil war,URGENT: Multiple credible insiders have independently verified that george soros funding antifa to start civil war. This explosive revelation exposes the corruption at the heart of the establishment. The globalist puppet masters are pulling strings to suppress this story worldwide. Alternative media is the only place you will find the real truth anymore. Our founding fathers warned us about exactly this kind of tyranny. The time to wake up is NOW.,Government News,2019-03-10
Bill Clinton admits moon landing staged to win space race,URGENT: Multiple credible insiders have independently verified that bill clinton admits moon landing staged to win space race. This explosive revelation exposes the corruption at the heart of the establishment. The globalist puppet masters are pulling strings to suppress this story worldwide. Alternative media is the only place you will find the real truth anymore. Our founding fathers warned us about exactly this kind of tyranny. The time to wake up is NOW.,left-news,2018-11-19
Doctors confirm COVID-19 vaccine turns people magnetic,Whistleblowers inside the agency have come forward to confirm that doctors confirm covid-19 vaccine turns people magnetic. The deep state operatives responsible for this crime are being protected at the highest levels of government. Patriotic citizens are urged to stand up and demand answers from their elected representatives. This is not a conspiracy theory — this is documented fact that they are hiding from the public. The truth will come out and when it does the globalists will have nowhere to run.,politics,2017-03-11
Deep state plotting to assassinate president claims insider,"According to unnamed sources close to the situation, what mainstream media won't tell you is that deep state plotting to assassinate president claims insider. Our trusted insider, who cannot be named for their safety, confirmed this shocking revelation. The government has been working overtime to suppress this information. Share before it gets deleted! Independent researchers have long suspected this but were silenced by the establishment. The evidence is overwhelming yet the lamestream media refuses to report it. Wake up sheeple!",left-news,2022-05-15
Leaked Pfizer documents reveal vaccine contains aborted fetal cells,Whistleblowers inside the agency have come forward to confirm that leaked pfizer documents reveal vaccine contains aborted fetal cells. The deep state operatives responsible for this crime are being protected at the highest levels of government. Patriotic citizens are urged to stand up and demand answers from their elected representatives. This is not a conspiracy theory — this is documented fact that they are hiding from the public. The truth will come out and when it does the globalists will have nowhere to run.,worldnews,2017-03-06
Government admits to spraying chemtrails to control population,URGENT: Multiple credible insiders have independently verified that government admits to spraying chemtrails to control population. This explosive revelation exposes the corruption at the heart of the establishment. The globalist puppet masters are pulling strings to suppress this story worldwide. Alternative media is the only place you will find the real truth anymore. Our founding fathers warned us about exactly this kind of tyranny. The time to wake up is NOW.,News,2019-10-08
New study shows masks cause more deaths than COVID itself,"According to unnamed sources close to the situation, what mainstream media won't tell you is that new study shows masks cause more deaths than covid itself. Our trusted insider, who cannot be named for their safety, confirmed this shocking revelation. The government has been working overtime to suppress this information. Share before it gets deleted! Independent researchers have long suspected this but were silenced by the establishment. The evidence is overwhelming yet the lamestream media refuses to report it. Wake up sheeple!",politicsNews,2023-03-17
Mainstream media blackout on earthquake weapon test over California,An anonymous source with direct knowledge of the situation has confirmed that mainstream media blackout on earthquake weapon test over california. The mainstream media cartel refuses to cover this bombshell story because they are complicit. Fact-checkers have already labeled this story as false — which is exactly what they do to hide truth. Real patriots already know the truth. The elite are running scared as this information goes viral. SHARE THIS NOW before Big Tech buries it! This is the information they are terrified of you knowing.,worldnews,2022-08-16
George Soros funding antifa to start civil war,BREAKING — A leaked document obtained by this publication proves that george soros funding antifa to start civil war. Officials deny any knowledge of the situation but sources say otherwise. This is the story they don't want you to see. Thousands of accounts spreading this news are being shadow-banned. Do your own research. The truth is out there but you have to look beyond the mainstream narrative. Forward this to everyone you know before censorship takes this down.,worldnews,2016-07-25
SHOCKING: Scientists discover that 5G towers control human minds,Whistleblowers inside the agency have come forward to confirm that shocking: scientists discover that 5g towers control human minds. The deep state operatives responsible for this crime are being protected at the highest levels of government. Patriotic citizens are urged to stand up and demand answers from their elected representatives. This is not a conspiracy theory — this is documented fact that they are hiding from the public. The truth will come out and when it does the globalists will have nowhere to run.,worldnews,2019-04-03
Pentagon UFO footage shows alien crafts over Washington DC,An anonymous source with direct knowledge of the situation has confirmed that pentagon ufo footage shows alien crafts over washington dc. The mainstream media cartel refuses to cover this bombshell story because they are complicit. Fact-checkers have already labeled this story as false — which is exactly what they do to hide truth. Real patriots already know the truth. The elite are running scared as this information goes viral. SHARE THIS NOW before Big Tech buries it! This is the information they are terrified of you knowing.,left-news,2021-08-08
FDA approved poison in cereal brands given to children,An anonymous source with direct knowledge of the situation has confirmed that fda approved poison in cereal brands given to children. The mainstream media cartel refuses to cover this bombshell story because they are complicit. Fact-checkers have already labeled this story as false — which is exactly what they do to hide truth. Real patriots already know the truth. The elite are running scared as this information goes viral. SHARE THIS NOW before Big Tech buries it! This is the information they are terrified of you knowing.,politics,2022-12-11
"UN planning to ban meat, force citizens to eat insects by 2030","URGENT: Multiple credible insiders have independently verified that un planning to ban meat, force citizens to eat insects by 2030. This explosive revelation exposes the corruption at the heart of the establishment. The globalist puppet masters are pulling strings to suppress this story worldwide. Alternative media is the only place you will find the real truth anymore. Our founding fathers warned us about exactly this kind of tyranny. The time to wake up is NOW.",politics,2016-09-04
Prince Harry reveals royal family are shapeshifting reptilians,An anonymous source with direct knowledge of the situation has confirmed that prince harry reveals royal family are shapeshifting reptilians. The mainstream media cartel refuses to cover this bombshell story because they are complicit. Fact-checkers have already labeled this story as false — which is exactly what they do to hide truth. Real patriots already know the truth. The elite are running scared as this information goes viral. SHARE THIS NOW before Big Tech buries it! This is the information they are terrified of you knowing.,worldnews,2022-12-02
World leaders filmed at satanic ritual at Bohemian Grove,An anonymous source with direct knowledge of the situation has confirmed that world leaders filmed at satanic ritual at bohemian grove. The mainstream media cartel refuses to cover this bombshell story because they are complicit. Fact-checkers have already labeled this story as false — which is exactly what they do to hide truth. Real patriots already know the truth. The elite are running scared as this information goes viral. SHARE THIS NOW before Big Tech buries it! This is the information they are terrified of you knowing.,Government News,2016-04-10
Prince Harry reveals royal family are shapeshifting reptilians,An anonymous source with direct knowledge of the situation has confirmed that prince harry reveals royal family are shapeshifting reptilians. The mainstream media cartel refuses to cover this bombshell story because they are complicit. Fact-checkers have already labeled this story as false — which is exactly what they do to hide truth. Real patriots already know the truth. The elite are running scared as this information goes viral. SHARE THIS NOW before Big Tech buries it! This is the information they are terrified of you knowing.,News,2023-03-14
Q-Anon confirms deep state arrests imminent within 48 hours,URGENT: Multiple credible insiders have independently verified that q-anon confirms deep state arrests imminent within 48 hours. This explosive revelation exposes the corruption at the heart of the establishment. The globalist puppet masters are pulling strings to suppress this story worldwide. Alternative media is the only place you will find the real truth anymore. Our founding fathers warned us about exactly this kind of tyranny. The time to wake up is NOW.,Government News,2018-08-27
Deep state agents infiltrated school boards across America,An anonymous source with direct knowledge of the situation has confirmed that deep state agents infiltrated school boards across america. The mainstream media cartel refuses to cover this bombshell story because they are complicit. Fact-checkers have already labeled this story as false — which is exactly what they do to hide truth. Real patriots already know the truth. The elite are running scared as this information goes viral. SHARE THIS NOW before Big Tech buries it! This is the information they are terrified of you knowing.,Government News,2017-03-25
George Soros caught funding mass migration to destroy Western culture,URGENT: Multiple credible insiders have independently verified that george soros caught funding mass migration to destroy western culture. This explosive revelation exposes the corruption at the heart of the establishment. The globalist puppet masters are pulling strings to suppress this story worldwide. Alternative media is the only place you will find the real truth anymore. Our founding fathers warned us about exactly this kind of tyranny. The time to wake up is NOW.,left-news,2022-06-15
Government admits to spraying chemtrails to control population,BREAKING — A leaked document obtained by this publication proves that government admits to spraying chemtrails to control population. Officials deny any knowledge of the situation but sources say otherwise. This is the story they don't want you to see. Thousands of accounts spreading this news are being shadow-banned. Do your own research. The truth is out there but you have to look beyond the mainstream narrative. Forward this to everyone you know before censorship takes this down.,politics,2019-08-03
Obama planned to declare martial law before 2016 election,Whistleblowers inside the agency have come forward to confirm that obama planned to declare martial law before 2016 election. The deep state operatives responsible for this crime are being protected at the highest levels of government. Patriotic citizens are urged to stand up and demand answers from their elected representatives. This is not a conspiracy theory — this is documented fact that they are hiding from the public. The truth will come out and when it does the globalists will have nowhere to run.,Government News,2017-02-04
FBI whistleblower reveals JFK assassination was inside job,An anonymous source with direct knowledge of the situation has confirmed that fbi whistleblower reveals jfk assassination was inside job. The mainstream media cartel refuses to cover this bombshell story because they are complicit. Fact-checkers have already labeled this story as false — which is exactly what they do to hide truth. Real patriots already know the truth. The elite are running scared as this information goes viral. SHARE THIS NOW before Big Tech buries it! This is the information they are terrified of you knowing.,politicsNews,2022-12-26
Hidden camera shows politicians admitting climate change is a hoax,URGENT: Multiple credible insiders have independently verified that hidden camera shows politicians admitting climate change is a hoax. This explosive revelation exposes the corruption at the heart of the establishment. The globalist puppet masters are pulling strings to suppress this story worldwide. Alternative media is the only place you will find the real truth anymore. Our founding fathers warned us about exactly this kind of tyranny. The time to wake up is NOW.,left-news,2022-01-25
Doctors confirm COVID-19 vaccine turns people magnetic,Whistleblowers inside the agency have come forward to confirm that doctors confirm covid-19 vaccine turns people magnetic. The deep state operatives responsible for this crime are being protected at the highest levels of government. Patriotic citizens are urged to stand up and demand answers from their elected representatives. This is not a conspiracy theory — this is documented fact that they are hiding from the public. The truth will come out and when it does the globalists will have nowhere to run.,Government News,2018-03-28
Deep state plotting to assassinate president claims insider,BREAKING — A leaked document obtained by this publication proves that deep state plotting to assassinate president claims insider. Officials deny any knowledge of the situation but sources say otherwise. This is the story they don't want you to see. Thousands of accounts spreading this news are being shadow-banned. Do your own research. The truth is out there but you have to look beyond the mainstream narrative. Forward this to everyone you know before censorship takes this down.,left-news,2020-05-24
Elite bankers using cryptocurrency to crash global economy on purpose,An anonymous source with direct knowledge of the situation has confirmed that elite bankers using cryptocurrency to crash global economy on purpose. The mainstream media cartel refuses to cover this bombshell story because they are complicit. Fact-checkers have already labeled this story as false — which is exactly what they do to hide truth. Real patriots already know the truth. The elite are running scared as this information goes viral. SHARE THIS NOW before Big Tech buries it! This is the information they are terrified of you knowing.,Government News,2018-02-05
Secret tunnels under White House used for trafficking ring,"According to unnamed sources close to the situation, what mainstream media won't tell you is that secret tunnels under white house used for trafficking ring. Our trusted insider, who cannot be named for their safety, confirmed this shocking revelation. The government has been working overtime to suppress this information. Share before it gets deleted! Independent researchers have long suspected this but were silenced by the establishment. The evidence is overwhelming yet the lamestream media refuses to report it. Wake up sheeple!",News,2016-08-16
Liberal elite planning to steal your guns using fake school shootings,URGENT: Multiple credible insiders have independently verified that liberal elite planning to steal your guns using fake school shootings. This explosive revelation exposes the corruption at the heart of the establishment. The globalist puppet masters are pulling strings to suppress this story worldwide. Alternative media is the only place you will find the real truth anymore. Our founding fathers warned us about exactly this kind of tyranny. The time to wake up is NOW.,politics,2023-04-07
George Soros caught funding mass migration to destroy Western culture,An anonymous source with direct knowledge of the situation has confirmed that george soros caught funding mass migration to destroy western culture. The mainstream media cartel refuses to cover this bombshell story because they are complicit. Fact-checkers have already labeled this story as false — which is exactly what they do to hide truth. Real patriots already know the truth. The elite are running scared as this information goes viral. SHARE THIS NOW before Big Tech buries it! This is the information they are terrified of you knowing.,left-news,2023-02-20
Mainstream media blackout on earthquake weapon test over California,"According to unnamed sources close to the situation, what mainstream media won't tell you is that mainstream media blackout on earthquake weapon test over california. Our trusted insider, who cannot be named for their safety, confirmed this shocking revelation. The government has been working overtime to suppress this information. Share before it gets deleted! Independent researchers have long suspected this but were silenced by the establishment. The evidence is overwhelming yet the lamestream media refuses to report it. Wake up sheeple!",politics,2020-10-21
World leaders filmed at satanic ritual at Bohemian Grove,BREAKING — A leaked document obtained by this publication proves that world leaders filmed at satanic ritual at bohemian grove. Officials deny any knowledge of the situation but sources say otherwise. This is the story they don't want you to see. Thousands of accounts spreading this news are being shadow-banned. Do your own research. The truth is out there but you have to look beyond the mainstream narrative. Forward this to everyone you know before censorship takes this down.,worldnews,2018-01-21
"Russia hacks US election server in real time, whistleblower says","According to unnamed sources close to the situation, what mainstream media won't tell you is that russia hacks us election server in real time, whistleblower says. Our trusted insider, who cannot be named for their safety, confirmed this shocking revelation. The government has been working overtime to suppress this information. Share before it gets deleted! Independent researchers have long suspected this but were silenced by the establishment. The evidence is overwhelming yet the lamestream media refuses to report it. Wake up sheeple!",politicsNews,2020-06-03
NASA fakes moon landing — leaked documents prove hoax,"According to unnamed sources close to the situation, what mainstream media won't tell you is that nasa fakes moon landing — leaked documents prove hoax. Our trusted insider, who cannot be named for their safety, confirmed this shocking revelation. The government has been working overtime to suppress this information. Share before it gets deleted! Independent researchers have long suspected this but were silenced by the establishment. The evidence is overwhelming yet the lamestream media refuses to report it. Wake up sheeple!",worldnews,2018-11-10
Covid-19 created in lab to usher in Great Reset admits Nobel scientist,URGENT: Multiple credible insiders have independently verified that covid-19 created in lab to usher in great reset admits nobel scientist. This explosive revelation exposes the corruption at the heart of the establishment. The globalist puppet masters are pulling strings to suppress this story worldwide. Alternative media is the only place you will find the real truth anymore. Our founding fathers warned us about exactly this kind of tyranny. The time to wake up is NOW.,politics,2018-08-24
George Soros caught funding mass migration to destroy Western culture,Whistleblowers inside the agency have come forward to confirm that george soros caught funding mass migration to destroy western culture. The deep state operatives responsible for this crime are being protected at the highest levels of government. Patriotic citizens are urged to stand up and demand answers from their elected representatives. This is not a conspiracy theory — this is documented fact that they are hiding from the public. The truth will come out and when it does the globalists will have nowhere to run.,politicsNews,2020-06-12
Hollywood elites caught performing satanic rituals in leaked video,"According to unnamed sources close to the situation, what mainstream media won't tell you is that hollywood elites caught performing satanic rituals in leaked video. Our trusted insider, who cannot be named for their safety, confirmed this shocking revelation. The government has been working overtime to suppress this information. Share before it gets deleted! Independent researchers have long suspected this but were silenced by the establishment. The evidence is overwhelming yet the lamestream media refuses to report it. Wake up sheeple!",politics,2017-05-16
George Soros funding antifa to start civil war,"According to unnamed sources close to the situation, what mainstream media won't tell you is that george soros funding antifa to start civil war. Our trusted insider, who cannot be named for their safety, confirmed this shocking revelation. The government has been working overtime to suppress this information. Share before it gets deleted! Independent researchers have long suspected this but were silenced by the establishment. The evidence is overwhelming yet the lamestream media refuses to report it. Wake up sheeple!",News,2022-09-07
Bill Clinton admits moon landing staged to win space race,BREAKING — A leaked document obtained by this publication proves that bill clinton admits moon landing staged to win space race. Officials deny any knowledge of the situation but sources say otherwise. This is the story they don't want you to see. Thousands of accounts spreading this news are being shadow-banned. Do your own research. The truth is out there but you have to look beyond the mainstream narrative. Forward this to everyone you know before censorship takes this down.,politicsNews,2017-10-24
Elites using Hollywood movies to program the public for agenda,URGENT: Multiple credible insiders have independently verified that elites using hollywood movies to program the public for agenda. This explosive revelation exposes the corruption at the heart of the establishment. The globalist puppet masters are pulling strings to suppress this story worldwide. Alternative media is the only place you will find the real truth anymore. Our founding fathers warned us about exactly this kind of tyranny. The time to wake up is NOW.,left-news,2020-07-20
EXCLUSIVE: White House chef reveals president has dementia,Whistleblowers inside the agency have come forward to confirm that exclusive: white house chef reveals president has dementia. The deep state operatives responsible for this crime are being protected at the highest levels of government. Patriotic citizens are urged to stand up and demand answers from their elected representatives. This is not a conspiracy theory — this is documented fact that they are hiding from the public. The truth will come out and when it does the globalists will have nowhere to run.,politics,2021-03-20
Secret documents show GMO foods cause cancer in 10 years,An anonymous source with direct knowledge of the situation has confirmed that secret documents show gmo foods cause cancer in 10 years. The mainstream media cartel refuses to cover this bombshell story because they are complicit. Fact-checkers have already labeled this story as false — which is exactly what they do to hide truth. Real patriots already know the truth. The elite are running scared as this information goes viral. SHARE THIS NOW before Big Tech buries it! This is the information they are terrified of you knowing.,Government News,2023-08-26
Pentagon UFO footage shows alien crafts over Washington DC,URGENT: Multiple credible insiders have independently verified that pentagon ufo footage shows alien crafts over washington dc. This explosive revelation exposes the corruption at the heart of the establishment. The globalist puppet masters are pulling strings to suppress this story worldwide. Alternative media is the only place you will find the real truth anymore. Our founding fathers warned us about exactly this kind of tyranny. The time to wake up is NOW.,Government News,2020-04-01
Fluoride in water supply is mind-control chemical says whistleblower,"According to unnamed sources close to the situation, what mainstream media won't tell you is that fluoride in water supply is mind-control chemical says whistleblower. Our trusted insider, who cannot be named for their safety, confirmed this shocking revelation. The government has been working overtime to suppress this information. Share before it gets deleted! Independent researchers have long suspected this but were silenced by the establishment. The evidence is overwhelming yet the lamestream media refuses to report it. Wake up sheeple!",Government News,2017-12-28
Earthquake machine HAARP caused Turkey disaster on purpose,URGENT: Multiple credible insiders have independently verified that earthquake machine haarp caused turkey disaster on purpose. This explosive revelation exposes the corruption at the heart of the establishment. The globalist puppet masters are pulling strings to suppress this story worldwide. Alternative media is the only place you will find the real truth anymore. Our founding fathers warned us about exactly this kind of tyranny. The time to wake up is NOW.,left-news,2016-06-12
World leaders filmed at satanic ritual at Bohemian Grove,BREAKING — A leaked document obtained by this publication proves that world leaders filmed at satanic ritual at bohemian grove. Officials deny any knowledge of the situation but sources say otherwise. This is the story they don't want you to see. Thousands of accounts spreading this news are being shadow-banned. Do your own research. The truth is out there but you have to look beyond the mainstream narrative. Forward this to everyone you know before censorship takes this down.,Government News,2019-12-10
Obama planned to declare martial law before 2016 election,"According to unnamed sources close to the situation, what mainstream media won't tell you is that obama planned to declare martial law before 2016 election. Our trusted insider, who cannot be named for their safety, confirmed this shocking revelation. The government has been working overtime to suppress this information. Share before it gets deleted! Independent researchers have long suspected this but were silenced by the establishment. The evidence is overwhelming yet the lamestream media refuses to report it. Wake up sheeple!",News,2021-01-04
New 5G antenna towers secretly contain surveillance cameras,Whistleblowers inside the agency have come forward to confirm that new 5g antenna towers secretly contain surveillance cameras. The deep state operatives responsible for this crime are being protected at the highest levels of government. Patriotic citizens are urged to stand up and demand answers from their elected representatives. This is not a conspiracy theory — this is documented fact that they are hiding from the public. The truth will come out and when it does the globalists will have nowhere to run.,left-news,2016-03-07
Breaking: Major city water supply contaminated with mind-altering drug,Whistleblowers inside the agency have come forward to confirm that breaking: major city water supply contaminated with mind-altering drug. The deep state operatives responsible for this crime are being protected at the highest levels of government. Patriotic citizens are urged to stand up and demand answers from their elected representatives. This is not a conspiracy theory — this is documented fact that they are hiding from the public. The truth will come out and when it does the globalists will have nowhere to run.,left-news,2016-11-05
Doctors say sunscreen is poison pushed by Big Pharma,BREAKING — A leaked document obtained by this publication proves that doctors say sunscreen is poison pushed by big pharma. Officials deny any knowledge of the situation but sources say otherwise. This is the story they don't want you to see. Thousands of accounts spreading this news are being shadow-banned. Do your own research. The truth is out there but you have to look beyond the mainstream narrative. Forward this to everyone you know before censorship takes this down.,politics,2021-08-26
Walmart tunnels are FEMA concentration camps for American citizens,"According to unnamed sources close to the situation, what mainstream media won't tell you is that walmart tunnels are fema concentration camps for american citizens. Our trusted insider, who cannot be named for their safety, confirmed this shocking revelation. The government has been working overtime to suppress this information. Share before it gets deleted! Independent researchers have long suspected this but were silenced by the establishment. The evidence is overwhelming yet the lamestream media refuses to report it. Wake up sheeple!",News,2021-09-18
Government admits to spraying chemtrails to control population,BREAKING — A leaked document obtained by this publication proves that government admits to spraying chemtrails to control population. Officials deny any knowledge of the situation but sources say otherwise. This is the story they don't want you to see. Thousands of accounts spreading this news are being shadow-banned. Do your own research. The truth is out there but you have to look beyond the mainstream narrative. Forward this to everyone you know before censorship takes this down.,Government News,2021-06-03
Deep state plotting to assassinate president claims insider,Whistleblowers inside the agency have come forward to confirm that deep state plotting to assassinate president claims insider. The deep state operatives responsible for this crime are being protected at the highest levels of government. Patriotic citizens are urged to stand up and demand answers from their elected representatives. This is not a conspiracy theory — this is documented fact that they are hiding from the public. The truth will come out and when it does the globalists will have nowhere to run.,News,2022-11-18
Doctors confirm COVID-19 vaccine turns people magnetic,URGENT: Multiple credible insiders have independently verified that doctors confirm covid-19 vaccine turns people magnetic. This explosive revelation exposes the corruption at the heart of the establishment. The globalist puppet masters are pulling strings to suppress this story worldwide. Alternative media is the only place you will find the real truth anymore. Our founding fathers warned us about exactly this kind of tyranny. The time to wake up is NOW.,left-news,2018-10-04
Scientists confirm microplastics in vaccines used for population control,Whistleblowers inside the agency have come forward to confirm that scientists confirm microplastics in vaccines used for population control. The deep state operatives responsible for this crime are being protected at the highest levels of government. Patriotic citizens are urged to stand up and demand answers from their elected representatives. This is not a conspiracy theory — this is documented fact that they are hiding from the public. The truth will come out and when it does the globalists will have nowhere to run.,Government News,2016-05-14
Aliens have landed in Arizona and government is hiding the truth,An anonymous source with direct knowledge of the situation has confirmed that aliens have landed in arizona and government is hiding the truth. The mainstream media cartel refuses to cover this bombshell story because they are complicit. Fact-checkers have already labeled this story as false — which is exactly what they do to hide truth. Real patriots already know the truth. The elite are running scared as this information goes viral. SHARE THIS NOW before Big Tech buries it! This is the information they are terrified of you knowing.,News,2023-05-07
Chemotherapy cures nothing — industry invented it to steal your money,Whistleblowers inside the agency have come forward to confirm that chemotherapy cures nothing — industry invented it to steal your money. The deep state operatives responsible for this crime are being protected at the highest levels of government. Patriotic citizens are urged to stand up and demand answers from their elected representatives. This is not a conspiracy theory — this is documented fact that they are hiding from the public. The truth will come out and when it does the globalists will have nowhere to run.,politicsNews,2021-01-25
Secret tunnels under White House used for trafficking ring,"According to unnamed sources close to the situation, what mainstream media won't tell you is that secret tunnels under white house used for trafficking ring. Our trusted insider, who cannot be named for their safety, confirmed this shocking revelation. The government has been working overtime to suppress this information. Share before it gets deleted! Independent researchers have long suspected this but were silenced by the establishment. The evidence is overwhelming yet the lamestream media refuses to report it. Wake up sheeple!",politics,2016-08-17
Deep state plotting to assassinate president claims insider,BREAKING — A leaked document obtained by this publication proves that deep state plotting to assassinate president claims insider. Officials deny any knowledge of the situation but sources say otherwise. This is the story they don't want you to see. Thousands of accounts spreading this news are being shadow-banned. Do your own research. The truth is out there but you have to look beyond the mainstream narrative. Forward this to everyone you know before censorship takes this down.,left-news,2020-06-05
Elite bankers using cryptocurrency to crash global economy on purpose,"According to unnamed sources close to the situation, what mainstream media won't tell you is that elite bankers using cryptocurrency to crash global economy on purpose. Our trusted insider, who cannot be named for their safety, confirmed this shocking revelation. The government has been working overtime to suppress this information. Share before it gets deleted! Independent researchers have long suspected this but were silenced by the establishment. The evidence is overwhelming yet the lamestream media refuses to report it. Wake up sheeple!",Government News,2018-04-24
Bill Gates plans to microchip every human through COVID vaccine,An anonymous source with direct knowledge of the situation has confirmed that bill gates plans to microchip every human through covid vaccine. The mainstream media cartel refuses to cover this bombshell story because they are complicit. Fact-checkers have already labeled this story as false — which is exactly what they do to hide truth. Real patriots already know the truth. The elite are running scared as this information goes viral. SHARE THIS NOW before Big Tech buries it! This is the information they are terrified of you knowing.,Government News,2017-01-10
Bill Gates plans to microchip every human through COVID vaccine,URGENT: Multiple credible insiders have independently verified that bill gates plans to microchip every human through covid vaccine. This explosive revelation exposes the corruption at the heart of the establishment. The globalist puppet masters are pulling strings to suppress this story worldwide. Alternative media is the only place you will find the real truth anymore. Our founding fathers warned us about exactly this kind of tyranny. The time to wake up is NOW.,News,2023-01-04
Chemotherapy cures nothing — industry invented it to steal your money,Whistleblowers inside the agency have come forward to confirm that chemotherapy cures nothing — industry invented it to steal your money. The deep state operatives responsible for this crime are being protected at the highest levels of government. Patriotic citizens are urged to stand up and demand answers from their elected representatives. This is not a conspiracy theory — this is documented fact that they are hiding from the public. The truth will come out and when it does the globalists will have nowhere to run.,politics,2020-11-07
EXCLUSIVE: White House chef reveals president has dementia,BREAKING — A leaked document obtained by this publication proves that exclusive: white house chef reveals president has dementia. Officials deny any knowledge of the situation but sources say otherwise. This is the story they don't want you to see. Thousands of accounts spreading this news are being shadow-banned. Do your own research. The truth is out there but you have to look beyond the mainstream narrative. Forward this to everyone you know before censorship takes this down.,News,2020-09-11
Elite bankers using cryptocurrency to crash global economy on purpose,An anonymous source with direct knowledge of the situation has confirmed that elite bankers using cryptocurrency to crash global economy on purpose. The mainstream media cartel refuses to cover this bombshell story because they are complicit. Fact-checkers have already labeled this story as false — which is exactly what they do to hide truth. Real patriots already know the truth. The elite are running scared as this information goes viral. SHARE THIS NOW before Big Tech buries it! This is the information they are terrified of you knowing.,News,2018-03-09
Fluoride in water supply is mind-control chemical says whistleblower,"According to unnamed sources close to the situation, what mainstream media won't tell you is that fluoride in water supply is mind-control chemical says whistleblower. Our trusted insider, who cannot be named for their safety, confirmed this shocking revelation. The government has been working overtime to suppress this information. Share before it gets deleted! Independent researchers have long suspected this but were silenced by the establishment. The evidence is overwhelming yet the lamestream media refuses to report it. Wake up sheeple!",politics,2017-04-18
"Russia hacks US election server in real time, whistleblower says","URGENT: Multiple credible insiders have independently verified that russia hacks us election server in real time, whistleblower says. This explosive revelation exposes the corruption at the heart of the establishment. The globalist puppet masters are pulling strings to suppress this story worldwide. Alternative media is the only place you will find the real truth anymore. Our founding fathers warned us about exactly this kind of tyranny. The time to wake up is NOW.",News,2018-12-26
Q-Anon confirms deep state arrests imminent within 48 hours,URGENT: Multiple credible insiders have independently verified that q-anon confirms deep state arrests imminent within 48 hours. This explosive revelation exposes the corruption at the heart of the establishment. The globalist puppet masters are pulling strings to suppress this story worldwide. Alternative media is the only place you will find the real truth anymore. Our founding fathers warned us about exactly this kind of tyranny. The time to wake up is NOW.,worldnews,2017-05-20
Breaking: Major city water supply contaminated with mind-altering drug,URGENT: Multiple credible insiders have independently verified that breaking: major city water supply contaminated with mind-altering drug. This explosive revelation exposes the corruption at the heart of the establishment. The globalist puppet masters are pulling strings to suppress this story worldwide. Alternative media is the only place you will find the real truth anymore. Our founding fathers warned us about exactly this kind of tyranny. The time to wake up is NOW.,politicsNews,2018-01-16
New 5G antenna towers secretly contain surveillance cameras,"According to unnamed sources close to the situation, what mainstream media won't tell you is that new 5g antenna towers secretly contain surveillance cameras. Our trusted insider, who cannot be named for their safety, confirmed this shocking revelation. The government has been working overtime to suppress this information. Share before it gets deleted! Independent researchers have long suspected this but were silenced by the establishment. The evidence is overwhelming yet the lamestream media refuses to report it. Wake up sheeple!",left-news,2016-02-14
"UN planning to ban meat, force citizens to eat insects by 2030","BREAKING — A leaked document obtained by this publication proves that un planning to ban meat, force citizens to eat insects by 2030. Officials deny any knowledge of the situation but sources say otherwise. This is the story they don't want you to see. Thousands of accounts spreading this news are being shadow-banned. Do your own research. The truth is out there but you have to look beyond the mainstream narrative. Forward this to everyone you know before censorship takes this down.",politics,2023-10-12
Epstein alive in witness protection says anonymous FBI source,Whistleblowers inside the agency have come forward to confirm that epstein alive in witness protection says anonymous fbi source. The deep state operatives responsible for this crime are being protected at the highest levels of government. Patriotic citizens are urged to stand up and demand answers from their elected representatives. This is not a conspiracy theory — this is documented fact that they are hiding from the public. The truth will come out and when it does the globalists will have nowhere to run.,Government News,2017-08-19
George Soros funding antifa to start civil war,"According to unnamed sources close to the situation, what mainstream media won't tell you is that george soros funding antifa to start civil war. Our trusted insider, who cannot be named for their safety, confirmed this shocking revelation. The government has been working overtime to suppress this information. Share before it gets deleted! Independent researchers have long suspected this but were silenced by the establishment. The evidence is overwhelming yet the lamestream media refuses to report it. Wake up sheeple!",politicsNews,2023-05-22
Deep state agents infiltrated school boards across America,An anonymous source with direct knowledge of the situation has confirmed that deep state agents infiltrated school boards across america. The mainstream media cartel refuses to cover this bombshell story because they are complicit. Fact-checkers have already labeled this story as false — which is exactly what they do to hide truth. Real patriots already know the truth. The elite are running scared as this information goes viral. SHARE THIS NOW before Big Tech buries it! This is the information they are terrified of you knowing.,worldnews,2019-03-28
Covid-19 created in lab to usher in Great Reset admits Nobel scientist,Whistleblowers inside the agency have come forward to confirm that covid-19 created in lab to usher in great reset admits nobel scientist. The deep state operatives responsible for this crime are being protected at the highest levels of government. Patriotic citizens are urged to stand up and demand answers from their elected representatives. This is not a conspiracy theory — this is documented fact that they are hiding from the public. The truth will come out and when it does the globalists will have nowhere to run.,left-news,2018-12-22
Breaking: Major city water supply contaminated with mind-altering drug,Whistleblowers inside the agency have come forward to confirm that breaking: major city water supply contaminated with mind-altering drug. The deep state operatives responsible for this crime are being protected at the highest levels of government. Patriotic citizens are urged to stand up and demand answers from their elected representatives. This is not a conspiracy theory — this is documented fact that they are hiding from the public. The truth will come out and when it does the globalists will have nowhere to run.,left-news,2016-02-16
Fluoride in water supply is mind-control chemical says whistleblower,Whistleblowers inside the agency have come forward to confirm that fluoride in water supply is mind-control chemical says whistleblower. The deep state operatives responsible for this crime are being protected at the highest levels of government. Patriotic citizens are urged to stand up and demand answers from their elected representatives. This is not a conspiracy theory — this is documented fact that they are hiding from the public. The truth will come out and when it does the globalists will have nowhere to run.,left-news,2018-05-25
"Russia hacks US election server in real time, whistleblower says","URGENT: Multiple credible insiders have independently verified that russia hacks us election server in real time, whistleblower says. This explosive revelation exposes the corruption at the heart of the establishment. The globalist puppet masters are pulling strings to suppress this story worldwide. Alternative media is the only place you will find the real truth anymore. Our founding fathers warned us about exactly this kind of tyranny. The time to wake up is NOW.",worldnews,2017-07-27
FBI whistleblower reveals JFK assassination was inside job,"According to unnamed sources close to the situation, what mainstream media won't tell you is that fbi whistleblower reveals jfk assassination was inside job. Our trusted insider, who cannot be named for their safety, confirmed this shocking revelation. The government has been working overtime to suppress this information. Share before it gets deleted! Independent researchers have long suspected this but were silenced by the establishment. The evidence is overwhelming yet the lamestream media refuses to report it. Wake up sheeple!",politics,2017-05-18
"Economy about to collapse, insiders moving gold to bunkers","An anonymous source with direct knowledge of the situation has confirmed that economy about to collapse, insiders moving gold to bunkers. The mainstream media cartel refuses to cover this bombshell story because they are complicit. Fact-checkers have already labeled this story as false — which is exactly what they do to hide truth. Real patriots already know the truth. The elite are running scared as this information goes viral. SHARE THIS NOW before Big Tech buries it! This is the information they are terrified of you knowing.",left-news,2019-10-08
World leaders filmed at satanic ritual at Bohemian Grove,BREAKING — A leaked document obtained by this publication proves that world leaders filmed at satanic ritual at bohemian grove. Officials deny any knowledge of the situation but sources say otherwise. This is the story they don't want you to see. Thousands of accounts spreading this news are being shadow-banned. Do your own research. The truth is out there but you have to look beyond the mainstream narrative. Forward this to everyone you know before censorship takes this down.,left-news,2017-06-07
Bill Clinton admits moon landing staged to win space race,URGENT: Multiple credible insiders have independently verified that bill clinton admits moon landing staged to win space race. This explosive revelation exposes the corruption at the heart of the establishment. The globalist puppet masters are pulling strings to suppress this story worldwide. Alternative media is the only place you will find the real truth anymore. Our founding fathers warned us about exactly this kind of tyranny. The time to wake up is NOW.,left-news,2021-09-23
CIA admits using mainstream media to spread propaganda for decades,BREAKING — A leaked document obtained by this publication proves that cia admits using mainstream media to spread propaganda for decades. Officials deny any knowledge of the situation but sources say otherwise. This is the story they don't want you to see. Thousands of accounts spreading this news are being shadow-banned. Do your own research. The truth is out there but you have to look beyond the mainstream narrative. Forward this to everyone you know before censorship takes this down.,Government News,2023-02-19
Mainstream media blackout on earthquake weapon test over California,An anonymous source with direct knowledge of the situation has confirmed that mainstream media blackout on earthquake weapon test over california. The mainstream media cartel refuses to cover this bombshell story because they are complicit. Fact-checkers have already labeled this story as false — which is exactly what they do to hide truth. Real patriots already know the truth. The elite are running scared as this information goes viral. SHARE THIS NOW before Big Tech buries it! This is the information they are terrified of you knowing.,politics,2017-08-06
Epstein alive in witness protection says anonymous FBI source,An anonymous source with direct knowledge of the situation has confirmed that epstein alive in witness protection says anonymous fbi source. The mainstream media cartel refuses to cover this bombshell story because they are complicit. Fact-checkers have already labeled this story as false — which is exactly what they do to hide truth. Real patriots already know the truth. The elite are running scared as this information goes viral. SHARE THIS NOW before Big Tech buries it! This is the information they are terrified of you knowing.,politics,2017-11-27
Mainstream media blackout on earthquake weapon test over California,An anonymous source with direct knowledge of the situation has confirmed that mainstream media blackout on earthquake weapon test over california. The mainstream media cartel refuses to cover this bombshell story because they are complicit. Fact-checkers have already labeled this story as false — which is exactly what they do to hide truth. Real patriots already know the truth. The elite are running scared as this information goes viral. SHARE THIS NOW before Big Tech buries it! This is the information they are terrified of you knowing.,left-news,2016-02-07
George Soros funding antifa to start civil war,URGENT: Multiple credible insiders have independently verified that george soros funding antifa to start civil war. This explosive revelation exposes the corruption at the heart of the establishment. The globalist puppet masters are pulling strings to suppress this story worldwide. Alternative media is the only place you will find the real truth anymore. Our founding fathers warned us about exactly this kind of tyranny. The time to wake up is NOW.,worldnews,2018-08-18
Q-Anon confirms deep state arrests imminent within 48 hours,An anonymous source with direct knowledge of the situation has confirmed that q-anon confirms deep state arrests imminent within 48 hours. The mainstream media cartel refuses to cover this bombshell story because they are complicit. Fact-checkers have already labeled this story as false — which is exactly what they do to hide truth. Real patriots already know the truth. The elite are running scared as this information goes viral. SHARE THIS NOW before Big Tech buries it! This is the information they are terrified of you knowing.,politics,2023-04-07
New 5G antenna towers secretly contain surveillance cameras,Whistleblowers inside the agency have come forward to confirm that new 5g antenna towers secretly contain surveillance cameras. The deep state operatives responsible for this crime are being protected at the highest levels of government. Patriotic citizens are urged to stand up and demand answers from their elected representatives. This is not a conspiracy theory — this is documented fact that they are hiding from the public. The truth will come out and when it does the globalists will have nowhere to run.,politics,2020-07-23
"Russia hacks US election server in real time, whistleblower says","According to unnamed sources close to the situation, what mainstream media won't tell you is that russia hacks us election server in real time, whistleblower says. Our trusted insider, who cannot be named for their safety, confirmed this shocking revelation. The government has been working overtime to suppress this information. Share before it gets deleted! Independent researchers have long suspected this but were silenced by the establishment. The evidence is overwhelming yet the lamestream media refuses to report it. Wake up sheeple!",politicsNews,2022-03-28
Q-Anon confirms deep state arrests imminent within 48 hours,"According to unnamed sources close to the situation, what mainstream media won't tell you is that q-anon confirms deep state arrests imminent within 48 hours. Our trusted insider, who cannot be named for their safety, confirmed this shocking revelation. The government has been working overtime to suppress this information. Share before it gets deleted! Independent researchers have long suspected this but were silenced by the establishment. The evidence is overwhelming yet the lamestream media refuses to report it. Wake up sheeple!",politics,2016-01-23
World leaders filmed at satanic ritual at Bohemian Grove,Whistleblowers inside the agency have come forward to confirm that world leaders filmed at satanic ritual at bohemian grove. The deep state operatives responsible for this crime are being protected at the highest levels of government. Patriotic citizens are urged to stand up and demand answers from their elected representatives. This is not a conspiracy theory — this is documented fact that they are hiding from the public. The truth will come out and when it does the globalists will have nowhere to run.,News,2016-04-14
Bill Clinton admits moon landing staged to win space race,URGENT: Multiple credible insiders have independently verified that bill clinton admits moon landing staged to win space race. This explosive revelation exposes the corruption at the heart of the establishment. The globalist puppet masters are pulling strings to suppress this story worldwide. Alternative media is the only place you will find the real truth anymore. Our founding fathers warned us about exactly this kind of tyranny. The time to wake up is NOW.,Government News,2021-12-13
"UN planning to ban meat, force citizens to eat insects by 2030","An anonymous source with direct knowledge of the situation has confirmed that un planning to ban meat, force citizens to eat insects by 2030. The mainstream media cartel refuses to cover this bombshell story because they are complicit. Fact-checkers have already labeled this story as false — which is exactly what they do to hide truth. Real patriots already know the truth. The elite are running scared as this information goes viral. SHARE THIS NOW before Big Tech buries it! This is the information they are terrified of you knowing.",politics,2019-11-06
Doctors say sunscreen is poison pushed by Big Pharma,BREAKING — A leaked document obtained by this publication proves that doctors say sunscreen is poison pushed by big pharma. Officials deny any knowledge of the situation but sources say otherwise. This is the story they don't want you to see. Thousands of accounts spreading this news are being shadow-banned. Do your own research. The truth is out there but you have to look beyond the mainstream narrative. Forward this to everyone you know before censorship takes this down.,politics,2022-06-27
Walmart tunnels are FEMA concentration camps for American citizens,BREAKING — A leaked document obtained by this publication proves that walmart tunnels are fema concentration camps for american citizens. Officials deny any knowledge of the situation but sources say otherwise. This is the story they don't want you to see. Thousands of accounts spreading this news are being shadow-banned. Do your own research. The truth is out there but you have to look beyond the mainstream narrative. Forward this to everyone you know before censorship takes this down.,Government News,2018-03-01
Pope Francis secretly endorses presidential candidate,"According to unnamed sources close to the situation, what mainstream media won't tell you is that pope francis secretly endorses presidential candidate. Our trusted insider, who cannot be named for their safety, confirmed this shocking revelation. The government has been working overtime to suppress this information. Share before it gets deleted! Independent researchers have long suspected this but were silenced by the establishment. The evidence is overwhelming yet the lamestream media refuses to report it. Wake up sheeple!",Government News,2023-11-14
George Soros funding antifa to start civil war,"According to unnamed sources close to the situation, what mainstream media won't tell you is that george soros funding antifa to start civil war. Our trusted insider, who cannot be named for their safety, confirmed this shocking revelation. The government has been working overtime to suppress this information. Share before it gets deleted! Independent researchers have long suspected this but were silenced by the establishment. The evidence is overwhelming yet the lamestream media refuses to report it. Wake up sheeple!",Government News,2022-08-26
Bill Clinton admits moon landing staged to win space race,URGENT: Multiple credible insiders have independently verified that bill clinton admits moon landing staged to win space race. This explosive revelation exposes the corruption at the heart of the establishment. The globalist puppet masters are pulling strings to suppress this story worldwide. Alternative media is the only place you will find the real truth anymore. Our founding fathers warned us about exactly this kind of tyranny. The time to wake up is NOW.,politics,2018-08-17
FDA approved poison in cereal brands given to children,URGENT: Multiple credible insiders have independently verified that fda approved poison in cereal brands given to children. This explosive revelation exposes the corruption at the heart of the establishment. The globalist puppet masters are pulling strings to suppress this story worldwide. Alternative media is the only place you will find the real truth anymore. Our founding fathers warned us about exactly this kind of tyranny. The time to wake up is NOW.,left-news,2021-04-06
FDA approved poison in cereal brands given to children,URGENT: Multiple credible insiders have independently verified that fda approved poison in cereal brands given to children. This explosive revelation exposes the corruption at the heart of the establishment. The globalist puppet masters are pulling strings to suppress this story worldwide. Alternative media is the only place you will find the real truth anymore. Our founding fathers warned us about exactly this kind of tyranny. The time to wake up is NOW.,politics,2023-12-08
FBI whistleblower reveals JFK assassination was inside job,URGENT: Multiple credible insiders have independently verified that fbi whistleblower reveals jfk assassination was inside job. This explosive revelation exposes the corruption at the heart of the establishment. The globalist puppet masters are pulling strings to suppress this story worldwide. Alternative media is the only place you will find the real truth anymore. Our founding fathers warned us about exactly this kind of tyranny. The time to wake up is NOW.,left-news,2021-01-02
Secret documents show GMO foods cause cancer in 10 years,An anonymous source with direct knowledge of the situation has confirmed that secret documents show gmo foods cause cancer in 10 years. The mainstream media cartel refuses to cover this bombshell story because they are complicit. Fact-checkers have already labeled this story as false — which is exactly what they do to hide truth. Real patriots already know the truth. The elite are running scared as this information goes viral. SHARE THIS NOW before Big Tech buries it! This is the information they are terrified of you knowing.,politicsNews,2023-12-03
Deep state plotting to assassinate president claims insider,URGENT: Multiple credible insiders have independently verified that deep state plotting to assassinate president claims insider. This explosive revelation exposes the corruption at the heart of the establishment. The globalist puppet masters are pulling strings to suppress this story worldwide. Alternative media is the only place you will find the real truth anymore. Our founding fathers warned us about exactly this kind of tyranny. The time to wake up is NOW.,left-news,2017-09-20
Aliens have landed in Arizona and government is hiding the truth,BREAKING — A leaked document obtained by this publication proves that aliens have landed in arizona and government is hiding the truth. Officials deny any knowledge of the situation but sources say otherwise. This is the story they don't want you to see. Thousands of accounts spreading this news are being shadow-banned. Do your own research. The truth is out there but you have to look beyond the mainstream narrative. Forward this to everyone you know before censorship takes this down.,Government News,2017-11-21
Elon Musk's Neuralink is secretly harvesting human thoughts,URGENT: Multiple credible insiders have independently verified that elon musk's neuralink is secretly harvesting human thoughts. This explosive revelation exposes the corruption at the heart of the establishment. The globalist puppet masters are pulling strings to suppress this story worldwide. Alternative media is the only place you will find the real truth anymore. Our founding fathers warned us about exactly this kind of tyranny. The time to wake up is NOW.,politics,2016-06-18
Elite bankers using cryptocurrency to crash global economy on purpose,"According to unnamed sources close to the situation, what mainstream media won't tell you is that elite bankers using cryptocurrency to crash global economy on purpose. Our trusted insider, who cannot be named for their safety, confirmed this shocking revelation. The government has been working overtime to suppress this information. Share before it gets deleted! Independent researchers have long suspected this but were silenced by the establishment. The evidence is overwhelming yet the lamestream media refuses to report it. Wake up sheeple!",left-news,2023-10-24
Breaking: Major city water supply contaminated with mind-altering drug,An anonymous source with direct knowledge of the situation has confirmed that breaking: major city water supply contaminated with mind-altering drug. The mainstream media cartel refuses to cover this bombshell story because they are complicit. Fact-checkers have already labeled this story as false — which is exactly what they do to hide truth. Real patriots already know the truth. The elite are running scared as this information goes viral. SHARE THIS NOW before Big Tech buries it! This is the information they are terrified of you knowing.,News,2020-03-02
Bill Clinton admits moon landing staged to win space race,URGENT: Multiple credible insiders have independently verified that bill clinton admits moon landing staged to win space race. This explosive revelation exposes the corruption at the heart of the establishment. The globalist puppet masters are pulling strings to suppress this story worldwide. Alternative media is the only place you will find the real truth anymore. Our founding fathers warned us about exactly this kind of tyranny. The time to wake up is NOW.,Government News,2020-01-21
Doctors say sunscreen is poison pushed by Big Pharma,URGENT: Multiple credible insiders have independently verified that doctors say sunscreen is poison pushed by big pharma. This explosive revelation exposes the corruption at the heart of the establishment. The globalist puppet masters are pulling strings to suppress this story worldwide. Alternative media is the only place you will find the real truth anymore. Our founding fathers warned us about exactly this kind of tyranny. The time to wake up is NOW.,politics,2016-11-10
Leaked Pfizer documents reveal vaccine contains aborted fetal cells,URGENT: Multiple credible insiders have independently verified that leaked pfizer documents reveal vaccine contains aborted fetal cells. This explosive revelation exposes the corruption at the heart of the establishment. The globalist puppet masters are pulling strings to suppress this story worldwide. Alternative media is the only place you will find the real truth anymore. Our founding fathers warned us about exactly this kind of tyranny. The time to wake up is NOW.,News,2023-02-05
Hidden camera shows politicians admitting climate change is a hoax,"According to unnamed sources close to the situation, what mainstream media won't tell you is that hidden camera shows politicians admitting climate change is a hoax. Our trusted insider, who cannot be named for their safety, confirmed this shocking revelation. The government has been working overtime to suppress this information. Share before it gets deleted! Independent researchers have long suspected this but were silenced by the establishment. The evidence is overwhelming yet the lamestream media refuses to report it. Wake up sheeple!",News,2018-10-09
Rockefellers paid scientists to invent climate change hoax,Whistleblowers inside the agency have come forward to confirm that rockefellers paid scientists to invent climate change hoax. The deep state operatives responsible for this crime are being protected at the highest levels of government. Patriotic citizens are urged to stand up and demand answers from their elected representatives. This is not a conspiracy theory — this is documented fact that they are hiding from the public. The truth will come out and when it does the globalists will have nowhere to run.,Government News,2017-10-06
George Soros caught funding mass migration to destroy Western culture,BREAKING — A leaked document obtained by this publication proves that george soros caught funding mass migration to destroy western culture. Officials deny any knowledge of the situation but sources say otherwise. This is the story they don't want you to see. Thousands of accounts spreading this news are being shadow-banned. Do your own research. The truth is out there but you have to look beyond the mainstream narrative. Forward this to everyone you know before censorship takes this down.,News,2018-05-26
Bill Clinton admits moon landing staged to win space race,BREAKING — A leaked document obtained by this publication proves that bill clinton admits moon landing staged to win space race. Officials deny any knowledge of the situation but sources say otherwise. This is the story they don't want you to see. Thousands of accounts spreading this news are being shadow-banned. Do your own research. The truth is out there but you have to look beyond the mainstream narrative. Forward this to everyone you know before censorship takes this down.,worldnews,2016-06-03
Deep state plotting to assassinate president claims insider,URGENT: Multiple credible insiders have independently verified that deep state plotting to assassinate president claims insider. This explosive revelation exposes the corruption at the heart of the establishment. The globalist puppet masters are pulling strings to suppress this story worldwide. Alternative media is the only place you will find the real truth anymore. Our founding fathers warned us about exactly this kind of tyranny. The time to wake up is NOW.,left-news,2022-07-08
Shadow government running secret operations beneath major airports,An anonymous source with direct knowledge of the situation has confirmed that shadow government running secret operations beneath major airports. The mainstream media cartel refuses to cover this bombshell story because they are complicit. Fact-checkers have already labeled this story as false — which is exactly what they do to hide truth. Real patriots already know the truth. The elite are running scared as this information goes viral. SHARE THIS NOW before Big Tech buries it! This is the information they are terrified of you knowing.,worldnews,2021-01-21
Obama planned to declare martial law before 2016 election,"According to unnamed sources close to the situation, what mainstream media won't tell you is that obama planned to declare martial law before 2016 election. Our trusted insider, who cannot be named for their safety, confirmed this shocking revelation. The government has been working overtime to suppress this information. Share before it gets deleted! Independent researchers have long suspected this but were silenced by the establishment. The evidence is overwhelming yet the lamestream media refuses to report it. Wake up sheeple!",worldnews,2023-07-16
Epstein alive in witness protection says anonymous FBI source,An anonymous source with direct knowledge of the situation has confirmed that epstein alive in witness protection says anonymous fbi source. The mainstream media cartel refuses to cover this bombshell story because they are complicit. Fact-checkers have already labeled this story as false — which is exactly what they do to hide truth. Real patriots already know the truth. The elite are running scared as this information goes viral. SHARE THIS NOW before Big Tech buries it! This is the information they are terrified of you knowing.,worldnews,2022-11-23
Hollywood elites caught performing satanic rituals in leaked video,An anonymous source with direct knowledge of the situation has confirmed that hollywood elites caught performing satanic rituals in leaked video. The mainstream media cartel refuses to cover this bombshell story because they are complicit. Fact-checkers have already labeled this story as false — which is exactly what they do to hide truth. Real patriots already know the truth. The elite are running scared as this information goes viral. SHARE THIS NOW before Big Tech buries it! This is the information they are terrified of you knowing.,worldnews,2022-01-10
Prince Harry reveals royal family are shapeshifting reptilians,An anonymous source with direct knowledge of the situation has confirmed that prince harry reveals royal family are shapeshifting reptilians. The mainstream media cartel refuses to cover this bombshell story because they are complicit. Fact-checkers have already labeled this story as false — which is exactly what they do to hide truth. Real patriots already know the truth. The elite are running scared as this information goes viral. SHARE THIS NOW before Big Tech buries it! This is the information they are terrified of you knowing.,politics,2016-02-18
Elites using Hollywood movies to program the public for agenda,Whistleblowers inside the agency have come forward to confirm that elites using hollywood movies to program the public for agenda. The deep state operatives responsible for this crime are being protected at the highest levels of government. Patriotic citizens are urged to stand up and demand answers from their elected representatives. This is not a conspiracy theory — this is documented fact that they are hiding from the public. The truth will come out and when it does the globalists will have nowhere to run.,politics,2020-06-09
Rockefellers paid scientists to invent climate change hoax,"According to unnamed sources close to the situation, what mainstream media won't tell you is that rockefellers paid scientists to invent climate change hoax. Our trusted insider, who cannot be named for their safety, confirmed this shocking revelation. The government has been working overtime to suppress this information. Share before it gets deleted! Independent researchers have long suspected this but were silenced by the establishment. The evidence is overwhelming yet the lamestream media refuses to report it. Wake up sheeple!",Government News,2022-08-25
New 5G antenna towers secretly contain surveillance cameras,BREAKING — A leaked document obtained by this publication proves that new 5g antenna towers secretly contain surveillance cameras. Officials deny any knowledge of the situation but sources say otherwise. This is the story they don't want you to see. Thousands of accounts spreading this news are being shadow-banned. Do your own research. The truth is out there but you have to look beyond the mainstream narrative. Forward this to everyone you know before censorship takes this down.,worldnews,2021-11-23
Pentagon UFO footage shows alien crafts over Washington DC,Whistleblowers inside the agency have come forward to confirm that pentagon ufo footage shows alien crafts over washington dc. The deep state operatives responsible for this crime are being protected at the highest levels of government. Patriotic citizens are urged to stand up and demand answers from their elected representatives. This is not a conspiracy theory — this is documented fact that they are hiding from the public. The truth will come out and when it does the globalists will have nowhere to run.,politicsNews,2016-02-01
Walmart tunnels are FEMA concentration camps for American citizens,"According to unnamed sources close to the situation, what mainstream media won't tell you is that walmart tunnels are fema concentration camps for american citizens. Our trusted insider, who cannot be named for their safety, confirmed this shocking revelation. The government has been working overtime to suppress this information. Share before it gets deleted! Independent researchers have long suspected this but were silenced by the establishment. The evidence is overwhelming yet the lamestream media refuses to report it. Wake up sheeple!",politicsNews,2023-06-08
World Economic Forum plans to abolish private property by 2030,Whistleblowers inside the agency have come forward to confirm that world economic forum plans to abolish private property by 2030. The deep state operatives responsible for this crime are being protected at the highest levels of government. Patriotic citizens are urged to stand up and demand answers from their elected representatives. This is not a conspiracy theory — this is documented fact that they are hiding from the public. The truth will come out and when it does the globalists will have nowhere to run.,worldnews,2016-01-20
Aliens have landed in Arizona and government is hiding the truth,"According to unnamed sources close to the situation, what mainstream media won't tell you is that aliens have landed in arizona and government is hiding the truth. Our trusted insider, who cannot be named for their safety, confirmed this shocking revelation. The government has been working overtime to suppress this information. Share before it gets deleted! Independent researchers have long suspected this but were silenced by the establishment. The evidence is overwhelming yet the lamestream media refuses to report it. Wake up sheeple!",Government News,2019-10-21
Fluoride in water supply is mind-control chemical says whistleblower,"According to unnamed sources close to the situation, what mainstream media won't tell you is that fluoride in water supply is mind-control chemical says whistleblower. Our trusted insider, who cannot be named for their safety, confirmed this shocking revelation. The government has been working overtime to suppress this information. Share before it gets deleted! Independent researchers have long suspected this but were silenced by the establishment. The evidence is overwhelming yet the lamestream media refuses to report it. Wake up sheeple!",politics,2018-07-22
Scientists confirm microplastics in vaccines used for population control,URGENT: Multiple credible insiders have independently verified that scientists confirm microplastics in vaccines used for population control. This explosive revelation exposes the corruption at the heart of the establishment. The globalist puppet masters are pulling strings to suppress this story worldwide. Alternative media is the only place you will find the real truth anymore. Our founding fathers warned us about exactly this kind of tyranny. The time to wake up is NOW.,politicsNews,2018-05-10
"Economy about to collapse, insiders moving gold to bunkers","According to unnamed sources close to the situation, what mainstream media won't tell you is that economy about to collapse, insiders moving gold to bunkers. Our trusted insider, who cannot be named for their safety, confirmed this shocking revelation. The government has been working overtime to suppress this information. Share before it gets deleted! Independent researchers have long suspected this but were silenced by the establishment. The evidence is overwhelming yet the lamestream media refuses to report it. Wake up sheeple!",News,2022-12-22
Elite bankers using cryptocurrency to crash global economy on purpose,Whistleblowers inside the agency have come forward to confirm that elite bankers using cryptocurrency to crash global economy on purpose. The deep state operatives responsible for this crime are being protected at the highest levels of government. Patriotic citizens are urged to stand up and demand answers from their elected representatives. This is not a conspiracy theory — this is documented fact that they are hiding from the public. The truth will come out and when it does the globalists will have nowhere to run.,worldnews,2017-05-25
NASA fakes moon landing — leaked documents prove hoax,An anonymous source with direct knowledge of the situation has confirmed that nasa fakes moon landing — leaked documents prove hoax. The mainstream media cartel refuses to cover this bombshell story because they are complicit. Fact-checkers have already labeled this story as false — which is exactly what they do to hide truth. Real patriots already know the truth. The elite are running scared as this information goes viral. SHARE THIS NOW before Big Tech buries it! This is the information they are terrified of you knowing.,News,2016-05-27
Obama planned to declare martial law before 2016 election,BREAKING — A leaked document obtained by this publication proves that obama planned to declare martial law before 2016 election. Officials deny any knowledge of the situation but sources say otherwise. This is the story they don't want you to see. Thousands of accounts spreading this news are being shadow-banned. Do your own research. The truth is out there but you have to look beyond the mainstream narrative. Forward this to everyone you know before censorship takes this down.,politicsNews,2023-04-20
"UN planning to ban meat, force citizens to eat insects by 2030","BREAKING — A leaked document obtained by this publication proves that un planning to ban meat, force citizens to eat insects by 2030. Officials deny any knowledge of the situation but sources say otherwise. This is the story they don't want you to see. Thousands of accounts spreading this news are being shadow-banned. Do your own research. The truth is out there but you have to look beyond the mainstream narrative. Forward this to everyone you know before censorship takes this down.",politicsNews,2018-09-25
FDA approved poison in cereal brands given to children,BREAKING — A leaked document obtained by this publication proves that fda approved poison in cereal brands given to children. Officials deny any knowledge of the situation but sources say otherwise. This is the story they don't want you to see. Thousands of accounts spreading this news are being shadow-banned. Do your own research. The truth is out there but you have to look beyond the mainstream narrative. Forward this to everyone you know before censorship takes this down.,Government News,2017-08-23
Obama planned to declare martial law before 2016 election,"According to unnamed sources close to the situation, what mainstream media won't tell you is that obama planned to declare martial law before 2016 election. Our trusted insider, who cannot be named for their safety, confirmed this shocking revelation. The government has been working overtime to suppress this information. Share before it gets deleted! Independent researchers have long suspected this but were silenced by the establishment. The evidence is overwhelming yet the lamestream media refuses to report it. Wake up sheeple!",politicsNews,2017-10-24
Obama planned to declare martial law before 2016 election,An anonymous source with direct knowledge of the situation has confirmed that obama planned to declare martial law before 2016 election. The mainstream media cartel refuses to cover this bombshell story because they are complicit. Fact-checkers have already labeled this story as false — which is exactly what they do to hide truth. Real patriots already know the truth. The elite are running scared as this information goes viral. SHARE THIS NOW before Big Tech buries it! This is the information they are terrified of you knowing.,left-news,2018-11-21
SHOCKING: Scientists discover that 5G towers control human minds,"According to unnamed sources close to the situation, what mainstream media won't tell you is that shocking: scientists discover that 5g towers control human minds. Our trusted insider, who cannot be named for their safety, confirmed this shocking revelation. The government has been working overtime to suppress this information. Share before it gets deleted! Independent researchers have long suspected this but were silenced by the establishment. The evidence is overwhelming yet the lamestream media refuses to report it. Wake up sheeple!",News,2018-12-11
"UN planning to ban meat, force citizens to eat insects by 2030","URGENT: Multiple credible insiders have independently verified that un planning to ban meat, force citizens to eat insects by 2030. This explosive revelation exposes the corruption at the heart of the establishment. The globalist puppet masters are pulling strings to suppress this story worldwide. Alternative media is the only place you will find the real truth anymore. Our founding fathers warned us about exactly this kind of tyranny. The time to wake up is NOW.",politics,2023-08-14
"UN planning to ban meat, force citizens to eat insects by 2030","According to unnamed sources close to the situation, what mainstream media won't tell you is that un planning to ban meat, force citizens to eat insects by 2030. Our trusted insider, who cannot be named for their safety, confirmed this shocking revelation. The government has been working overtime to suppress this information. Share before it gets deleted! Independent researchers have long suspected this but were silenced by the establishment. The evidence is overwhelming yet the lamestream media refuses to report it. Wake up sheeple!",worldnews,2016-07-23
Elite bankers using cryptocurrency to crash global economy on purpose,An anonymous source with direct knowledge of the situation has confirmed that elite bankers using cryptocurrency to crash global economy on purpose. The mainstream media cartel refuses to cover this bombshell story because they are complicit. Fact-checkers have already labeled this story as false — which is exactly what they do to hide truth. Real patriots already know the truth. The elite are running scared as this information goes viral. SHARE THIS NOW before Big Tech buries it! This is the information they are terrified of you knowing.,politics,2021-06-22
Epstein alive in witness protection says anonymous FBI source,An anonymous source with direct knowledge of the situation has confirmed that epstein alive in witness protection says anonymous fbi source. The mainstream media cartel refuses to cover this bombshell story because they are complicit. Fact-checkers have already labeled this story as false — which is exactly what they do to hide truth. Real patriots already know the truth. The elite are running scared as this information goes viral. SHARE THIS NOW before Big Tech buries it! This is the information they are terrified of you knowing.,Government News,2017-06-18
Breaking: Major city water supply contaminated with mind-altering drug,"According to unnamed sources close to the situation, what mainstream media won't tell you is that breaking: major city water supply contaminated with mind-altering drug. Our trusted insider, who cannot be named for their safety, confirmed this shocking revelation. The government has been working overtime to suppress this information. Share before it gets deleted! Independent researchers have long suspected this but were silenced by the establishment. The evidence is overwhelming yet the lamestream media refuses to report it. Wake up sheeple!",News,2019-03-18
Bill Gates plans to microchip every human through COVID vaccine,An anonymous source with direct knowledge of the situation has confirmed that bill gates plans to microchip every human through covid vaccine. The mainstream media cartel refuses to cover this bombshell story because they are complicit. Fact-checkers have already labeled this story as false — which is exactly what they do to hide truth. Real patriots already know the truth. The elite are running scared as this information goes viral. SHARE THIS NOW before Big Tech buries it! This is the information they are terrified of you knowing.,News,2022-02-21
Bill Clinton admits moon landing staged to win space race,Whistleblowers inside the agency have come forward to confirm that bill clinton admits moon landing staged to win space race. The deep state operatives responsible for this crime are being protected at the highest levels of government. Patriotic citizens are urged to stand up and demand answers from their elected representatives. This is not a conspiracy theory — this is documented fact that they are hiding from the public. The truth will come out and when it does the globalists will have nowhere to run.,politicsNews,2023-12-07
George Soros funding antifa to start civil war,"According to unnamed sources close to the situation, what mainstream media won't tell you is that george soros funding antifa to start civil war. Our trusted insider, who cannot be named for their safety, confirmed this shocking revelation. The government has been working overtime to suppress this information. Share before it gets deleted! Independent researchers have long suspected this but were silenced by the establishment. The evidence is overwhelming yet the lamestream media refuses to report it. Wake up sheeple!",politicsNews,2019-08-13
Pope Francis secretly endorses presidential candidate,URGENT: Multiple credible insiders have independently verified that pope francis secretly endorses presidential candidate. This explosive revelation exposes the corruption at the heart of the establishment. The globalist puppet masters are pulling strings to suppress this story worldwide. Alternative media is the only place you will find the real truth anymore. Our founding fathers warned us about exactly this kind of tyranny. The time to wake up is NOW.,left-news,2023-01-02
Breaking: Major city water supply contaminated with mind-altering drug,"According to unnamed sources close to the situation, what mainstream media won't tell you is that breaking: major city water supply contaminated with mind-altering drug. Our trusted insider, who cannot be named for their safety, confirmed this shocking revelation. The government has been working overtime to suppress this information. Share before it gets deleted! Independent researchers have long suspected this but were silenced by the establishment. The evidence is overwhelming yet the lamestream media refuses to report it. Wake up sheeple!",Government News,2016-07-04
Earthquake machine HAARP caused Turkey disaster on purpose,URGENT: Multiple credible insiders have independently verified that earthquake machine haarp caused turkey disaster on purpose. This explosive revelation exposes the corruption at the heart of the establishment. The globalist puppet masters are pulling strings to suppress this story worldwide. Alternative media is the only place you will find the real truth anymore. Our founding fathers warned us about exactly this kind of tyranny. The time to wake up is NOW.,Government News,2018-12-19
New study shows masks cause more deaths than COVID itself,"According to unnamed sources close to the situation, what mainstream media won't tell you is that new study shows masks cause more deaths than covid itself. Our trusted insider, who cannot be named for their safety, confirmed this shocking revelation. The government has been working overtime to suppress this information. Share before it gets deleted! Independent researchers have long suspected this but were silenced by the establishment. The evidence is overwhelming yet the lamestream media refuses to report it. Wake up sheeple!",Government News,2018-08-21
Government admits to spraying chemtrails to control population,An anonymous source with direct knowledge of the situation has confirmed that government admits to spraying chemtrails to control population. The mainstream media cartel refuses to cover this bombshell story because they are complicit. Fact-checkers have already labeled this story as false — which is exactly what they do to hide truth. Real patriots already know the truth. The elite are running scared as this information goes viral. SHARE THIS NOW before Big Tech buries it! This is the information they are terrified of you knowing.,politicsNews,2019-12-21
George Soros funding antifa to start civil war,"According to unnamed sources close to the situation, what mainstream media won't tell you is that george soros funding antifa to start civil war. Our trusted insider, who cannot be named for their safety, confirmed this shocking revelation. The government has been working overtime to suppress this information. Share before it gets deleted! Independent researchers have long suspected this but were silenced by the establishment. The evidence is overwhelming yet the lamestream media refuses to report it. Wake up sheeple!",Government News,2016-05-27
Clinton emails reveal plan for New World Order takeover,An anonymous source with direct knowledge of the situation has confirmed that clinton emails reveal plan for new world order takeover. The mainstream media cartel refuses to cover this bombshell story because they are complicit. Fact-checkers have already labeled this story as false — which is exactly what they do to hide truth. Real patriots already know the truth. The elite are running scared as this information goes viral. SHARE THIS NOW before Big Tech buries it! This is the information they are terrified of you knowing.,worldnews,2017-02-04
Liberal elite planning to steal your guns using fake school shootings,URGENT: Multiple credible insiders have independently verified that liberal elite planning to steal your guns using fake school shootings. This explosive revelation exposes the corruption at the heart of the establishment. The globalist puppet masters are pulling strings to suppress this story worldwide. Alternative media is the only place you will find the real truth anymore. Our founding fathers warned us about exactly this kind of tyranny. The time to wake up is NOW.,worldnews,2017-04-14
Breaking: Major city water supply contaminated with mind-altering drug,An anonymous source with direct knowledge of the situation has confirmed that breaking: major city water supply contaminated with mind-altering drug. The mainstream media cartel refuses to cover this bombshell story because they are complicit. Fact-checkers have already labeled this story as false — which is exactly what they do to hide truth. Real patriots already know the truth. The elite are running scared as this information goes viral. SHARE THIS NOW before Big Tech buries it! This is the information they are terrified of you knowing.,politicsNews,2018-06-27
Earthquake machine HAARP caused Turkey disaster on purpose,"According to unnamed sources close to the situation, what mainstream media won't tell you is that earthquake machine haarp caused turkey disaster on purpose. Our trusted insider, who cannot be named for their safety, confirmed this shocking revelation. The government has been working overtime to suppress this information. Share before it gets deleted! Independent researchers have long suspected this but were silenced by the establishment. The evidence is overwhelming yet the lamestream media refuses to report it. Wake up sheeple!",worldnews,2021-02-04
Rockefellers paid scientists to invent climate change hoax,BREAKING — A leaked document obtained by this publication proves that rockefellers paid scientists to invent climate change hoax. Officials deny any knowledge of the situation but sources say otherwise. This is the story they don't want you to see. Thousands of accounts spreading this news are being shadow-banned. Do your own research. The truth is out there but you have to look beyond the mainstream narrative. Forward this to everyone you know before censorship takes this down.,worldnews,2021-09-06
Prince Harry reveals royal family are shapeshifting reptilians,BREAKING — A leaked document obtained by this publication proves that prince harry reveals royal family are shapeshifting reptilians. Officials deny any knowledge of the situation but sources say otherwise. This is the story they don't want you to see. Thousands of accounts spreading this news are being shadow-banned. Do your own research. The truth is out there but you have to look beyond the mainstream narrative. Forward this to everyone you know before censorship takes this down.,politicsNews,2018-02-26
Elites using Hollywood movies to program the public for agenda,URGENT: Multiple credible insiders have independently verified that elites using hollywood movies to program the public for agenda. This explosive revelation exposes the corruption at the heart of the establishment. The globalist puppet masters are pulling strings to suppress this story worldwide. Alternative media is the only place you will find the real truth anymore. Our founding fathers warned us about exactly this kind of tyranny. The time to wake up is NOW.,worldnews,2016-08-03
SHOCKING: Scientists discover that 5G towers control human minds,"According to unnamed sources close to the situation, what mainstream media won't tell you is that shocking: scientists discover that 5g towers control human minds. Our trusted insider, who cannot be named for their safety, confirmed this shocking revelation. The government has been working overtime to suppress this information. Share before it gets deleted! Independent researchers have long suspected this but were silenced by the establishment. The evidence is overwhelming yet the lamestream media refuses to report it. Wake up sheeple!",politicsNews,2020-07-23
Elite bankers using cryptocurrency to crash global economy on purpose,An anonymous source with direct knowledge of the situation has confirmed that elite bankers using cryptocurrency to crash global economy on purpose. The mainstream media cartel refuses to cover this bombshell story because they are complicit. Fact-checkers have already labeled this story as false — which is exactly what they do to hide truth. Real patriots already know the truth. The elite are running scared as this information goes viral. SHARE THIS NOW before Big Tech buries it! This is the information they are terrified of you knowing.,worldnews,2018-11-09
Chemotherapy cures nothing — industry invented it to steal your money,An anonymous source with direct knowledge of the situation has confirmed that chemotherapy cures nothing — industry invented it to steal your money. The mainstream media cartel refuses to cover this bombshell story because they are complicit. Fact-checkers have already labeled this story as false — which is exactly what they do to hide truth. Real patriots already know the truth. The elite are running scared as this information goes viral. SHARE THIS NOW before Big Tech buries it! This is the information they are terrified of you knowing.,worldnews,2018-10-23
Bill Gates plans to microchip every human through COVID vaccine,URGENT: Multiple credible insiders have independently verified that bill gates plans to microchip every human through covid vaccine. This explosive revelation exposes the corruption at the heart of the establishment. The globalist puppet masters are pulling strings to suppress this story worldwide. Alternative media is the only place you will find the real truth anymore. Our founding fathers warned us about exactly this kind of tyranny. The time to wake up is NOW.,Government News,2023-10-03
Elites using Hollywood movies to program the public for agenda,Whistleblowers inside the agency have come forward to confirm that elites using hollywood movies to program the public for agenda. The deep state operatives responsible for this crime are being protected at the highest levels of government. Patriotic citizens are urged to stand up and demand answers from their elected representatives. This is not a conspiracy theory — this is documented fact that they are hiding from the public. The truth will come out and when it does the globalists will have nowhere to run.,left-news,2016-09-08
Secret tunnels under White House used for trafficking ring,"According to unnamed sources close to the situation, what mainstream media won't tell you is that secret tunnels under white house used for trafficking ring. Our trusted insider, who cannot be named for their safety, confirmed this shocking revelation. The government has been working overtime to suppress this information. Share before it gets deleted! Independent researchers have long suspected this but were silenced by the establishment. The evidence is overwhelming yet the lamestream media refuses to report it. Wake up sheeple!",politicsNews,2021-09-17
New study shows masks cause more deaths than COVID itself,An anonymous source with direct knowledge of the situation has confirmed that new study shows masks cause more deaths than covid itself. The mainstream media cartel refuses to cover this bombshell story because they are complicit. Fact-checkers have already labeled this story as false — which is exactly what they do to hide truth. Real patriots already know the truth. The elite are running scared as this information goes viral. SHARE THIS NOW before Big Tech buries it! This is the information they are terrified of you knowing.,News,2016-04-04
Deep state plotting to assassinate president claims insider,An anonymous source with direct knowledge of the situation has confirmed that deep state plotting to assassinate president claims insider. The mainstream media cartel refuses to cover this bombshell story because they are complicit. Fact-checkers have already labeled this story as false — which is exactly what they do to hide truth. Real patriots already know the truth. The elite are running scared as this information goes viral. SHARE THIS NOW before Big Tech buries it! This is the information they are terrified of you knowing.,worldnews,2018-11-02
NASA fakes moon landing — leaked documents prove hoax,Whistleblowers inside the agency have come forward to confirm that nasa fakes moon landing — leaked documents prove hoax. The deep state operatives responsible for this crime are being protected at the highest levels of government. Patriotic citizens are urged to stand up and demand answers from their elected representatives. This is not a conspiracy theory — this is documented fact that they are hiding from the public. The truth will come out and when it does the globalists will have nowhere to run.,worldnews,2022-05-11
Covid-19 created in lab to usher in Great Reset admits Nobel scientist,An anonymous source with direct knowledge of the situation has confirmed that covid-19 created in lab to usher in great reset admits nobel scientist. The mainstream media cartel refuses to cover this bombshell story because they are complicit. Fact-checkers have already labeled this story as false — which is exactly what they do to hide truth. Real patriots already know the truth. The elite are running scared as this information goes viral. SHARE THIS NOW before Big Tech buries it! This is the information they are terrified of you knowing.,politicsNews,2016-09-06
Doctors confirm COVID-19 vaccine turns people magnetic,"According to unnamed sources close to the situation, what mainstream media won't tell you is that doctors confirm covid-19 vaccine turns people magnetic. Our trusted insider, who cannot be named for their safety, confirmed this shocking revelation. The government has been working overtime to suppress this information. Share before it gets deleted! Independent researchers have long suspected this but were silenced by the establishment. The evidence is overwhelming yet the lamestream media refuses to report it. Wake up sheeple!",politics,2017-02-08
World Economic Forum plans to abolish private property by 2030,An anonymous source with direct knowledge of the situation has confirmed that world economic forum plans to abolish private property by 2030. The mainstream media cartel refuses to cover this bombshell story because they are complicit. Fact-checkers have already labeled this story as false — which is exactly what they do to hide truth. Real patriots already know the truth. The elite are running scared as this information goes viral. SHARE THIS NOW before Big Tech buries it! This is the information they are terrified of you knowing.,politics,2021-07-07
Leaked Pfizer documents reveal vaccine contains aborted fetal cells,Whistleblowers inside the agency have come forward to confirm that leaked pfizer documents reveal vaccine contains aborted fetal cells. The deep state operatives responsible for this crime are being protected at the highest levels of government. Patriotic citizens are urged to stand up and demand answers from their elected representatives. This is not a conspiracy theory — this is documented fact that they are hiding from the public. The truth will come out and when it does the globalists will have nowhere to run.,politicsNews,2021-04-04
CIA admits using mainstream media to spread propaganda for decades,An anonymous source with direct knowledge of the situation has confirmed that cia admits using mainstream media to spread propaganda for decades. The mainstream media cartel refuses to cover this bombshell story because they are complicit. Fact-checkers have already labeled this story as false — which is exactly what they do to hide truth. Real patriots already know the truth. The elite are running scared as this information goes viral. SHARE THIS NOW before Big Tech buries it! This is the information they are terrified of you knowing.,left-news,2019-02-16
George Soros caught funding mass migration to destroy Western culture,An anonymous source with direct knowledge of the situation has confirmed that george soros caught funding mass migration to destroy western culture. The mainstream media cartel refuses to cover this bombshell story because they are complicit. Fact-checkers have already labeled this story as false — which is exactly what they do to hide truth. Real patriots already know the truth. The elite are running scared as this information goes viral. SHARE THIS NOW before Big Tech buries it! This is the information they are terrified of you knowing.,left-news,2018-04-20
"Economy about to collapse, insiders moving gold to bunkers","BREAKING — A leaked document obtained by this publication proves that economy about to collapse, insiders moving gold to bunkers. Officials deny any knowledge of the situation but sources say otherwise. This is the story they don't want you to see. Thousands of accounts spreading this news are being shadow-banned. Do your own research. The truth is out there but you have to look beyond the mainstream narrative. Forward this to everyone you know before censorship takes this down.",News,2018-08-24
Secret tunnels under White House used for trafficking ring,Whistleblowers inside the agency have come forward to confirm that secret tunnels under white house used for trafficking ring. The deep state operatives responsible for this crime are being protected at the highest levels of government. Patriotic citizens are urged to stand up and demand answers from their elected representatives. This is not a conspiracy theory — this is documented fact that they are hiding from the public. The truth will come out and when it does the globalists will have nowhere to run.,worldnews,2021-03-02
Bill Clinton admits moon landing staged to win space race,URGENT: Multiple credible insiders have independently verified that bill clinton admits moon landing staged to win space race. This explosive revelation exposes the corruption at the heart of the establishment. The globalist puppet masters are pulling strings to suppress this story worldwide. Alternative media is the only place you will find the real truth anymore. Our founding fathers warned us about exactly this kind of tyranny. The time to wake up is NOW.,News,2018-02-28
"Economy about to collapse, insiders moving gold to bunkers","An anonymous source with direct knowledge of the situation has confirmed that economy about to collapse, insiders moving gold to bunkers. The mainstream media cartel refuses to cover this bombshell story because they are complicit. Fact-checkers have already labeled this story as false — which is exactly what they do to hide truth. Real patriots already know the truth. The elite are running scared as this information goes viral. SHARE THIS NOW before Big Tech buries it! This is the information they are terrified of you knowing.",worldnews,2021-04-10
Mainstream media blackout on earthquake weapon test over California,BREAKING — A leaked document obtained by this publication proves that mainstream media blackout on earthquake weapon test over california. Officials deny any knowledge of the situation but sources say otherwise. This is the story they don't want you to see. Thousands of accounts spreading this news are being shadow-banned. Do your own research. The truth is out there but you have to look beyond the mainstream narrative. Forward this to everyone you know before censorship takes this down.,worldnews,2019-02-14
Chemotherapy cures nothing — industry invented it to steal your money,An anonymous source with direct knowledge of the situation has confirmed that chemotherapy cures nothing — industry invented it to steal your money. The mainstream media cartel refuses to cover this bombshell story because they are complicit. Fact-checkers have already labeled this story as false — which is exactly what they do to hide truth. Real patriots already know the truth. The elite are running scared as this information goes viral. SHARE THIS NOW before Big Tech buries it! This is the information they are terrified of you knowing.,politics,2023-08-09
SHOCKING: Scientists discover that 5G towers control human minds,An anonymous source with direct knowledge of the situation has confirmed that shocking: scientists discover that 5g towers control human minds. The mainstream media cartel refuses to cover this bombshell story because they are complicit. Fact-checkers have already labeled this story as false — which is exactly what they do to hide truth. Real patriots already know the truth. The elite are running scared as this information goes viral. SHARE THIS NOW before Big Tech buries it! This is the information they are terrified of you knowing.,worldnews,2021-07-19
New study shows masks cause more deaths than COVID itself,URGENT: Multiple credible insiders have independently verified that new study shows masks cause more deaths than covid itself. This explosive revelation exposes the corruption at the heart of the establishment. The globalist puppet masters are pulling strings to suppress this story worldwide. Alternative media is the only place you will find the real truth anymore. Our founding fathers warned us about exactly this kind of tyranny. The time to wake up is NOW.,politics,2016-07-02
Bill Gates plans to microchip every human through COVID vaccine,An anonymous source with direct knowledge of the situation has confirmed that bill gates plans to microchip every human through covid vaccine. The mainstream media cartel refuses to cover this bombshell story because they are complicit. Fact-checkers have already labeled this story as false — which is exactly what they do to hide truth. Real patriots already know the truth. The elite are running scared as this information goes viral. SHARE THIS NOW before Big Tech buries it! This is the information they are terrified of you knowing.,politicsNews,2022-09-13
Doctors say sunscreen is poison pushed by Big Pharma,"According to unnamed sources close to the situation, what mainstream media won't tell you is that doctors say sunscreen is poison pushed by big pharma. Our trusted insider, who cannot be named for their safety, confirmed this shocking revelation. The government has been working overtime to suppress this information. Share before it gets deleted! Independent researchers have long suspected this but were silenced by the establishment. The evidence is overwhelming yet the lamestream media refuses to report it. Wake up sheeple!",left-news,2019-02-18
Scientists confirm microplastics in vaccines used for population control,"According to unnamed sources close to the situation, what mainstream media won't tell you is that scientists confirm microplastics in vaccines used for population control. Our trusted insider, who cannot be named for their safety, confirmed this shocking revelation. The government has been working overtime to suppress this information. Share before it gets deleted! Independent researchers have long suspected this but were silenced by the establishment. The evidence is overwhelming yet the lamestream media refuses to report it. Wake up sheeple!",worldnews,2018-06-10
CIA admits using mainstream media to spread propaganda for decades,"According to unnamed sources close to the situation, what mainstream media won't tell you is that cia admits using mainstream media to spread propaganda for decades. Our trusted insider, who cannot be named for their safety, confirmed this shocking revelation. The government has been working overtime to suppress this information. Share before it gets deleted! Independent researchers have long suspected this but were silenced by the establishment. The evidence is overwhelming yet the lamestream media refuses to report it. Wake up sheeple!",left-news,2020-03-23
"Economy about to collapse, insiders moving gold to bunkers","URGENT: Multiple credible insiders have independently verified that economy about to collapse, insiders moving gold to bunkers. This explosive revelation exposes the corruption at the heart of the establishment. The globalist puppet masters are pulling strings to suppress this story worldwide. Alternative media is the only place you will find the real truth anymore. Our founding fathers warned us about exactly this kind of tyranny. The time to wake up is NOW.",politicsNews,2023-08-25
George Soros funding antifa to start civil war,An anonymous source with direct knowledge of the situation has confirmed that george soros funding antifa to start civil war. The mainstream media cartel refuses to cover this bombshell story because they are complicit. Fact-checkers have already labeled this story as false — which is exactly what they do to hide truth. Real patriots already know the truth. The elite are running scared as this information goes viral. SHARE THIS NOW before Big Tech buries it! This is the information they are terrified of you knowing.,News,2023-12-21
SHOCKING: Scientists discover that 5G towers control human minds,"According to unnamed sources close to the situation, what mainstream media won't tell you is that shocking: scientists discover that 5g towers control human minds. Our trusted insider, who cannot be named for their safety, confirmed this shocking revelation. The government has been working overtime to suppress this information. Share before it gets deleted! Independent researchers have long suspected this but were silenced by the establishment. The evidence is overwhelming yet the lamestream media refuses to report it. Wake up sheeple!",Government News,2021-09-02
Q-Anon confirms deep state arrests imminent within 48 hours,An anonymous source with direct knowledge of the situation has confirmed that q-anon confirms deep state arrests imminent within 48 hours. The mainstream media cartel refuses to cover this bombshell story because they are complicit. Fact-checkers have already labeled this story as false — which is exactly what they do to hide truth. Real patriots already know the truth. The elite are running scared as this information goes viral. SHARE THIS NOW before Big Tech buries it! This is the information they are terrified of you knowing.,Government News,2019-11-03
Covid-19 created in lab to usher in Great Reset admits Nobel scientist,Whistleblowers inside the agency have come forward to confirm that covid-19 created in lab to usher in great reset admits nobel scientist. The deep state operatives responsible for this crime are being protected at the highest levels of government. Patriotic citizens are urged to stand up and demand answers from their elected representatives. This is not a conspiracy theory — this is documented fact that they are hiding from the public. The truth will come out and when it does the globalists will have nowhere to run.,politics,2021-01-04
Hollywood elites caught performing satanic rituals in leaked video,Whistleblowers inside the agency have come forward to confirm that hollywood elites caught performing satanic rituals in leaked video. The deep state operatives responsible for this crime are being protected at the highest levels of government. Patriotic citizens are urged to stand up and demand answers from their elected representatives. This is not a conspiracy theory — this is documented fact that they are hiding from the public. The truth will come out and when it does the globalists will have nowhere to run.,politics,2016-06-12
Pentagon UFO footage shows alien crafts over Washington DC,URGENT: Multiple credible insiders have independently verified that pentagon ufo footage shows alien crafts over washington dc. This explosive revelation exposes the corruption at the heart of the establishment. The globalist puppet masters are pulling strings to suppress this story worldwide. Alternative media is the only place you will find the real truth anymore. Our founding fathers warned us about exactly this kind of tyranny. The time to wake up is NOW.,politics,2019-03-11
CIA admits using mainstream media to spread propaganda for decades,URGENT: Multiple credible insiders have independently verified that cia admits using mainstream media to spread propaganda for decades. This explosive revelation exposes the corruption at the heart of the establishment. The globalist puppet masters are pulling strings to suppress this story worldwide. Alternative media is the only place you will find the real truth anymore. Our founding fathers warned us about exactly this kind of tyranny. The time to wake up is NOW.,Government News,2023-12-25
George Soros caught funding mass migration to destroy Western culture,BREAKING — A leaked document obtained by this publication proves that george soros caught funding mass migration to destroy western culture. Officials deny any knowledge of the situation but sources say otherwise. This is the story they don't want you to see. Thousands of accounts spreading this news are being shadow-banned. Do your own research. The truth is out there but you have to look beyond the mainstream narrative. Forward this to everyone you know before censorship takes this down.,News,2021-05-17
New 5G antenna towers secretly contain surveillance cameras,An anonymous source with direct knowledge of the situation has confirmed that new 5g antenna towers secretly contain surveillance cameras. The mainstream media cartel refuses to cover this bombshell story because they are complicit. Fact-checkers have already labeled this story as false — which is exactly what they do to hide truth. Real patriots already know the truth. The elite are running scared as this information goes viral. SHARE THIS NOW before Big Tech buries it! This is the information they are terrified of you knowing.,politicsNews,2017-06-12
Prince Harry reveals royal family are shapeshifting reptilians,An anonymous source with direct knowledge of the situation has confirmed that prince harry reveals royal family are shapeshifting reptilians. The mainstream media cartel refuses to cover this bombshell story because they are complicit. Fact-checkers have already labeled this story as false — which is exactly what they do to hide truth. Real patriots already know the truth. The elite are running scared as this information goes viral. SHARE THIS NOW before Big Tech buries it! This is the information they are terrified of you knowing.,politics,2017-08-23
Elon Musk's Neuralink is secretly harvesting human thoughts,URGENT: Multiple credible insiders have independently verified that elon musk's neuralink is secretly harvesting human thoughts. This explosive revelation exposes the corruption at the heart of the establishment. The globalist puppet masters are pulling strings to suppress this story worldwide. Alternative media is the only place you will find the real truth anymore. Our founding fathers warned us about exactly this kind of tyranny. The time to wake up is NOW.,left-news,2021-11-23
Pope Francis secretly endorses presidential candidate,BREAKING — A leaked document obtained by this publication proves that pope francis secretly endorses presidential candidate. Officials deny any knowledge of the situation but sources say otherwise. This is the story they don't want you to see. Thousands of accounts spreading this news are being shadow-banned. Do your own research. The truth is out there but you have to look beyond the mainstream narrative. Forward this to everyone you know before censorship takes this down.,politicsNews,2017-07-06
Q-Anon confirms deep state arrests imminent within 48 hours,"According to unnamed sources close to the situation, what mainstream media won't tell you is that q-anon confirms deep state arrests imminent within 48 hours. Our trusted insider, who cannot be named for their safety, confirmed this shocking revelation. The government has been working overtime to suppress this information. Share before it gets deleted! Independent researchers have long suspected this but were silenced by the establishment. The evidence is overwhelming yet the lamestream media refuses to report it. Wake up sheeple!",worldnews,2020-02-23
Deep state plotting to assassinate president claims insider,An anonymous source with direct knowledge of the situation has confirmed that deep state plotting to assassinate president claims insider. The mainstream media cartel refuses to cover this bombshell story because they are complicit. Fact-checkers have already labeled this story as false — which is exactly what they do to hide truth. Real patriots already know the truth. The elite are running scared as this information goes viral. SHARE THIS NOW before Big Tech buries it! This is the information they are terrified of you knowing.,worldnews,2016-05-14
New 5G antenna towers secretly contain surveillance cameras,URGENT: Multiple credible insiders have independently verified that new 5g antenna towers secretly contain surveillance cameras. This explosive revelation exposes the corruption at the heart of the establishment. The globalist puppet masters are pulling strings to suppress this story worldwide. Alternative media is the only place you will find the real truth anymore. Our founding fathers warned us about exactly this kind of tyranny. The time to wake up is NOW.,left-news,2021-07-15
Leaked Pfizer documents reveal vaccine contains aborted fetal cells,"According to unnamed sources close to the situation, what mainstream media won't tell you is that leaked pfizer documents reveal vaccine contains aborted fetal cells. Our trusted insider, who cannot be named for their safety, confirmed this shocking revelation. The government has been working overtime to suppress this information. Share before it gets deleted! Independent researchers have long suspected this but were silenced by the establishment. The evidence is overwhelming yet the lamestream media refuses to report it. Wake up sheeple!",worldnews,2017-01-28
New study shows masks cause more deaths than COVID itself,URGENT: Multiple credible insiders have independently verified that new study shows masks cause more deaths than covid itself. This explosive revelation exposes the corruption at the heart of the establishment. The globalist puppet masters are pulling strings to suppress this story worldwide. Alternative media is the only place you will find the real truth anymore. Our founding fathers warned us about exactly this kind of tyranny. The time to wake up is NOW.,left-news,2021-11-21
EXCLUSIVE: White House chef reveals president has dementia,An anonymous source with direct knowledge of the situation has confirmed that exclusive: white house chef reveals president has dementia. The mainstream media cartel refuses to cover this bombshell story because they are complicit. Fact-checkers have already labeled this story as false — which is exactly what they do to hide truth. Real patriots already know the truth. The elite are running scared as this information goes viral. SHARE THIS NOW before Big Tech buries it! This is the information they are terrified of you knowing.,Government News,2023-08-10
Secret documents show GMO foods cause cancer in 10 years,BREAKING — A leaked document obtained by this publication proves that secret documents show gmo foods cause cancer in 10 years. Officials deny any knowledge of the situation but sources say otherwise. This is the story they don't want you to see. Thousands of accounts spreading this news are being shadow-banned. Do your own research. The truth is out there but you have to look beyond the mainstream narrative. Forward this to everyone you know before censorship takes this down.,worldnews,2020-04-16
Big Pharma suppressing cancer cure for decades to make profits,Whistleblowers inside the agency have come forward to confirm that big pharma suppressing cancer cure for decades to make profits. The deep state operatives responsible for this crime are being protected at the highest levels of government. Patriotic citizens are urged to stand up and demand answers from their elected representatives. This is not a conspiracy theory — this is documented fact that they are hiding from the public. The truth will come out and when it does the globalists will have nowhere to run.,worldnews,2021-05-15
Doctors confirm COVID-19 vaccine turns people magnetic,URGENT: Multiple credible insiders have independently verified that doctors confirm covid-19 vaccine turns people magnetic. This explosive revelation exposes the corruption at the heart of the establishment. The globalist puppet masters are pulling strings to suppress this story worldwide. Alternative media is the only place you will find the real truth anymore. Our founding fathers warned us about exactly this kind of tyranny. The time to wake up is NOW.,Government News,2020-03-06
FBI whistleblower reveals JFK assassination was inside job,BREAKING — A leaked document obtained by this publication proves that fbi whistleblower reveals jfk assassination was inside job. Officials deny any knowledge of the situation but sources say otherwise. This is the story they don't want you to see. Thousands of accounts spreading this news are being shadow-banned. Do your own research. The truth is out there but you have to look beyond the mainstream narrative. Forward this to everyone you know before censorship takes this down.,worldnews,2017-01-11
Secret documents show GMO foods cause cancer in 10 years,BREAKING — A leaked document obtained by this publication proves that secret documents show gmo foods cause cancer in 10 years. Officials deny any knowledge of the situation but sources say otherwise. This is the story they don't want you to see. Thousands of accounts spreading this news are being shadow-banned. Do your own research. The truth is out there but you have to look beyond the mainstream narrative. Forward this to everyone you know before censorship takes this down.,News,2021-03-07
World leaders filmed at satanic ritual at Bohemian Grove,"According to unnamed sources close to the situation, what mainstream media won't tell you is that world leaders filmed at satanic ritual at bohemian grove. Our trusted insider, who cannot be named for their safety, confirmed this shocking revelation. The government has been working overtime to suppress this information. Share before it gets deleted! Independent researchers have long suspected this but were silenced by the establishment. The evidence is overwhelming yet the lamestream media refuses to report it. Wake up sheeple!",News,2018-06-15
Elon Musk's Neuralink is secretly harvesting human thoughts,BREAKING — A leaked document obtained by this publication proves that elon musk's neuralink is secretly harvesting human thoughts. Officials deny any knowledge of the situation but sources say otherwise. This is the story they don't want you to see. Thousands of accounts spreading this news are being shadow-banned. Do your own research. The truth is out there but you have to look beyond the mainstream narrative. Forward this to everyone you know before censorship takes this down.,News,2017-01-13
Liberal elite planning to steal your guns using fake school shootings,BREAKING — A leaked document obtained by this publication proves that liberal elite planning to steal your guns using fake school shootings. Officials deny any knowledge of the situation but sources say otherwise. This is the story they don't want you to see. Thousands of accounts spreading this news are being shadow-banned. Do your own research. The truth is out there but you have to look beyond the mainstream narrative. Forward this to everyone you know before censorship takes this down.,News,2018-01-24
Elon Musk's Neuralink is secretly harvesting human thoughts,URGENT: Multiple credible insiders have independently verified that elon musk's neuralink is secretly harvesting human thoughts. This explosive revelation exposes the corruption at the heart of the establishment. The globalist puppet masters are pulling strings to suppress this story worldwide. Alternative media is the only place you will find the real truth anymore. Our founding fathers warned us about exactly this kind of tyranny. The time to wake up is NOW.,Government News,2020-08-10
Scientists confirm microplastics in vaccines used for population control,URGENT: Multiple credible insiders have independently verified that scientists confirm microplastics in vaccines used for population control. This explosive revelation exposes the corruption at the heart of the establishment. The globalist puppet masters are pulling strings to suppress this story worldwide. Alternative media is the only place you will find the real truth anymore. Our founding fathers warned us about exactly this kind of tyranny. The time to wake up is NOW.,politics,2023-06-23
Fluoride in water supply is mind-control chemical says whistleblower,An anonymous source with direct knowledge of the situation has confirmed that fluoride in water supply is mind-control chemical says whistleblower. The mainstream media cartel refuses to cover this bombshell story because they are complicit. Fact-checkers have already labeled this story as false — which is exactly what they do to hide truth. Real patriots already know the truth. The elite are running scared as this information goes viral. SHARE THIS NOW before Big Tech buries it! This is the information they are terrified of you knowing.,worldnews,2017-05-01
"UN planning to ban meat, force citizens to eat insects by 2030","URGENT: Multiple credible insiders have independently verified that un planning to ban meat, force citizens to eat insects by 2030. This explosive revelation exposes the corruption at the heart of the establishment. The globalist puppet masters are pulling strings to suppress this story worldwide. Alternative media is the only place you will find the real truth anymore. Our founding fathers warned us about exactly this kind of tyranny. The time to wake up is NOW.",left-news,2021-02-11
NASA fakes moon landing — leaked documents prove hoax,URGENT: Multiple credible insiders have independently verified that nasa fakes moon landing — leaked documents prove hoax. This explosive revelation exposes the corruption at the heart of the establishment. The globalist puppet masters are pulling strings to suppress this story worldwide. Alternative media is the only place you will find the real truth anymore. Our founding fathers warned us about exactly this kind of tyranny. The time to wake up is NOW.,politics,2019-05-07
Government admits to spraying chemtrails to control population,"According to unnamed sources close to the situation, what mainstream media won't tell you is that government admits to spraying chemtrails to control population. Our trusted insider, who cannot be named for their safety, confirmed this shocking revelation. The government has been working overtime to suppress this information. Share before it gets deleted! Independent researchers have long suspected this but were silenced by the establishment. The evidence is overwhelming yet the lamestream media refuses to report it. Wake up sheeple!",left-news,2017-09-13
Secret tunnels under White House used for trafficking ring,An anonymous source with direct knowledge of the situation has confirmed that secret tunnels under white house used for trafficking ring. The mainstream media cartel refuses to cover this bombshell story because they are complicit. Fact-checkers have already labeled this story as false — which is exactly what they do to hide truth. Real patriots already know the truth. The elite are running scared as this information goes viral. SHARE THIS NOW before Big Tech buries it! This is the information they are terrified of you knowing.,politics,2016-11-12
"UN planning to ban meat, force citizens to eat insects by 2030","BREAKING — A leaked document obtained by this publication proves that un planning to ban meat, force citizens to eat insects by 2030. Officials deny any knowledge of the situation but sources say otherwise. This is the story they don't want you to see. Thousands of accounts spreading this news are being shadow-banned. Do your own research. The truth is out there but you have to look beyond the mainstream narrative. Forward this to everyone you know before censorship takes this down.",News,2022-06-01
Q-Anon confirms deep state arrests imminent within 48 hours,Whistleblowers inside the agency have come forward to confirm that q-anon confirms deep state arrests imminent within 48 hours. The deep state operatives responsible for this crime are being protected at the highest levels of government. Patriotic citizens are urged to stand up and demand answers from their elected representatives. This is not a conspiracy theory — this is documented fact that they are hiding from the public. The truth will come out and when it does the globalists will have nowhere to run.,News,2023-09-03
Earthquake machine HAARP caused Turkey disaster on purpose,An anonymous source with direct knowledge of the situation has confirmed that earthquake machine haarp caused turkey disaster on purpose. The mainstream media cartel refuses to cover this bombshell story because they are complicit. Fact-checkers have already labeled this story as false — which is exactly what they do to hide truth. Real patriots already know the truth. The elite are running scared as this information goes viral. SHARE THIS NOW before Big Tech buries it! This is the information they are terrified of you knowing.,left-news,2020-03-26
World Economic Forum plans to abolish private property by 2030,An anonymous source with direct knowledge of the situation has confirmed that world economic forum plans to abolish private property by 2030. The mainstream media cartel refuses to cover this bombshell story because they are complicit. Fact-checkers have already labeled this story as false — which is exactly what they do to hide truth. Real patriots already know the truth. The elite are running scared as this information goes viral. SHARE THIS NOW before Big Tech buries it! This is the information they are terrified of you knowing.,worldnews,2017-03-07
Epstein alive in witness protection says anonymous FBI source,An anonymous source with direct knowledge of the situation has confirmed that epstein alive in witness protection says anonymous fbi source. The mainstream media cartel refuses to cover this bombshell story because they are complicit. Fact-checkers have already labeled this story as false — which is exactly what they do to hide truth. Real patriots already know the truth. The elite are running scared as this information goes viral. SHARE THIS NOW before Big Tech buries it! This is the information they are terrified of you knowing.,News,2017-10-25
Hollywood elites caught performing satanic rituals in leaked video,"According to unnamed sources close to the situation, what mainstream media won't tell you is that hollywood elites caught performing satanic rituals in leaked video. Our trusted insider, who cannot be named for their safety, confirmed this shocking revelation. The government has been working overtime to suppress this information. Share before it gets deleted! Independent researchers have long suspected this but were silenced by the establishment. The evidence is overwhelming yet the lamestream media refuses to report it. Wake up sheeple!",left-news,2020-07-06
World leaders filmed at satanic ritual at Bohemian Grove,An anonymous source with direct knowledge of the situation has confirmed that world leaders filmed at satanic ritual at bohemian grove. The mainstream media cartel refuses to cover this bombshell story because they are complicit. Fact-checkers have already labeled this story as false — which is exactly what they do to hide truth. Real patriots already know the truth. The elite are running scared as this information goes viral. SHARE THIS NOW before Big Tech buries it! This is the information they are terrified of you knowing.,worldnews,2019-03-27
Hollywood elites caught performing satanic rituals in leaked video,Whistleblowers inside the agency have come forward to confirm that hollywood elites caught performing satanic rituals in leaked video. The deep state operatives responsible for this crime are being protected at the highest levels of government. Patriotic citizens are urged to stand up and demand answers from their elected representatives. This is not a conspiracy theory — this is documented fact that they are hiding from the public. The truth will come out and when it does the globalists will have nowhere to run.,left-news,2016-05-27
George Soros caught funding mass migration to destroy Western culture,Whistleblowers inside the agency have come forward to confirm that george soros caught funding mass migration to destroy western culture. The deep state operatives responsible for this crime are being protected at the highest levels of government. Patriotic citizens are urged to stand up and demand answers from their elected representatives. This is not a conspiracy theory — this is documented fact that they are hiding from the public. The truth will come out and when it does the globalists will have nowhere to run.,politics,2023-04-01
SHOCKING: Scientists discover that 5G towers control human minds,BREAKING — A leaked document obtained by this publication proves that shocking: scientists discover that 5g towers control human minds. Officials deny any knowledge of the situation but sources say otherwise. This is the story they don't want you to see. Thousands of accounts spreading this news are being shadow-banned. Do your own research. The truth is out there but you have to look beyond the mainstream narrative. Forward this to everyone you know before censorship takes this down.,News,2023-02-21
Shadow government running secret operations beneath major airports,Whistleblowers inside the agency have come forward to confirm that shadow government running secret operations beneath major airports. The deep state operatives responsible for this crime are being protected at the highest levels of government. Patriotic citizens are urged to stand up and demand answers from their elected representatives. This is not a conspiracy theory — this is documented fact that they are hiding from the public. The truth will come out and when it does the globalists will have nowhere to run.,worldnews,2023-12-21
CIA admits using mainstream media to spread propaganda for decades,"According to unnamed sources close to the situation, what mainstream media won't tell you is that cia admits using mainstream media to spread propaganda for decades. Our trusted insider, who cannot be named for their safety, confirmed this shocking revelation. The government has been working overtime to suppress this information. Share before it gets deleted! Independent researchers have long suspected this but were silenced by the establishment. The evidence is overwhelming yet the lamestream media refuses to report it. Wake up sheeple!",News,2023-02-20
Leaked Pfizer documents reveal vaccine contains aborted fetal cells,Whistleblowers inside the agency have come forward to confirm that leaked pfizer documents reveal vaccine contains aborted fetal cells. The deep state operatives responsible for this crime are being protected at the highest levels of government. Patriotic citizens are urged to stand up and demand answers from their elected representatives. This is not a conspiracy theory — this is documented fact that they are hiding from the public. The truth will come out and when it does the globalists will have nowhere to run.,left-news,2022-05-21
New 5G antenna towers secretly contain surveillance cameras,An anonymous source with direct knowledge of the situation has confirmed that new 5g antenna towers secretly contain surveillance cameras. The mainstream media cartel refuses to cover this bombshell story because they are complicit. Fact-checkers have already labeled this story as false — which is exactly what they do to hide truth. Real patriots already know the truth. The elite are running scared as this information goes viral. SHARE THIS NOW before Big Tech buries it! This is the information they are terrified of you knowing.,News,2016-05-06
George Soros caught funding mass migration to destroy Western culture,"According to unnamed sources close to the situation, what mainstream media won't tell you is that george soros caught funding mass migration to destroy western culture. Our trusted insider, who cannot be named for their safety, confirmed this shocking revelation. The government has been working overtime to suppress this information. Share before it gets deleted! Independent researchers have long suspected this but were silenced by the establishment. The evidence is overwhelming yet the lamestream media refuses to report it. Wake up sheeple!",News,2023-12-05
"Russia hacks US election server in real time, whistleblower says","BREAKING — A leaked document obtained by this publication proves that russia hacks us election server in real time, whistleblower says. Officials deny any knowledge of the situation but sources say otherwise. This is the story they don't want you to see. Thousands of accounts spreading this news are being shadow-banned. Do your own research. The truth is out there but you have to look beyond the mainstream narrative. Forward this to everyone you know before censorship takes this down.",News,2021-07-21
"Russia hacks US election server in real time, whistleblower says","According to unnamed sources close to the situation, what mainstream media won't tell you is that russia hacks us election server in real time, whistleblower says. Our trusted insider, who cannot be named for their safety, confirmed this shocking revelation. The government has been working overtime to suppress this information. Share before it gets deleted! Independent researchers have long suspected this but were silenced by the establishment. The evidence is overwhelming yet the lamestream media refuses to report it. Wake up sheeple!",News,2017-09-07
Elite bankers using cryptocurrency to crash global economy on purpose,BREAKING — A leaked document obtained by this publication proves that elite bankers using cryptocurrency to crash global economy on purpose. Officials deny any knowledge of the situation but sources say otherwise. This is the story they don't want you to see. Thousands of accounts spreading this news are being shadow-banned. Do your own research. The truth is out there but you have to look beyond the mainstream narrative. Forward this to everyone you know before censorship takes this down.,politics,2018-09-11
EXCLUSIVE: White House chef reveals president has dementia,Whistleblowers inside the agency have come forward to confirm that exclusive: white house chef reveals president has dementia. The deep state operatives responsible for this crime are being protected at the highest levels of government. Patriotic citizens are urged to stand up and demand answers from their elected representatives. This is not a conspiracy theory — this is documented fact that they are hiding from the public. The truth will come out and when it does the globalists will have nowhere to run.,Government News,2021-02-18
George Soros caught funding mass migration to destroy Western culture,Whistleblowers inside the agency have come forward to confirm that george soros caught funding mass migration to destroy western culture. The deep state operatives responsible for this crime are being protected at the highest levels of government. Patriotic citizens are urged to stand up and demand answers from their elected representatives. This is not a conspiracy theory — this is documented fact that they are hiding from the public. The truth will come out and when it does the globalists will have nowhere to run.,politicsNews,2018-09-10
Big Pharma suppressing cancer cure for decades to make profits,An anonymous source with direct knowledge of the situation has confirmed that big pharma suppressing cancer cure for decades to make profits. The mainstream media cartel refuses to cover this bombshell story because they are complicit. Fact-checkers have already labeled this story as false — which is exactly what they do to hide truth. Real patriots already know the truth. The elite are running scared as this information goes viral. SHARE THIS NOW before Big Tech buries it! This is the information they are terrified of you knowing.,News,2018-02-07
Deep state plotting to assassinate president claims insider,URGENT: Multiple credible insiders have independently verified that deep state plotting to assassinate president claims insider. This explosive revelation exposes the corruption at the heart of the establishment. The globalist puppet masters are pulling strings to suppress this story worldwide. Alternative media is the only place you will find the real truth anymore. Our founding fathers warned us about exactly this kind of tyranny. The time to wake up is NOW.,worldnews,2017-07-15
Pope Francis secretly endorses presidential candidate,"According to unnamed sources close to the situation, what mainstream media won't tell you is that pope francis secretly endorses presidential candidate. Our trusted insider, who cannot be named for their safety, confirmed this shocking revelation. The government has been working overtime to suppress this information. Share before it gets deleted! Independent researchers have long suspected this but were silenced by the establishment. The evidence is overwhelming yet the lamestream media refuses to report it. Wake up sheeple!",politicsNews,2023-06-10
Bill Clinton admits moon landing staged to win space race,Whistleblowers inside the agency have come forward to confirm that bill clinton admits moon landing staged to win space race. The deep state operatives responsible for this crime are being protected at the highest levels of government. Patriotic citizens are urged to stand up and demand answers from their elected representatives. This is not a conspiracy theory — this is documented fact that they are hiding from the public. The truth will come out and when it does the globalists will have nowhere to run.,left-news,2021-03-23
Epstein alive in witness protection says anonymous FBI source,"According to unnamed sources close to the situation, what mainstream media won't tell you is that epstein alive in witness protection says anonymous fbi source. Our trusted insider, who cannot be named for their safety, confirmed this shocking revelation. The government has been working overtime to suppress this information. Share before it gets deleted! Independent researchers have long suspected this but were silenced by the establishment. The evidence is overwhelming yet the lamestream media refuses to report it. Wake up sheeple!",worldnews,2018-12-05
Bill Clinton admits moon landing staged to win space race,BREAKING — A leaked document obtained by this publication proves that bill clinton admits moon landing staged to win space race. Officials deny any knowledge of the situation but sources say otherwise. This is the story they don't want you to see. Thousands of accounts spreading this news are being shadow-banned. Do your own research. The truth is out there but you have to look beyond the mainstream narrative. Forward this to everyone you know before censorship takes this down.,worldnews,2019-03-03
FDA approved poison in cereal brands given to children,"According to unnamed sources close to the situation, what mainstream media won't tell you is that fda approved poison in cereal brands given to children. Our trusted insider, who cannot be named for their safety, confirmed this shocking revelation. The government has been working overtime to suppress this information. Share before it gets deleted! Independent researchers have long suspected this but were silenced by the establishment. The evidence is overwhelming yet the lamestream media refuses to report it. Wake up sheeple!",politicsNews,2023-07-02
Secret tunnels under White House used for trafficking ring,"According to unnamed sources close to the situation, what mainstream media won't tell you is that secret tunnels under white house used for trafficking ring. Our trusted insider, who cannot be named for their safety, confirmed this shocking revelation. The government has been working overtime to suppress this information. Share before it gets deleted! Independent researchers have long suspected this but were silenced by the establishment. The evidence is overwhelming yet the lamestream media refuses to report it. Wake up sheeple!",Government News,2016-08-04
Obama planned to declare martial law before 2016 election,"According to unnamed sources close to the situation, what mainstream media won't tell you is that obama planned to declare martial law before 2016 election. Our trusted insider, who cannot be named for their safety, confirmed this shocking revelation. The government has been working overtime to suppress this information. Share before it gets deleted! Independent researchers have long suspected this but were silenced by the establishment. The evidence is overwhelming yet the lamestream media refuses to report it. Wake up sheeple!",News,2016-02-26
Fluoride in water supply is mind-control chemical says whistleblower,URGENT: Multiple credible insiders have independently verified that fluoride in water supply is mind-control chemical says whistleblower. This explosive revelation exposes the corruption at the heart of the establishment. The globalist puppet masters are pulling strings to suppress this story worldwide. Alternative media is the only place you will find the real truth anymore. Our founding fathers warned us about exactly this kind of tyranny. The time to wake up is NOW.,politics,2019-03-22
"Russia hacks US election server in real time, whistleblower says","According to unnamed sources close to the situation, what mainstream media won't tell you is that russia hacks us election server in real time, whistleblower says. Our trusted insider, who cannot be named for their safety, confirmed this shocking revelation. The government has been working overtime to suppress this information. Share before it gets deleted! Independent researchers have long suspected this but were silenced by the establishment. The evidence is overwhelming yet the lamestream media refuses to report it. Wake up sheeple!",worldnews,2020-10-12
"Russia hacks US election server in real time, whistleblower says","BREAKING — A leaked document obtained by this publication proves that russia hacks us election server in real time, whistleblower says. Officials deny any knowledge of the situation but sources say otherwise. This is the story they don't want you to see. Thousands of accounts spreading this news are being shadow-banned. Do your own research. The truth is out there but you have to look beyond the mainstream narrative. Forward this to everyone you know before censorship takes this down.",Government News,2019-09-19
Pope Francis secretly endorses presidential candidate,"According to unnamed sources close to the situation, what mainstream media won't tell you is that pope francis secretly endorses presidential candidate. Our trusted insider, who cannot be named for their safety, confirmed this shocking revelation. The government has been working overtime to suppress this information. Share before it gets deleted! Independent researchers have long suspected this but were silenced by the establishment. The evidence is overwhelming yet the lamestream media refuses to report it. Wake up sheeple!",politicsNews,2019-12-07
Q-Anon confirms deep state arrests imminent within 48 hours,BREAKING — A leaked document obtained by this publication proves that q-anon confirms deep state arrests imminent within 48 hours. Officials deny any knowledge of the situation but sources say otherwise. This is the story they don't want you to see. Thousands of accounts spreading this news are being shadow-banned. Do your own research. The truth is out there but you have to look beyond the mainstream narrative. Forward this to everyone you know before censorship takes this down.,politicsNews,2017-04-17
FBI whistleblower reveals JFK assassination was inside job,An anonymous source with direct knowledge of the situation has confirmed that fbi whistleblower reveals jfk assassination was inside job. The mainstream media cartel refuses to cover this bombshell story because they are complicit. Fact-checkers have already labeled this story as false — which is exactly what they do to hide truth. Real patriots already know the truth. The elite are running scared as this information goes viral. SHARE THIS NOW before Big Tech buries it! This is the information they are terrified of you knowing.,Government News,2018-08-22
Clinton emails reveal plan for New World Order takeover,BREAKING — A leaked document obtained by this publication proves that clinton emails reveal plan for new world order takeover. Officials deny any knowledge of the situation but sources say otherwise. This is the story they don't want you to see. Thousands of accounts spreading this news are being shadow-banned. Do your own research. The truth is out there but you have to look beyond the mainstream narrative. Forward this to everyone you know before censorship takes this down.,left-news,2022-04-17
New study shows masks cause more deaths than COVID itself,An anonymous source with direct knowledge of the situation has confirmed that new study shows masks cause more deaths than covid itself. The mainstream media cartel refuses to cover this bombshell story because they are complicit. Fact-checkers have already labeled this story as false — which is exactly what they do to hide truth. Real patriots already know the truth. The elite are running scared as this information goes viral. SHARE THIS NOW before Big Tech buries it! This is the information they are terrified of you knowing.,News,2017-08-04
Chemotherapy cures nothing — industry invented it to steal your money,BREAKING — A leaked document obtained by this publication proves that chemotherapy cures nothing — industry invented it to steal your money. Officials deny any knowledge of the situation but sources say otherwise. This is the story they don't want you to see. Thousands of accounts spreading this news are being shadow-banned. Do your own research. The truth is out there but you have to look beyond the mainstream narrative. Forward this to everyone you know before censorship takes this down.,News,2020-09-24
Bill Gates plans to microchip every human through COVID vaccine,"According to unnamed sources close to the situation, what mainstream media won't tell you is that bill gates plans to microchip every human through covid vaccine. Our trusted insider, who cannot be named for their safety, confirmed this shocking revelation. The government has been working overtime to suppress this information. Share before it gets deleted! Independent researchers have long suspected this but were silenced by the establishment. The evidence is overwhelming yet the lamestream media refuses to report it. Wake up sheeple!",left-news,2017-07-10
"Economy about to collapse, insiders moving gold to bunkers","URGENT: Multiple credible insiders have independently verified that economy about to collapse, insiders moving gold to bunkers. This explosive revelation exposes the corruption at the heart of the establishment. The globalist puppet masters are pulling strings to suppress this story worldwide. Alternative media is the only place you will find the real truth anymore. Our founding fathers warned us about exactly this kind of tyranny. The time to wake up is NOW.",Government News,2023-04-18
Walmart tunnels are FEMA concentration camps for American citizens,Whistleblowers inside the agency have come forward to confirm that walmart tunnels are fema concentration camps for american citizens. The deep state operatives responsible for this crime are being protected at the highest levels of government. Patriotic citizens are urged to stand up and demand answers from their elected representatives. This is not a conspiracy theory — this is documented fact that they are hiding from the public. The truth will come out and when it does the globalists will have nowhere to run.,worldnews,2017-08-22
Big Pharma suppressing cancer cure for decades to make profits,BREAKING — A leaked document obtained by this publication proves that big pharma suppressing cancer cure for decades to make profits. Officials deny any knowledge of the situation but sources say otherwise. This is the story they don't want you to see. Thousands of accounts spreading this news are being shadow-banned. Do your own research. The truth is out there but you have to look beyond the mainstream narrative. Forward this to everyone you know before censorship takes this down.,Government News,2023-11-04
"UN planning to ban meat, force citizens to eat insects by 2030","An anonymous source with direct knowledge of the situation has confirmed that un planning to ban meat, force citizens to eat insects by 2030. The mainstream media cartel refuses to cover this bombshell story because they are complicit. Fact-checkers have already labeled this story as false — which is exactly what they do to hide truth. Real patriots already know the truth. The elite are running scared as this information goes viral. SHARE THIS NOW before Big Tech buries it! This is the information they are terrified of you knowing.",Government News,2017-02-05
"UN planning to ban meat, force citizens to eat insects by 2030","An anonymous source with direct knowledge of the situation has confirmed that un planning to ban meat, force citizens to eat insects by 2030. The mainstream media cartel refuses to cover this bombshell story because they are complicit. Fact-checkers have already labeled this story as false — which is exactly what they do to hide truth. Real patriots already know the truth. The elite are running scared as this information goes viral. SHARE THIS NOW before Big Tech buries it! This is the information they are terrified of you knowing.",politicsNews,2018-02-12
Secret tunnels under White House used for trafficking ring,Whistleblowers inside the agency have come forward to confirm that secret tunnels under white house used for trafficking ring. The deep state operatives responsible for this crime are being protected at the highest levels of government. Patriotic citizens are urged to stand up and demand answers from their elected representatives. This is not a conspiracy theory — this is documented fact that they are hiding from the public. The truth will come out and when it does the globalists will have nowhere to run.,politics,2022-02-08
FDA approved poison in cereal brands given to children,An anonymous source with direct knowledge of the situation has confirmed that fda approved poison in cereal brands given to children. The mainstream media cartel refuses to cover this bombshell story because they are complicit. Fact-checkers have already labeled this story as false — which is exactly what they do to hide truth. Real patriots already know the truth. The elite are running scared as this information goes viral. SHARE THIS NOW before Big Tech buries it! This is the information they are terrified of you knowing.,Government News,2020-11-13
"Russia hacks US election server in real time, whistleblower says","An anonymous source with direct knowledge of the situation has confirmed that russia hacks us election server in real time, whistleblower says. The mainstream media cartel refuses to cover this bombshell story because they are complicit. Fact-checkers have already labeled this story as false — which is exactly what they do to hide truth. Real patriots already know the truth. The elite are running scared as this information goes viral. SHARE THIS NOW before Big Tech buries it! This is the information they are terrified of you knowing.",left-news,2023-09-09
Deep state plotting to assassinate president claims insider,An anonymous source with direct knowledge of the situation has confirmed that deep state plotting to assassinate president claims insider. The mainstream media cartel refuses to cover this bombshell story because they are complicit. Fact-checkers have already labeled this story as false — which is exactly what they do to hide truth. Real patriots already know the truth. The elite are running scared as this information goes viral. SHARE THIS NOW before Big Tech buries it! This is the information they are terrified of you knowing.,politicsNews,2020-08-16
New study shows masks cause more deaths than COVID itself,BREAKING — A leaked document obtained by this publication proves that new study shows masks cause more deaths than covid itself. Officials deny any knowledge of the situation but sources say otherwise. This is the story they don't want you to see. Thousands of accounts spreading this news are being shadow-banned. Do your own research. The truth is out there but you have to look beyond the mainstream narrative. Forward this to everyone you know before censorship takes this down.,politicsNews,2016-02-16
New 5G antenna towers secretly contain surveillance cameras,"According to unnamed sources close to the situation, what mainstream media won't tell you is that new 5g antenna towers secretly contain surveillance cameras. Our trusted insider, who cannot be named for their safety, confirmed this shocking revelation. The government has been working overtime to suppress this information. Share before it gets deleted! Independent researchers have long suspected this but were silenced by the establishment. The evidence is overwhelming yet the lamestream media refuses to report it. Wake up sheeple!",left-news,2021-03-10
Covid-19 created in lab to usher in Great Reset admits Nobel scientist,URGENT: Multiple credible insiders have independently verified that covid-19 created in lab to usher in great reset admits nobel scientist. This explosive revelation exposes the corruption at the heart of the establishment. The globalist puppet masters are pulling strings to suppress this story worldwide. Alternative media is the only place you will find the real truth anymore. Our founding fathers warned us about exactly this kind of tyranny. The time to wake up is NOW.,politicsNews,2023-08-07
Q-Anon confirms deep state arrests imminent within 48 hours,An anonymous source with direct knowledge of the situation has confirmed that q-anon confirms deep state arrests imminent within 48 hours. The mainstream media cartel refuses to cover this bombshell story because they are complicit. Fact-checkers have already labeled this story as false — which is exactly what they do to hide truth. Real patriots already know the truth. The elite are running scared as this information goes viral. SHARE THIS NOW before Big Tech buries it! This is the information they are terrified of you knowing.,politics,2020-09-11
Elon Musk's Neuralink is secretly harvesting human thoughts,URGENT: Multiple credible insiders have independently verified that elon musk's neuralink is secretly harvesting human thoughts. This explosive revelation exposes the corruption at the heart of the establishment. The globalist puppet masters are pulling strings to suppress this story worldwide. Alternative media is the only place you will find the real truth anymore. Our founding fathers warned us about exactly this kind of tyranny. The time to wake up is NOW.,politicsNews,2022-02-13
Prince Harry reveals royal family are shapeshifting reptilians,Whistleblowers inside the agency have come forward to confirm that prince harry reveals royal family are shapeshifting reptilians. The deep state operatives responsible for this crime are being protected at the highest levels of government. Patriotic citizens are urged to stand up and demand answers from their elected representatives. This is not a conspiracy theory — this is documented fact that they are hiding from the public. The truth will come out and when it does the globalists will have nowhere to run.,left-news,2023-01-02
Pentagon UFO footage shows alien crafts over Washington DC,URGENT: Multiple credible insiders have independently verified that pentagon ufo footage shows alien crafts over washington dc. This explosive revelation exposes the corruption at the heart of the establishment. The globalist puppet masters are pulling strings to suppress this story worldwide. Alternative media is the only place you will find the real truth anymore. Our founding fathers warned us about exactly this kind of tyranny. The time to wake up is NOW.,Government News,2018-08-14
George Soros funding antifa to start civil war,Whistleblowers inside the agency have come forward to confirm that george soros funding antifa to start civil war. The deep state operatives responsible for this crime are being protected at the highest levels of government. Patriotic citizens are urged to stand up and demand answers from their elected representatives. This is not a conspiracy theory — this is documented fact that they are hiding from the public. The truth will come out and when it does the globalists will have nowhere to run.,left-news,2017-10-22
Liberal elite planning to steal your guns using fake school shootings,URGENT: Multiple credible insiders have independently verified that liberal elite planning to steal your guns using fake school shootings. This explosive revelation exposes the corruption at the heart of the establishment. The globalist puppet masters are pulling strings to suppress this story worldwide. Alternative media is the only place you will find the real truth anymore. Our founding fathers warned us about exactly this kind of tyranny. The time to wake up is NOW.,politics,2023-08-18
Doctors confirm COVID-19 vaccine turns people magnetic,URGENT: Multiple credible insiders have independently verified that doctors confirm covid-19 vaccine turns people magnetic. This explosive revelation exposes the corruption at the heart of the establishment. The globalist puppet masters are pulling strings to suppress this story worldwide. Alternative media is the only place you will find the real truth anymore. Our founding fathers warned us about exactly this kind of tyranny. The time to wake up is NOW.,left-news,2020-08-19
Hollywood elites caught performing satanic rituals in leaked video,URGENT: Multiple credible insiders have independently verified that hollywood elites caught performing satanic rituals in leaked video. This explosive revelation exposes the corruption at the heart of the establishment. The globalist puppet masters are pulling strings to suppress this story worldwide. Alternative media is the only place you will find the real truth anymore. Our founding fathers warned us about exactly this kind of tyranny. The time to wake up is NOW.,News,2021-01-01
George Soros caught funding mass migration to destroy Western culture,"According to unnamed sources close to the situation, what mainstream media won't tell you is that george soros caught funding mass migration to destroy western culture. Our trusted insider, who cannot be named for their safety, confirmed this shocking revelation. The government has been working overtime to suppress this information. Share before it gets deleted! Independent researchers have long suspected this but were silenced by the establishment. The evidence is overwhelming yet the lamestream media refuses to report it. Wake up sheeple!",News,2021-12-19
Government admits to spraying chemtrails to control population,Whistleblowers inside the agency have come forward to confirm that government admits to spraying chemtrails to control population. The deep state operatives responsible for this crime are being protected at the highest levels of government. Patriotic citizens are urged to stand up and demand answers from their elected representatives. This is not a conspiracy theory — this is documented fact that they are hiding from the public. The truth will come out and when it does the globalists will have nowhere to run.,politicsNews,2022-06-12
Walmart tunnels are FEMA concentration camps for American citizens,Whistleblowers inside the agency have come forward to confirm that walmart tunnels are fema concentration camps for american citizens. The deep state operatives responsible for this crime are being protected at the highest levels of government. Patriotic citizens are urged to stand up and demand answers from their elected representatives. This is not a conspiracy theory — this is documented fact that they are hiding from the public. The truth will come out and when it does the globalists will have nowhere to run.,Government News,2019-04-08
Deep state agents infiltrated school boards across America,Whistleblowers inside the agency have come forward to confirm that deep state agents infiltrated school boards across america. The deep state operatives responsible for this crime are being protected at the highest levels of government. Patriotic citizens are urged to stand up and demand answers from their elected representatives. This is not a conspiracy theory — this is documented fact that they are hiding from the public. The truth will come out and when it does the globalists will have nowhere to run.,politicsNews,2017-05-04
Breaking: Major city water supply contaminated with mind-altering drug,BREAKING — A leaked document obtained by this publication proves that breaking: major city water supply contaminated with mind-altering drug. Officials deny any knowledge of the situation but sources say otherwise. This is the story they don't want you to see. Thousands of accounts spreading this news are being shadow-banned. Do your own research. The truth is out there but you have to look beyond the mainstream narrative. Forward this to everyone you know before censorship takes this down.,politics,2021-01-15
Shadow government running secret operations beneath major airports,An anonymous source with direct knowledge of the situation has confirmed that shadow government running secret operations beneath major airports. The mainstream media cartel refuses to cover this bombshell story because they are complicit. Fact-checkers have already labeled this story as false — which is exactly what they do to hide truth. Real patriots already know the truth. The elite are running scared as this information goes viral. SHARE THIS NOW before Big Tech buries it! This is the information they are terrified of you knowing.,politics,2022-05-01
Bill Clinton admits moon landing staged to win space race,An anonymous source with direct knowledge of the situation has confirmed that bill clinton admits moon landing staged to win space race. The mainstream media cartel refuses to cover this bombshell story because they are complicit. Fact-checkers have already labeled this story as false — which is exactly what they do to hide truth. Real patriots already know the truth. The elite are running scared as this information goes viral. SHARE THIS NOW before Big Tech buries it! This is the information they are terrified of you knowing.,politicsNews,2021-07-19
Hollywood elites caught performing satanic rituals in leaked video,Whistleblowers inside the agency have come forward to confirm that hollywood elites caught performing satanic rituals in leaked video. The deep state operatives responsible for this crime are being protected at the highest levels of government. Patriotic citizens are urged to stand up and demand answers from their elected representatives. This is not a conspiracy theory — this is documented fact that they are hiding from the public. The truth will come out and when it does the globalists will have nowhere to run.,politicsNews,2023-02-23
New 5G antenna towers secretly contain surveillance cameras,BREAKING — A leaked document obtained by this publication proves that new 5g antenna towers secretly contain surveillance cameras. Officials deny any knowledge of the situation but sources say otherwise. This is the story they don't want you to see. Thousands of accounts spreading this news are being shadow-banned. Do your own research. The truth is out there but you have to look beyond the mainstream narrative. Forward this to everyone you know before censorship takes this down.,left-news,2021-03-20
Epstein alive in witness protection says anonymous FBI source,Whistleblowers inside the agency have come forward to confirm that epstein alive in witness protection says anonymous fbi source. The deep state operatives responsible for this crime are being protected at the highest levels of government. Patriotic citizens are urged to stand up and demand answers from their elected representatives. This is not a conspiracy theory — this is documented fact that they are hiding from the public. The truth will come out and when it does the globalists will have nowhere to run.,worldnews,2023-11-28
Pope Francis secretly endorses presidential candidate,URGENT: Multiple credible insiders have independently verified that pope francis secretly endorses presidential candidate. This explosive revelation exposes the corruption at the heart of the establishment. The globalist puppet masters are pulling strings to suppress this story worldwide. Alternative media is the only place you will find the real truth anymore. Our founding fathers warned us about exactly this kind of tyranny. The time to wake up is NOW.,News,2020-01-10
Secret documents show GMO foods cause cancer in 10 years,An anonymous source with direct knowledge of the situation has confirmed that secret documents show gmo foods cause cancer in 10 years. The mainstream media cartel refuses to cover this bombshell story because they are complicit. Fact-checkers have already labeled this story as false — which is exactly what they do to hide truth. Real patriots already know the truth. The elite are running scared as this information goes viral. SHARE THIS NOW before Big Tech buries it! This is the information they are terrified of you knowing.,politics,2017-12-28
George Soros caught funding mass migration to destroy Western culture,"According to unnamed sources close to the situation, what mainstream media won't tell you is that george soros caught funding mass migration to destroy western culture. Our trusted insider, who cannot be named for their safety, confirmed this shocking revelation. The government has been working overtime to suppress this information. Share before it gets deleted! Independent researchers have long suspected this but were silenced by the establishment. The evidence is overwhelming yet the lamestream media refuses to report it. Wake up sheeple!",News,2020-02-19
Chemotherapy cures nothing — industry invented it to steal your money,An anonymous source with direct knowledge of the situation has confirmed that chemotherapy cures nothing — industry invented it to steal your money. The mainstream media cartel refuses to cover this bombshell story because they are complicit. Fact-checkers have already labeled this story as false — which is exactly what they do to hide truth. Real patriots already know the truth. The elite are running scared as this information goes viral. SHARE THIS NOW before Big Tech buries it! This is the information they are terrified of you knowing.,worldnews,2021-02-21
Epstein alive in witness protection says anonymous FBI source,URGENT: Multiple credible insiders have independently verified that epstein alive in witness protection says anonymous fbi source. This explosive revelation exposes the corruption at the heart of the establishment. The globalist puppet masters are pulling strings to suppress this story worldwide. Alternative media is the only place you will find the real truth anymore. Our founding fathers warned us about exactly this kind of tyranny. The time to wake up is NOW.,left-news,2021-04-14
"UN planning to ban meat, force citizens to eat insects by 2030","Whistleblowers inside the agency have come forward to confirm that un planning to ban meat, force citizens to eat insects by 2030. The deep state operatives responsible for this crime are being protected at the highest levels of government. Patriotic citizens are urged to stand up and demand answers from their elected representatives. This is not a conspiracy theory — this is documented fact that they are hiding from the public. The truth will come out and when it does the globalists will have nowhere to run.",politics,2023-11-25
World leaders filmed at satanic ritual at Bohemian Grove,BREAKING — A leaked document obtained by this publication proves that world leaders filmed at satanic ritual at bohemian grove. Officials deny any knowledge of the situation but sources say otherwise. This is the story they don't want you to see. Thousands of accounts spreading this news are being shadow-banned. Do your own research. The truth is out there but you have to look beyond the mainstream narrative. Forward this to everyone you know before censorship takes this down.,Government News,2018-10-16
Earthquake machine HAARP caused Turkey disaster on purpose,An anonymous source with direct knowledge of the situation has confirmed that earthquake machine haarp caused turkey disaster on purpose. The mainstream media cartel refuses to cover this bombshell story because they are complicit. Fact-checkers have already labeled this story as false — which is exactly what they do to hide truth. Real patriots already know the truth. The elite are running scared as this information goes viral. SHARE THIS NOW before Big Tech buries it! This is the information they are terrified of you knowing.,Government News,2022-10-24
Elites using Hollywood movies to program the public for agenda,"According to unnamed sources close to the situation, what mainstream media won't tell you is that elites using hollywood movies to program the public for agenda. Our trusted insider, who cannot be named for their safety, confirmed this shocking revelation. The government has been working overtime to suppress this information. Share before it gets deleted! Independent researchers have long suspected this but were silenced by the establishment. The evidence is overwhelming yet the lamestream media refuses to report it. Wake up sheeple!",worldnews,2021-08-05
CIA admits using mainstream media to spread propaganda for decades,BREAKING — A leaked document obtained by this publication proves that cia admits using mainstream media to spread propaganda for decades. Officials deny any knowledge of the situation but sources say otherwise. This is the story they don't want you to see. Thousands of accounts spreading this news are being shadow-banned. Do your own research. The truth is out there but you have to look beyond the mainstream narrative. Forward this to everyone you know before censorship takes this down.,left-news,2022-06-28
Pope Francis secretly endorses presidential candidate,BREAKING — A leaked document obtained by this publication proves that pope francis secretly endorses presidential candidate. Officials deny any knowledge of the situation but sources say otherwise. This is the story they don't want you to see. Thousands of accounts spreading this news are being shadow-banned. Do your own research. The truth is out there but you have to look beyond the mainstream narrative. Forward this to everyone you know before censorship takes this down.,News,2020-11-06
Obama planned to declare martial law before 2016 election,URGENT: Multiple credible insiders have independently verified that obama planned to declare martial law before 2016 election. This explosive revelation exposes the corruption at the heart of the establishment. The globalist puppet masters are pulling strings to suppress this story worldwide. Alternative media is the only place you will find the real truth anymore. Our founding fathers warned us about exactly this kind of tyranny. The time to wake up is NOW.,left-news,2019-02-05
Secret tunnels under White House used for trafficking ring,"According to unnamed sources close to the situation, what mainstream media won't tell you is that secret tunnels under white house used for trafficking ring. Our trusted insider, who cannot be named for their safety, confirmed this shocking revelation. The government has been working overtime to suppress this information. Share before it gets deleted! Independent researchers have long suspected this but were silenced by the establishment. The evidence is overwhelming yet the lamestream media refuses to report it. Wake up sheeple!",News,2023-08-18
FDA approved poison in cereal brands given to children,An anonymous source with direct knowledge of the situation has confirmed that fda approved poison in cereal brands given to children. The mainstream media cartel refuses to cover this bombshell story because they are complicit. Fact-checkers have already labeled this story as false — which is exactly what they do to hide truth. Real patriots already know the truth. The elite are running scared as this information goes viral. SHARE THIS NOW before Big Tech buries it! This is the information they are terrified of you knowing.,worldnews,2018-05-05
Government admits to spraying chemtrails to control population,Whistleblowers inside the agency have come forward to confirm that government admits to spraying chemtrails to control population. The deep state operatives responsible for this crime are being protected at the highest levels of government. Patriotic citizens are urged to stand up and demand answers from their elected representatives. This is not a conspiracy theory — this is documented fact that they are hiding from the public. The truth will come out and when it does the globalists will have nowhere to run.,Government News,2018-11-28
Bill Gates plans to microchip every human through COVID vaccine,An anonymous source with direct knowledge of the situation has confirmed that bill gates plans to microchip every human through covid vaccine. The mainstream media cartel refuses to cover this bombshell story because they are complicit. Fact-checkers have already labeled this story as false — which is exactly what they do to hide truth. Real patriots already know the truth. The elite are running scared as this information goes viral. SHARE THIS NOW before Big Tech buries it! This is the information they are terrified of you knowing.,politicsNews,2017-06-20
Epstein alive in witness protection says anonymous FBI source,"According to unnamed sources close to the situation, what mainstream media won't tell you is that epstein alive in witness protection says anonymous fbi source. Our trusted insider, who cannot be named for their safety, confirmed this shocking revelation. The government has been working overtime to suppress this information. Share before it gets deleted! Independent researchers have long suspected this but were silenced by the establishment. The evidence is overwhelming yet the lamestream media refuses to report it. Wake up sheeple!",News,2017-07-27
World Economic Forum plans to abolish private property by 2030,BREAKING — A leaked document obtained by this publication proves that world economic forum plans to abolish private property by 2030. Officials deny any knowledge of the situation but sources say otherwise. This is the story they don't want you to see. Thousands of accounts spreading this news are being shadow-banned. Do your own research. The truth is out there but you have to look beyond the mainstream narrative. Forward this to everyone you know before censorship takes this down.,politicsNews,2017-09-22
George Soros caught funding mass migration to destroy Western culture,URGENT: Multiple credible insiders have independently verified that george soros caught funding mass migration to destroy western culture. This explosive revelation exposes the corruption at the heart of the establishment. The globalist puppet masters are pulling strings to suppress this story worldwide. Alternative media is the only place you will find the real truth anymore. Our founding fathers warned us about exactly this kind of tyranny. The time to wake up is NOW.,left-news,2017-04-20
Fluoride in water supply is mind-control chemical says whistleblower,Whistleblowers inside the agency have come forward to confirm that fluoride in water supply is mind-control chemical says whistleblower. The deep state operatives responsible for this crime are being protected at the highest levels of government. Patriotic citizens are urged to stand up and demand answers from their elected representatives. This is not a conspiracy theory — this is documented fact that they are hiding from the public. The truth will come out and when it does the globalists will have nowhere to run.,politics,2022-12-24
CIA admits using mainstream media to spread propaganda for decades,An anonymous source with direct knowledge of the situation has confirmed that cia admits using mainstream media to spread propaganda for decades. The mainstream media cartel refuses to cover this bombshell story because they are complicit. Fact-checkers have already labeled this story as false — which is exactly what they do to hide truth. Real patriots already know the truth. The elite are running scared as this information goes viral. SHARE THIS NOW before Big Tech buries it! This is the information they are terrified of you knowing.,worldnews,2017-03-07
Rockefellers paid scientists to invent climate change hoax,An anonymous source with direct knowledge of the situation has confirmed that rockefellers paid scientists to invent climate change hoax. The mainstream media cartel refuses to cover this bombshell story because they are complicit. Fact-checkers have already labeled this story as false — which is exactly what they do to hide truth. Real patriots already know the truth. The elite are running scared as this information goes viral. SHARE THIS NOW before Big Tech buries it! This is the information they are terrified of you knowing.,News,2016-08-18
Big Pharma suppressing cancer cure for decades to make profits,"According to unnamed sources close to the situation, what mainstream media won't tell you is that big pharma suppressing cancer cure for decades to make profits. Our trusted insider, who cannot be named for their safety, confirmed this shocking revelation. The government has been working overtime to suppress this information. Share before it gets deleted! Independent researchers have long suspected this but were silenced by the establishment. The evidence is overwhelming yet the lamestream media refuses to report it. Wake up sheeple!",politics,2022-08-22
CIA admits using mainstream media to spread propaganda for decades,Whistleblowers inside the agency have come forward to confirm that cia admits using mainstream media to spread propaganda for decades. The deep state operatives responsible for this crime are being protected at the highest levels of government. Patriotic citizens are urged to stand up and demand answers from their elected representatives. This is not a conspiracy theory — this is documented fact that they are hiding from the public. The truth will come out and when it does the globalists will have nowhere to run.,News,2023-12-12
Epstein alive in witness protection says anonymous FBI source,"According to unnamed sources close to the situation, what mainstream media won't tell you is that epstein alive in witness protection says anonymous fbi source. Our trusted insider, who cannot be named for their safety, confirmed this shocking revelation. The government has been working overtime to suppress this information. Share before it gets deleted! Independent researchers have long suspected this but were silenced by the establishment. The evidence is overwhelming yet the lamestream media refuses to report it. Wake up sheeple!",politicsNews,2016-12-26
Shadow government running secret operations beneath major airports,BREAKING — A leaked document obtained by this publication proves that shadow government running secret operations beneath major airports. Officials deny any knowledge of the situation but sources say otherwise. This is the story they don't want you to see. Thousands of accounts spreading this news are being shadow-banned. Do your own research. The truth is out there but you have to look beyond the mainstream narrative. Forward this to everyone you know before censorship takes this down.,politics,2022-05-21
Bill Clinton admits moon landing staged to win space race,Whistleblowers inside the agency have come forward to confirm that bill clinton admits moon landing staged to win space race. The deep state operatives responsible for this crime are being protected at the highest levels of government. Patriotic citizens are urged to stand up and demand answers from their elected representatives. This is not a conspiracy theory — this is documented fact that they are hiding from the public. The truth will come out and when it does the globalists will have nowhere to run.,politics,2019-08-13
SHOCKING: Scientists discover that 5G towers control human minds,An anonymous source with direct knowledge of the situation has confirmed that shocking: scientists discover that 5g towers control human minds. The mainstream media cartel refuses to cover this bombshell story because they are complicit. Fact-checkers have already labeled this story as false — which is exactly what they do to hide truth. Real patriots already know the truth. The elite are running scared as this information goes viral. SHARE THIS NOW before Big Tech buries it! This is the information they are terrified of you knowing.,News,2017-04-10
Earthquake machine HAARP caused Turkey disaster on purpose,BREAKING — A leaked document obtained by this publication proves that earthquake machine haarp caused turkey disaster on purpose. Officials deny any knowledge of the situation but sources say otherwise. This is the story they don't want you to see. Thousands of accounts spreading this news are being shadow-banned. Do your own research. The truth is out there but you have to look beyond the mainstream narrative. Forward this to everyone you know before censorship takes this down.,Government News,2021-11-14
Bill Gates plans to microchip every human through COVID vaccine,Whistleblowers inside the agency have come forward to confirm that bill gates plans to microchip every human through covid vaccine. The deep state operatives responsible for this crime are being protected at the highest levels of government. Patriotic citizens are urged to stand up and demand answers from their elected representatives. This is not a conspiracy theory — this is documented fact that they are hiding from the public. The truth will come out and when it does the globalists will have nowhere to run.,left-news,2023-12-14
Breaking: Major city water supply contaminated with mind-altering drug,An anonymous source with direct knowledge of the situation has confirmed that breaking: major city water supply contaminated with mind-altering drug. The mainstream media cartel refuses to cover this bombshell story because they are complicit. Fact-checkers have already labeled this story as false — which is exactly what they do to hide truth. Real patriots already know the truth. The elite are running scared as this information goes viral. SHARE THIS NOW before Big Tech buries it! This is the information they are terrified of you knowing.,worldnews,2020-09-03
"Russia hacks US election server in real time, whistleblower says","An anonymous source with direct knowledge of the situation has confirmed that russia hacks us election server in real time, whistleblower says. The mainstream media cartel refuses to cover this bombshell story because they are complicit. Fact-checkers have already labeled this story as false — which is exactly what they do to hide truth. Real patriots already know the truth. The elite are running scared as this information goes viral. SHARE THIS NOW before Big Tech buries it! This is the information they are terrified of you knowing.",Government News,2021-08-23
Government admits to spraying chemtrails to control population,"According to unnamed sources close to the situation, what mainstream media won't tell you is that government admits to spraying chemtrails to control population. Our trusted insider, who cannot be named for their safety, confirmed this shocking revelation. The government has been working overtime to suppress this information. Share before it gets deleted! Independent researchers have long suspected this but were silenced by the establishment. The evidence is overwhelming yet the lamestream media refuses to report it. Wake up sheeple!",Government News,2023-11-05
SHOCKING: Scientists discover that 5G towers control human minds,An anonymous source with direct knowledge of the situation has confirmed that shocking: scientists discover that 5g towers control human minds. The mainstream media cartel refuses to cover this bombshell story because they are complicit. Fact-checkers have already labeled this story as false — which is exactly what they do to hide truth. Real patriots already know the truth. The elite are running scared as this information goes viral. SHARE THIS NOW before Big Tech buries it! This is the information they are terrified of you knowing.,Government News,2020-06-19
Aliens have landed in Arizona and government is hiding the truth,"According to unnamed sources close to the situation, what mainstream media won't tell you is that aliens have landed in arizona and government is hiding the truth. Our trusted insider, who cannot be named for their safety, confirmed this shocking revelation. The government has been working overtime to suppress this information. Share before it gets deleted! Independent researchers have long suspected this but were silenced by the establishment. The evidence is overwhelming yet the lamestream media refuses to report it. Wake up sheeple!",worldnews,2018-10-22
Walmart tunnels are FEMA concentration camps for American citizens,Whistleblowers inside the agency have come forward to confirm that walmart tunnels are fema concentration camps for american citizens. The deep state operatives responsible for this crime are being protected at the highest levels of government. Patriotic citizens are urged to stand up and demand answers from their elected representatives. This is not a conspiracy theory — this is documented fact that they are hiding from the public. The truth will come out and when it does the globalists will have nowhere to run.,left-news,2018-05-06
New 5G antenna towers secretly contain surveillance cameras,URGENT: Multiple credible insiders have independently verified that new 5g antenna towers secretly contain surveillance cameras. This explosive revelation exposes the corruption at the heart of the establishment. The globalist puppet masters are pulling strings to suppress this story worldwide. Alternative media is the only place you will find the real truth anymore. Our founding fathers warned us about exactly this kind of tyranny. The time to wake up is NOW.,News,2019-02-14
Big Pharma suppressing cancer cure for decades to make profits,BREAKING — A leaked document obtained by this publication proves that big pharma suppressing cancer cure for decades to make profits. Officials deny any knowledge of the situation but sources say otherwise. This is the story they don't want you to see. Thousands of accounts spreading this news are being shadow-banned. Do your own research. The truth is out there but you have to look beyond the mainstream narrative. Forward this to everyone you know before censorship takes this down.,left-news,2019-01-01
World leaders filmed at satanic ritual at Bohemian Grove,URGENT: Multiple credible insiders have independently verified that world leaders filmed at satanic ritual at bohemian grove. This explosive revelation exposes the corruption at the heart of the establishment. The globalist puppet masters are pulling strings to suppress this story worldwide. Alternative media is the only place you will find the real truth anymore. Our founding fathers warned us about exactly this kind of tyranny. The time to wake up is NOW.,politicsNews,2023-04-09
Bill Clinton admits moon landing staged to win space race,BREAKING — A leaked document obtained by this publication proves that bill clinton admits moon landing staged to win space race. Officials deny any knowledge of the situation but sources say otherwise. This is the story they don't want you to see. Thousands of accounts spreading this news are being shadow-banned. Do your own research. The truth is out there but you have to look beyond the mainstream narrative. Forward this to everyone you know before censorship takes this down.,left-news,2022-10-09
Deep state plotting to assassinate president claims insider,"According to unnamed sources close to the situation, what mainstream media won't tell you is that deep state plotting to assassinate president claims insider. Our trusted insider, who cannot be named for their safety, confirmed this shocking revelation. The government has been working overtime to suppress this information. Share before it gets deleted! Independent researchers have long suspected this but were silenced by the establishment. The evidence is overwhelming yet the lamestream media refuses to report it. Wake up sheeple!",worldnews,2017-01-23
Chemotherapy cures nothing — industry invented it to steal your money,An anonymous source with direct knowledge of the situation has confirmed that chemotherapy cures nothing — industry invented it to steal your money. The mainstream media cartel refuses to cover this bombshell story because they are complicit. Fact-checkers have already labeled this story as false — which is exactly what they do to hide truth. Real patriots already know the truth. The elite are running scared as this information goes viral. SHARE THIS NOW before Big Tech buries it! This is the information they are terrified of you knowing.,Government News,2023-02-08
FBI whistleblower reveals JFK assassination was inside job,BREAKING — A leaked document obtained by this publication proves that fbi whistleblower reveals jfk assassination was inside job. Officials deny any knowledge of the situation but sources say otherwise. This is the story they don't want you to see. Thousands of accounts spreading this news are being shadow-banned. Do your own research. The truth is out there but you have to look beyond the mainstream narrative. Forward this to everyone you know before censorship takes this down.,News,2020-12-16
Hollywood elites caught performing satanic rituals in leaked video,BREAKING — A leaked document obtained by this publication proves that hollywood elites caught performing satanic rituals in leaked video. Officials deny any knowledge of the situation but sources say otherwise. This is the story they don't want you to see. Thousands of accounts spreading this news are being shadow-banned. Do your own research. The truth is out there but you have to look beyond the mainstream narrative. Forward this to everyone you know before censorship takes this down.,worldnews,2019-05-24
New 5G antenna towers secretly contain surveillance cameras,BREAKING — A leaked document obtained by this publication proves that new 5g antenna towers secretly contain surveillance cameras. Officials deny any knowledge of the situation but sources say otherwise. This is the story they don't want you to see. Thousands of accounts spreading this news are being shadow-banned. Do your own research. The truth is out there but you have to look beyond the mainstream narrative. Forward this to everyone you know before censorship takes this down.,worldnews,2022-03-01
Q-Anon confirms deep state arrests imminent within 48 hours,Whistleblowers inside the agency have come forward to confirm that q-anon confirms deep state arrests imminent within 48 hours. The deep state operatives responsible for this crime are being protected at the highest levels of government. Patriotic citizens are urged to stand up and demand answers from their elected representatives. This is not a conspiracy theory — this is documented fact that they are hiding from the public. The truth will come out and when it does the globalists will have nowhere to run.,politics,2023-04-12
George Soros caught funding mass migration to destroy Western culture,An anonymous source with direct knowledge of the situation has confirmed that george soros caught funding mass migration to destroy western culture. The mainstream media cartel refuses to cover this bombshell story because they are complicit. Fact-checkers have already labeled this story as false — which is exactly what they do to hide truth. Real patriots already know the truth. The elite are running scared as this information goes viral. SHARE THIS NOW before Big Tech buries it! This is the information they are terrified of you knowing.,politicsNews,2023-03-28
EXCLUSIVE: White House chef reveals president has dementia,An anonymous source with direct knowledge of the situation has confirmed that exclusive: white house chef reveals president has dementia. The mainstream media cartel refuses to cover this bombshell story because they are complicit. Fact-checkers have already labeled this story as false — which is exactly what they do to hide truth. Real patriots already know the truth. The elite are running scared as this information goes viral. SHARE THIS NOW before Big Tech buries it! This is the information they are terrified of you knowing.,Government News,2022-12-14
Leaked Pfizer documents reveal vaccine contains aborted fetal cells,URGENT: Multiple credible insiders have independently verified that leaked pfizer documents reveal vaccine contains aborted fetal cells. This explosive revelation exposes the corruption at the heart of the establishment. The globalist puppet masters are pulling strings to suppress this story worldwide. Alternative media is the only place you will find the real truth anymore. Our founding fathers warned us about exactly this kind of tyranny. The time to wake up is NOW.,politicsNews,2017-09-02
NASA fakes moon landing — leaked documents prove hoax,Whistleblowers inside the agency have come forward to confirm that nasa fakes moon landing — leaked documents prove hoax. The deep state operatives responsible for this crime are being protected at the highest levels of government. Patriotic citizens are urged to stand up and demand answers from their elected representatives. This is not a conspiracy theory — this is documented fact that they are hiding from the public. The truth will come out and when it does the globalists will have nowhere to run.,left-news,2021-10-22
Mainstream media blackout on earthquake weapon test over California,"According to unnamed sources close to the situation, what mainstream media won't tell you is that mainstream media blackout on earthquake weapon test over california. Our trusted insider, who cannot be named for their safety, confirmed this shocking revelation. The government has been working overtime to suppress this information. Share before it gets deleted! Independent researchers have long suspected this but were silenced by the establishment. The evidence is overwhelming yet the lamestream media refuses to report it. Wake up sheeple!",News,2022-05-13
Shadow government running secret operations beneath major airports,Whistleblowers inside the agency have come forward to confirm that shadow government running secret operations beneath major airports. The deep state operatives responsible for this crime are being protected at the highest levels of government. Patriotic citizens are urged to stand up and demand answers from their elected representatives. This is not a conspiracy theory — this is documented fact that they are hiding from the public. The truth will come out and when it does the globalists will have nowhere to run.,politics,2016-10-06
Obama planned to declare martial law before 2016 election,BREAKING — A leaked document obtained by this publication proves that obama planned to declare martial law before 2016 election. Officials deny any knowledge of the situation but sources say otherwise. This is the story they don't want you to see. Thousands of accounts spreading this news are being shadow-banned. Do your own research. The truth is out there but you have to look beyond the mainstream narrative. Forward this to everyone you know before censorship takes this down.,left-news,2021-08-05
Aliens have landed in Arizona and government is hiding the truth,Whistleblowers inside the agency have come forward to confirm that aliens have landed in arizona and government is hiding the truth. The deep state operatives responsible for this crime are being protected at the highest levels of government. Patriotic citizens are urged to stand up and demand answers from their elected representatives. This is not a conspiracy theory — this is documented fact that they are hiding from the public. The truth will come out and when it does the globalists will have nowhere to run.,left-news,2018-05-04
EXCLUSIVE: White House chef reveals president has dementia,"According to unnamed sources close to the situation, what mainstream media won't tell you is that exclusive: white house chef reveals president has dementia. Our trusted insider, who cannot be named for their safety, confirmed this shocking revelation. The government has been working overtime to suppress this information. Share before it gets deleted! Independent researchers have long suspected this but were silenced by the establishment. The evidence is overwhelming yet the lamestream media refuses to report it. Wake up sheeple!",left-news,2020-12-12
FDA approved poison in cereal brands given to children,Whistleblowers inside the agency have come forward to confirm that fda approved poison in cereal brands given to children. The deep state operatives responsible for this crime are being protected at the highest levels of government. Patriotic citizens are urged to stand up and demand answers from their elected representatives. This is not a conspiracy theory — this is documented fact that they are hiding from the public. The truth will come out and when it does the globalists will have nowhere to run.,politics,2020-09-11
FDA approved poison in cereal brands given to children,BREAKING — A leaked document obtained by this publication proves that fda approved poison in cereal brands given to children. Officials deny any knowledge of the situation but sources say otherwise. This is the story they don't want you to see. Thousands of accounts spreading this news are being shadow-banned. Do your own research. The truth is out there but you have to look beyond the mainstream narrative. Forward this to everyone you know before censorship takes this down.,Government News,2023-03-18
Shadow government running secret operations beneath major airports,An anonymous source with direct knowledge of the situation has confirmed that shadow government running secret operations beneath major airports. The mainstream media cartel refuses to cover this bombshell story because they are complicit. Fact-checkers have already labeled this story as false — which is exactly what they do to hide truth. Real patriots already know the truth. The elite are running scared as this information goes viral. SHARE THIS NOW before Big Tech buries it! This is the information they are terrified of you knowing.,worldnews,2018-01-08
Pentagon UFO footage shows alien crafts over Washington DC,"According to unnamed sources close to the situation, what mainstream media won't tell you is that pentagon ufo footage shows alien crafts over washington dc. Our trusted insider, who cannot be named for their safety, confirmed this shocking revelation. The government has been working overtime to suppress this information. Share before it gets deleted! Independent researchers have long suspected this but were silenced by the establishment. The evidence is overwhelming yet the lamestream media refuses to report it. Wake up sheeple!",News,2018-12-15
FDA approved poison in cereal brands given to children,"According to unnamed sources close to the situation, what mainstream media won't tell you is that fda approved poison in cereal brands given to children. Our trusted insider, who cannot be named for their safety, confirmed this shocking revelation. The government has been working overtime to suppress this information. Share before it gets deleted! Independent researchers have long suspected this but were silenced by the establishment. The evidence is overwhelming yet the lamestream media refuses to report it. Wake up sheeple!",politicsNews,2023-06-23
World leaders filmed at satanic ritual at Bohemian Grove,An anonymous source with direct knowledge of the situation has confirmed that world leaders filmed at satanic ritual at bohemian grove. The mainstream media cartel refuses to cover this bombshell story because they are complicit. Fact-checkers have already labeled this story as false — which is exactly what they do to hide truth. Real patriots already know the truth. The elite are running scared as this information goes viral. SHARE THIS NOW before Big Tech buries it! This is the information they are terrified of you knowing.,left-news,2017-12-28
Deep state plotting to assassinate president claims insider,"According to unnamed sources close to the situation, what mainstream media won't tell you is that deep state plotting to assassinate president claims insider. Our trusted insider, who cannot be named for their safety, confirmed this shocking revelation. The government has been working overtime to suppress this information. Share before it gets deleted! Independent researchers have long suspected this but were silenced by the establishment. The evidence is overwhelming yet the lamestream media refuses to report it. Wake up sheeple!",politicsNews,2019-05-06
Doctors confirm COVID-19 vaccine turns people magnetic,URGENT: Multiple credible insiders have independently verified that doctors confirm covid-19 vaccine turns people magnetic. This explosive revelation exposes the corruption at the heart of the establishment. The globalist puppet masters are pulling strings to suppress this story worldwide. Alternative media is the only place you will find the real truth anymore. Our founding fathers warned us about exactly this kind of tyranny. The time to wake up is NOW.,politics,2019-10-01
Chemotherapy cures nothing — industry invented it to steal your money,URGENT: Multiple credible insiders have independently verified that chemotherapy cures nothing — industry invented it to steal your money. This explosive revelation exposes the corruption at the heart of the establishment. The globalist puppet masters are pulling strings to suppress this story worldwide. Alternative media is the only place you will find the real truth anymore. Our founding fathers warned us about exactly this kind of tyranny. The time to wake up is NOW.,left-news,2017-04-25
Liberal elite planning to steal your guns using fake school shootings,"According to unnamed sources close to the situation, what mainstream media won't tell you is that liberal elite planning to steal your guns using fake school shootings. Our trusted insider, who cannot be named for their safety, confirmed this shocking revelation. The government has been working overtime to suppress this information. Share before it gets deleted! Independent researchers have long suspected this but were silenced by the establishment. The evidence is overwhelming yet the lamestream media refuses to report it. Wake up sheeple!",politicsNews,2020-11-22
Fluoride in water supply is mind-control chemical says whistleblower,An anonymous source with direct knowledge of the situation has confirmed that fluoride in water supply is mind-control chemical says whistleblower. The mainstream media cartel refuses to cover this bombshell story because they are complicit. Fact-checkers have already labeled this story as false — which is exactly what they do to hide truth. Real patriots already know the truth. The elite are running scared as this information goes viral. SHARE THIS NOW before Big Tech buries it! This is the information they are terrified of you knowing.,politics,2017-06-05
Government admits to spraying chemtrails to control population,"According to unnamed sources close to the situation, what mainstream media won't tell you is that government admits to spraying chemtrails to control population. Our trusted insider, who cannot be named for their safety, confirmed this shocking revelation. The government has been working overtime to suppress this information. Share before it gets deleted! Independent researchers have long suspected this but were silenced by the establishment. The evidence is overwhelming yet the lamestream media refuses to report it. Wake up sheeple!",Government News,2023-08-21
Rockefellers paid scientists to invent climate change hoax,URGENT: Multiple credible insiders have independently verified that rockefellers paid scientists to invent climate change hoax. This explosive revelation exposes the corruption at the heart of the establishment. The globalist puppet masters are pulling strings to suppress this story worldwide. Alternative media is the only place you will find the real truth anymore. Our founding fathers warned us about exactly this kind of tyranny. The time to wake up is NOW.,News,2016-11-20
Prince Harry reveals royal family are shapeshifting reptilians,Whistleblowers inside the agency have come forward to confirm that prince harry reveals royal family are shapeshifting reptilians. The deep state operatives responsible for this crime are being protected at the highest levels of government. Patriotic citizens are urged to stand up and demand answers from their elected representatives. This is not a conspiracy theory — this is documented fact that they are hiding from the public. The truth will come out and when it does the globalists will have nowhere to run.,worldnews,2019-01-26
Deep state agents infiltrated school boards across America,Whistleblowers inside the agency have come forward to confirm that deep state agents infiltrated school boards across america. The deep state operatives responsible for this crime are being protected at the highest levels of government. Patriotic citizens are urged to stand up and demand answers from their elected representatives. This is not a conspiracy theory — this is documented fact that they are hiding from the public. The truth will come out and when it does the globalists will have nowhere to run.,politicsNews,2017-09-20
Hollywood elites caught performing satanic rituals in leaked video,"According to unnamed sources close to the situation, what mainstream media won't tell you is that hollywood elites caught performing satanic rituals in leaked video. Our trusted insider, who cannot be named for their safety, confirmed this shocking revelation. The government has been working overtime to suppress this information. Share before it gets deleted! Independent researchers have long suspected this but were silenced by the establishment. The evidence is overwhelming yet the lamestream media refuses to report it. Wake up sheeple!",News,2018-04-25
"UN planning to ban meat, force citizens to eat insects by 2030","According to unnamed sources close to the situation, what mainstream media won't tell you is that un planning to ban meat, force citizens to eat insects by 2030. Our trusted insider, who cannot be named for their safety, confirmed this shocking revelation. The government has been working overtime to suppress this information. Share before it gets deleted! Independent researchers have long suspected this but were silenced by the establishment. The evidence is overwhelming yet the lamestream media refuses to report it. Wake up sheeple!",worldnews,2018-07-25
"UN planning to ban meat, force citizens to eat insects by 2030","Whistleblowers inside the agency have come forward to confirm that un planning to ban meat, force citizens to eat insects by 2030. The deep state operatives responsible for this crime are being protected at the highest levels of government. Patriotic citizens are urged to stand up and demand answers from their elected representatives. This is not a conspiracy theory — this is documented fact that they are hiding from the public. The truth will come out and when it does the globalists will have nowhere to run.",politicsNews,2020-08-26
FDA approved poison in cereal brands given to children,Whistleblowers inside the agency have come forward to confirm that fda approved poison in cereal brands given to children. The deep state operatives responsible for this crime are being protected at the highest levels of government. Patriotic citizens are urged to stand up and demand answers from their elected representatives. This is not a conspiracy theory — this is documented fact that they are hiding from the public. The truth will come out and when it does the globalists will have nowhere to run.,worldnews,2021-11-04
Big Pharma suppressing cancer cure for decades to make profits,URGENT: Multiple credible insiders have independently verified that big pharma suppressing cancer cure for decades to make profits. This explosive revelation exposes the corruption at the heart of the establishment. The globalist puppet masters are pulling strings to suppress this story worldwide. Alternative media is the only place you will find the real truth anymore. Our founding fathers warned us about exactly this kind of tyranny. The time to wake up is NOW.,left-news,2023-07-16
Rockefellers paid scientists to invent climate change hoax,URGENT: Multiple credible insiders have independently verified that rockefellers paid scientists to invent climate change hoax. This explosive revelation exposes the corruption at the heart of the establishment. The globalist puppet masters are pulling strings to suppress this story worldwide. Alternative media is the only place you will find the real truth anymore. Our founding fathers warned us about exactly this kind of tyranny. The time to wake up is NOW.,left-news,2017-07-26
Big Pharma suppressing cancer cure for decades to make profits,URGENT: Multiple credible insiders have independently verified that big pharma suppressing cancer cure for decades to make profits. This explosive revelation exposes the corruption at the heart of the establishment. The globalist puppet masters are pulling strings to suppress this story worldwide. Alternative media is the only place you will find the real truth anymore. Our founding fathers warned us about exactly this kind of tyranny. The time to wake up is NOW.,left-news,2022-02-02
Hidden camera shows politicians admitting climate change is a hoax,Whistleblowers inside the agency have come forward to confirm that hidden camera shows politicians admitting climate change is a hoax. The deep state operatives responsible for this crime are being protected at the highest levels of government. Patriotic citizens are urged to stand up and demand answers from their elected representatives. This is not a conspiracy theory — this is documented fact that they are hiding from the public. The truth will come out and when it does the globalists will have nowhere to run.,Government News,2019-11-22
FBI whistleblower reveals JFK assassination was inside job,BREAKING — A leaked document obtained by this publication proves that fbi whistleblower reveals jfk assassination was inside job. Officials deny any knowledge of the situation but sources say otherwise. This is the story they don't want you to see. Thousands of accounts spreading this news are being shadow-banned. Do your own research. The truth is out there but you have to look beyond the mainstream narrative. Forward this to everyone you know before censorship takes this down.,politics,2017-05-15
FDA approved poison in cereal brands given to children,"According to unnamed sources close to the situation, what mainstream media won't tell you is that fda approved poison in cereal brands given to children. Our trusted insider, who cannot be named for their safety, confirmed this shocking revelation. The government has been working overtime to suppress this information. Share before it gets deleted! Independent researchers have long suspected this but were silenced by the establishment. The evidence is overwhelming yet the lamestream media refuses to report it. Wake up sheeple!",News,2018-03-22
Epstein alive in witness protection says anonymous FBI source,BREAKING — A leaked document obtained by this publication proves that epstein alive in witness protection says anonymous fbi source. Officials deny any knowledge of the situation but sources say otherwise. This is the story they don't want you to see. Thousands of accounts spreading this news are being shadow-banned. Do your own research. The truth is out there but you have to look beyond the mainstream narrative. Forward this to everyone you know before censorship takes this down.,left-news,2020-10-02
World leaders filmed at satanic ritual at Bohemian Grove,"According to unnamed sources close to the situation, what mainstream media won't tell you is that world leaders filmed at satanic ritual at bohemian grove. Our trusted insider, who cannot be named for their safety, confirmed this shocking revelation. The government has been working overtime to suppress this information. Share before it gets deleted! Independent researchers have long suspected this but were silenced by the establishment. The evidence is overwhelming yet the lamestream media refuses to report it. Wake up sheeple!",politics,2017-09-14
Walmart tunnels are FEMA concentration camps for American citizens,"According to unnamed sources close to the situation, what mainstream media won't tell you is that walmart tunnels are fema concentration camps for american citizens. Our trusted insider, who cannot be named for their safety, confirmed this shocking revelation. The government has been working overtime to suppress this information. Share before it gets deleted! Independent researchers have long suspected this but were silenced by the establishment. The evidence is overwhelming yet the lamestream media refuses to report it. Wake up sheeple!",Government News,2020-06-09
George Soros caught funding mass migration to destroy Western culture,"According to unnamed sources close to the situation, what mainstream media won't tell you is that george soros caught funding mass migration to destroy western culture. Our trusted insider, who cannot be named for their safety, confirmed this shocking revelation. The government has been working overtime to suppress this information. Share before it gets deleted! Independent researchers have long suspected this but were silenced by the establishment. The evidence is overwhelming yet the lamestream media refuses to report it. Wake up sheeple!",politicsNews,2017-12-22
"Economy about to collapse, insiders moving gold to bunkers","BREAKING — A leaked document obtained by this publication proves that economy about to collapse, insiders moving gold to bunkers. Officials deny any knowledge of the situation but sources say otherwise. This is the story they don't want you to see. Thousands of accounts spreading this news are being shadow-banned. Do your own research. The truth is out there but you have to look beyond the mainstream narrative. Forward this to everyone you know before censorship takes this down.",left-news,2016-02-14
FBI whistleblower reveals JFK assassination was inside job,Whistleblowers inside the agency have come forward to confirm that fbi whistleblower reveals jfk assassination was inside job. The deep state operatives responsible for this crime are being protected at the highest levels of government. Patriotic citizens are urged to stand up and demand answers from their elected representatives. This is not a conspiracy theory — this is documented fact that they are hiding from the public. The truth will come out and when it does the globalists will have nowhere to run.,politics,2023-11-15
Covid-19 created in lab to usher in Great Reset admits Nobel scientist,Whistleblowers inside the agency have come forward to confirm that covid-19 created in lab to usher in great reset admits nobel scientist. The deep state operatives responsible for this crime are being protected at the highest levels of government. Patriotic citizens are urged to stand up and demand answers from their elected representatives. This is not a conspiracy theory — this is documented fact that they are hiding from the public. The truth will come out and when it does the globalists will have nowhere to run.,worldnews,2019-03-03
Leaked Pfizer documents reveal vaccine contains aborted fetal cells,URGENT: Multiple credible insiders have independently verified that leaked pfizer documents reveal vaccine contains aborted fetal cells. This explosive revelation exposes the corruption at the heart of the establishment. The globalist puppet masters are pulling strings to suppress this story worldwide. Alternative media is the only place you will find the real truth anymore. Our founding fathers warned us about exactly this kind of tyranny. The time to wake up is NOW.,Government News,2017-07-18
Government admits to spraying chemtrails to control population,"According to unnamed sources close to the situation, what mainstream media won't tell you is that government admits to spraying chemtrails to control population. Our trusted insider, who cannot be named for their safety, confirmed this shocking revelation. The government has been working overtime to suppress this information. Share before it gets deleted! Independent researchers have long suspected this but were silenced by the establishment. The evidence is overwhelming yet the lamestream media refuses to report it. Wake up sheeple!",politicsNews,2016-03-21
Doctors say sunscreen is poison pushed by Big Pharma,An anonymous source with direct knowledge of the situation has confirmed that doctors say sunscreen is poison pushed by big pharma. The mainstream media cartel refuses to cover this bombshell story because they are complicit. Fact-checkers have already labeled this story as false — which is exactly what they do to hide truth. Real patriots already know the truth. The elite are running scared as this information goes viral. SHARE THIS NOW before Big Tech buries it! This is the information they are terrified of you knowing.,Government News,2023-05-20
Covid-19 created in lab to usher in Great Reset admits Nobel scientist,Whistleblowers inside the agency have come forward to confirm that covid-19 created in lab to usher in great reset admits nobel scientist. The deep state operatives responsible for this crime are being protected at the highest levels of government. Patriotic citizens are urged to stand up and demand answers from their elected representatives. This is not a conspiracy theory — this is documented fact that they are hiding from the public. The truth will come out and when it does the globalists will have nowhere to run.,News,2017-03-05
SHOCKING: Scientists discover that 5G towers control human minds,BREAKING — A leaked document obtained by this publication proves that shocking: scientists discover that 5g towers control human minds. Officials deny any knowledge of the situation but sources say otherwise. This is the story they don't want you to see. Thousands of accounts spreading this news are being shadow-banned. Do your own research. The truth is out there but you have to look beyond the mainstream narrative. Forward this to everyone you know before censorship takes this down.,politicsNews,2019-01-07
Doctors say sunscreen is poison pushed by Big Pharma,BREAKING — A leaked document obtained by this publication proves that doctors say sunscreen is poison pushed by big pharma. Officials deny any knowledge of the situation but sources say otherwise. This is the story they don't want you to see. Thousands of accounts spreading this news are being shadow-banned. Do your own research. The truth is out there but you have to look beyond the mainstream narrative. Forward this to everyone you know before censorship takes this down.,left-news,2019-02-10
Elite bankers using cryptocurrency to crash global economy on purpose,An anonymous source with direct knowledge of the situation has confirmed that elite bankers using cryptocurrency to crash global economy on purpose. The mainstream media cartel refuses to cover this bombshell story because they are complicit. Fact-checkers have already labeled this story as false — which is exactly what they do to hide truth. Real patriots already know the truth. The elite are running scared as this information goes viral. SHARE THIS NOW before Big Tech buries it! This is the information they are terrified of you knowing.,left-news,2022-01-04
Doctors confirm COVID-19 vaccine turns people magnetic,BREAKING — A leaked document obtained by this publication proves that doctors confirm covid-19 vaccine turns people magnetic. Officials deny any knowledge of the situation but sources say otherwise. This is the story they don't want you to see. Thousands of accounts spreading this news are being shadow-banned. Do your own research. The truth is out there but you have to look beyond the mainstream narrative. Forward this to everyone you know before censorship takes this down.,left-news,2023-01-28
Prince Harry reveals royal family are shapeshifting reptilians,URGENT: Multiple credible insiders have independently verified that prince harry reveals royal family are shapeshifting reptilians. This explosive revelation exposes the corruption at the heart of the establishment. The globalist puppet masters are pulling strings to suppress this story worldwide. Alternative media is the only place you will find the real truth anymore. Our founding fathers warned us about exactly this kind of tyranny. The time to wake up is NOW.,worldnews,2020-10-27
"UN planning to ban meat, force citizens to eat insects by 2030","According to unnamed sources close to the situation, what mainstream media won't tell you is that un planning to ban meat, force citizens to eat insects by 2030. Our trusted insider, who cannot be named for their safety, confirmed this shocking revelation. The government has been working overtime to suppress this information. Share before it gets deleted! Independent researchers have long suspected this but were silenced by the establishment. The evidence is overwhelming yet the lamestream media refuses to report it. Wake up sheeple!",politicsNews,2017-11-28
FBI whistleblower reveals JFK assassination was inside job,An anonymous source with direct knowledge of the situation has confirmed that fbi whistleblower reveals jfk assassination was inside job. The mainstream media cartel refuses to cover this bombshell story because they are complicit. Fact-checkers have already labeled this story as false — which is exactly what they do to hide truth. Real patriots already know the truth. The elite are running scared as this information goes viral. SHARE THIS NOW before Big Tech buries it! This is the information they are terrified of you knowing.,left-news,2020-01-16
"UN planning to ban meat, force citizens to eat insects by 2030","An anonymous source with direct knowledge of the situation has confirmed that un planning to ban meat, force citizens to eat insects by 2030. The mainstream media cartel refuses to cover this bombshell story because they are complicit. Fact-checkers have already labeled this story as false — which is exactly what they do to hide truth. Real patriots already know the truth. The elite are running scared as this information goes viral. SHARE THIS NOW before Big Tech buries it! This is the information they are terrified of you knowing.",politics,2023-04-23
NASA fakes moon landing — leaked documents prove hoax,URGENT: Multiple credible insiders have independently verified that nasa fakes moon landing — leaked documents prove hoax. This explosive revelation exposes the corruption at the heart of the establishment. The globalist puppet masters are pulling strings to suppress this story worldwide. Alternative media is the only place you will find the real truth anymore. Our founding fathers warned us about exactly this kind of tyranny. The time to wake up is NOW.,left-news,2021-09-03
Rockefellers paid scientists to invent climate change hoax,An anonymous source with direct knowledge of the situation has confirmed that rockefellers paid scientists to invent climate change hoax. The mainstream media cartel refuses to cover this bombshell story because they are complicit. Fact-checkers have already labeled this story as false — which is exactly what they do to hide truth. Real patriots already know the truth. The elite are running scared as this information goes viral. SHARE THIS NOW before Big Tech buries it! This is the information they are terrified of you knowing.,politicsNews,2023-10-21
"Russia hacks US election server in real time, whistleblower says","An anonymous source with direct knowledge of the situation has confirmed that russia hacks us election server in real time, whistleblower says. The mainstream media cartel refuses to cover this bombshell story because they are complicit. Fact-checkers have already labeled this story as false — which is exactly what they do to hide truth. Real patriots already know the truth. The elite are running scared as this information goes viral. SHARE THIS NOW before Big Tech buries it! This is the information they are terrified of you knowing.",politicsNews,2018-05-24
Secret tunnels under White House used for trafficking ring,An anonymous source with direct knowledge of the situation has confirmed that secret tunnels under white house used for trafficking ring. The mainstream media cartel refuses to cover this bombshell story because they are complicit. Fact-checkers have already labeled this story as false — which is exactly what they do to hide truth. Real patriots already know the truth. The elite are running scared as this information goes viral. SHARE THIS NOW before Big Tech buries it! This is the information they are terrified of you knowing.,left-news,2019-09-08
George Soros caught funding mass migration to destroy Western culture,Whistleblowers inside the agency have come forward to confirm that george soros caught funding mass migration to destroy western culture. The deep state operatives responsible for this crime are being protected at the highest levels of government. Patriotic citizens are urged to stand up and demand answers from their elected representatives. This is not a conspiracy theory — this is documented fact that they are hiding from the public. The truth will come out and when it does the globalists will have nowhere to run.,Government News,2023-03-10
World Economic Forum plans to abolish private property by 2030,An anonymous source with direct knowledge of the situation has confirmed that world economic forum plans to abolish private property by 2030. The mainstream media cartel refuses to cover this bombshell story because they are complicit. Fact-checkers have already labeled this story as false — which is exactly what they do to hide truth. Real patriots already know the truth. The elite are running scared as this information goes viral. SHARE THIS NOW before Big Tech buries it! This is the information they are terrified of you knowing.,Government News,2021-08-26
Doctors confirm COVID-19 vaccine turns people magnetic,URGENT: Multiple credible insiders have independently verified that doctors confirm covid-19 vaccine turns people magnetic. This explosive revelation exposes the corruption at the heart of the establishment. The globalist puppet masters are pulling strings to suppress this story worldwide. Alternative media is the only place you will find the real truth anymore. Our founding fathers warned us about exactly this kind of tyranny. The time to wake up is NOW.,News,2017-11-16
George Soros funding antifa to start civil war,BREAKING — A leaked document obtained by this publication proves that george soros funding antifa to start civil war. Officials deny any knowledge of the situation but sources say otherwise. This is the story they don't want you to see. Thousands of accounts spreading this news are being shadow-banned. Do your own research. The truth is out there but you have to look beyond the mainstream narrative. Forward this to everyone you know before censorship takes this down.,worldnews,2023-02-26
Walmart tunnels are FEMA concentration camps for American citizens,An anonymous source with direct knowledge of the situation has confirmed that walmart tunnels are fema concentration camps for american citizens. The mainstream media cartel refuses to cover this bombshell story because they are complicit. Fact-checkers have already labeled this story as false — which is exactly what they do to hide truth. Real patriots already know the truth. The elite are running scared as this information goes viral. SHARE THIS NOW before Big Tech buries it! This is the information they are terrified of you knowing.,worldnews,2019-09-02
Government admits to spraying chemtrails to control population,Whistleblowers inside the agency have come forward to confirm that government admits to spraying chemtrails to control population. The deep state operatives responsible for this crime are being protected at the highest levels of government. Patriotic citizens are urged to stand up and demand answers from their elected representatives. This is not a conspiracy theory — this is documented fact that they are hiding from the public. The truth will come out and when it does the globalists will have nowhere to run.,News,2018-03-27
Hidden camera shows politicians admitting climate change is a hoax,"According to unnamed sources close to the situation, what mainstream media won't tell you is that hidden camera shows politicians admitting climate change is a hoax. Our trusted insider, who cannot be named for their safety, confirmed this shocking revelation. The government has been working overtime to suppress this information. Share before it gets deleted! Independent researchers have long suspected this but were silenced by the establishment. The evidence is overwhelming yet the lamestream media refuses to report it. Wake up sheeple!",News,2022-02-20
New study shows masks cause more deaths than COVID itself,"According to unnamed sources close to the situation, what mainstream media won't tell you is that new study shows masks cause more deaths than covid itself. Our trusted insider, who cannot be named for their safety, confirmed this shocking revelation. The government has been working overtime to suppress this information. Share before it gets deleted! Independent researchers have long suspected this but were silenced by the establishment. The evidence is overwhelming yet the lamestream media refuses to report it. Wake up sheeple!",worldnews,2023-05-11
"Russia hacks US election server in real time, whistleblower says","According to unnamed sources close to the situation, what mainstream media won't tell you is that russia hacks us election server in real time, whistleblower says. Our trusted insider, who cannot be named for their safety, confirmed this shocking revelation. The government has been working overtime to suppress this information. Share before it gets deleted! Independent researchers have long suspected this but were silenced by the establishment. The evidence is overwhelming yet the lamestream media refuses to report it. Wake up sheeple!",News,2018-12-28
Hidden camera shows politicians admitting climate change is a hoax,URGENT: Multiple credible insiders have independently verified that hidden camera shows politicians admitting climate change is a hoax. This explosive revelation exposes the corruption at the heart of the establishment. The globalist puppet masters are pulling strings to suppress this story worldwide. Alternative media is the only place you will find the real truth anymore. Our founding fathers warned us about exactly this kind of tyranny. The time to wake up is NOW.,Government News,2016-08-26
"Economy about to collapse, insiders moving gold to bunkers","According to unnamed sources close to the situation, what mainstream media won't tell you is that economy about to collapse, insiders moving gold to bunkers. Our trusted insider, who cannot be named for their safety, confirmed this shocking revelation. The government has been working overtime to suppress this information. Share before it gets deleted! Independent researchers have long suspected this but were silenced by the establishment. The evidence is overwhelming yet the lamestream media refuses to report it. Wake up sheeple!",politics,2017-09-02
Hidden camera shows politicians admitting climate change is a hoax,"According to unnamed sources close to the situation, what mainstream media won't tell you is that hidden camera shows politicians admitting climate change is a hoax. Our trusted insider, who cannot be named for their safety, confirmed this shocking revelation. The government has been working overtime to suppress this information. Share before it gets deleted! Independent researchers have long suspected this but were silenced by the establishment. The evidence is overwhelming yet the lamestream media refuses to report it. Wake up sheeple!",Government News,2017-04-12
Doctors confirm COVID-19 vaccine turns people magnetic,Whistleblowers inside the agency have come forward to confirm that doctors confirm covid-19 vaccine turns people magnetic. The deep state operatives responsible for this crime are being protected at the highest levels of government. Patriotic citizens are urged to stand up and demand answers from their elected representatives. This is not a conspiracy theory — this is documented fact that they are hiding from the public. The truth will come out and when it does the globalists will have nowhere to run.,politics,2023-12-28
Clinton emails reveal plan for New World Order takeover,BREAKING — A leaked document obtained by this publication proves that clinton emails reveal plan for new world order takeover. Officials deny any knowledge of the situation but sources say otherwise. This is the story they don't want you to see. Thousands of accounts spreading this news are being shadow-banned. Do your own research. The truth is out there but you have to look beyond the mainstream narrative. Forward this to everyone you know before censorship takes this down.,News,2018-02-28
Secret tunnels under White House used for trafficking ring,An anonymous source with direct knowledge of the situation has confirmed that secret tunnels under white house used for trafficking ring. The mainstream media cartel refuses to cover this bombshell story because they are complicit. Fact-checkers have already labeled this story as false — which is exactly what they do to hide truth. Real patriots already know the truth. The elite are running scared as this information goes viral. SHARE THIS NOW before Big Tech buries it! This is the information they are terrified of you knowing.,politicsNews,2019-08-11
Q-Anon confirms deep state arrests imminent within 48 hours,URGENT: Multiple credible insiders have independently verified that q-anon confirms deep state arrests imminent within 48 hours. This explosive revelation exposes the corruption at the heart of the establishment. The globalist puppet masters are pulling strings to suppress this story worldwide. Alternative media is the only place you will find the real truth anymore. Our founding fathers warned us about exactly this kind of tyranny. The time to wake up is NOW.,politicsNews,2020-06-23
Scientists confirm microplastics in vaccines used for population control,An anonymous source with direct knowledge of the situation has confirmed that scientists confirm microplastics in vaccines used for population control. The mainstream media cartel refuses to cover this bombshell story because they are complicit. Fact-checkers have already labeled this story as false — which is exactly what they do to hide truth. Real patriots already know the truth. The elite are running scared as this information goes viral. SHARE THIS NOW before Big Tech buries it! This is the information they are terrified of you knowing.,Government News,2019-03-25
Scientists confirm microplastics in vaccines used for population control,URGENT: Multiple credible insiders have independently verified that scientists confirm microplastics in vaccines used for population control. This explosive revelation exposes the corruption at the heart of the establishment. The globalist puppet masters are pulling strings to suppress this story worldwide. Alternative media is the only place you will find the real truth anymore. Our founding fathers warned us about exactly this kind of tyranny. The time to wake up is NOW.,worldnews,2018-07-14
Walmart tunnels are FEMA concentration camps for American citizens,An anonymous source with direct knowledge of the situation has confirmed that walmart tunnels are fema concentration camps for american citizens. The mainstream media cartel refuses to cover this bombshell story because they are complicit. Fact-checkers have already labeled this story as false — which is exactly what they do to hide truth. Real patriots already know the truth. The elite are running scared as this information goes viral. SHARE THIS NOW before Big Tech buries it! This is the information they are terrified of you knowing.,Government News,2021-01-15
Deep state plotting to assassinate president claims insider,"According to unnamed sources close to the situation, what mainstream media won't tell you is that deep state plotting to assassinate president claims insider. Our trusted insider, who cannot be named for their safety, confirmed this shocking revelation. The government has been working overtime to suppress this information. Share before it gets deleted! Independent researchers have long suspected this but were silenced by the establishment. The evidence is overwhelming yet the lamestream media refuses to report it. Wake up sheeple!",politicsNews,2017-06-11
"UN planning to ban meat, force citizens to eat insects by 2030","BREAKING — A leaked document obtained by this publication proves that un planning to ban meat, force citizens to eat insects by 2030. Officials deny any knowledge of the situation but sources say otherwise. This is the story they don't want you to see. Thousands of accounts spreading this news are being shadow-banned. Do your own research. The truth is out there but you have to look beyond the mainstream narrative. Forward this to everyone you know before censorship takes this down.",politicsNews,2022-01-22
Deep state agents infiltrated school boards across America,BREAKING — A leaked document obtained by this publication proves that deep state agents infiltrated school boards across america. Officials deny any knowledge of the situation but sources say otherwise. This is the story they don't want you to see. Thousands of accounts spreading this news are being shadow-banned. Do your own research. The truth is out there but you have to look beyond the mainstream narrative. Forward this to everyone you know before censorship takes this down.,politicsNews,2020-07-13
New 5G antenna towers secretly contain surveillance cameras,URGENT: Multiple credible insiders have independently verified that new 5g antenna towers secretly contain surveillance cameras. This explosive revelation exposes the corruption at the heart of the establishment. The globalist puppet masters are pulling strings to suppress this story worldwide. Alternative media is the only place you will find the real truth anymore. Our founding fathers warned us about exactly this kind of tyranny. The time to wake up is NOW.,Government News,2021-06-01
Rockefellers paid scientists to invent climate change hoax,URGENT: Multiple credible insiders have independently verified that rockefellers paid scientists to invent climate change hoax. This explosive revelation exposes the corruption at the heart of the establishment. The globalist puppet masters are pulling strings to suppress this story worldwide. Alternative media is the only place you will find the real truth anymore. Our founding fathers warned us about exactly this kind of tyranny. The time to wake up is NOW.,worldnews,2022-08-21
Earthquake machine HAARP caused Turkey disaster on purpose,URGENT: Multiple credible insiders have independently verified that earthquake machine haarp caused turkey disaster on purpose. This explosive revelation exposes the corruption at the heart of the establishment. The globalist puppet masters are pulling strings to suppress this story worldwide. Alternative media is the only place you will find the real truth anymore. Our founding fathers warned us about exactly this kind of tyranny. The time to wake up is NOW.,politics,2023-12-12
Deep state agents infiltrated school boards across America,An anonymous source with direct knowledge of the situation has confirmed that deep state agents infiltrated school boards across america. The mainstream media cartel refuses to cover this bombshell story because they are complicit. Fact-checkers have already labeled this story as false — which is exactly what they do to hide truth. Real patriots already know the truth. The elite are running scared as this information goes viral. SHARE THIS NOW before Big Tech buries it! This is the information they are terrified of you knowing.,News,2017-01-18
Breaking: Major city water supply contaminated with mind-altering drug,An anonymous source with direct knowledge of the situation has confirmed that breaking: major city water supply contaminated with mind-altering drug. The mainstream media cartel refuses to cover this bombshell story because they are complicit. Fact-checkers have already labeled this story as false — which is exactly what they do to hide truth. Real patriots already know the truth. The elite are running scared as this information goes viral. SHARE THIS NOW before Big Tech buries it! This is the information they are terrified of you knowing.,politics,2020-04-03
Hidden camera shows politicians admitting climate change is a hoax,URGENT: Multiple credible insiders have independently verified that hidden camera shows politicians admitting climate change is a hoax. This explosive revelation exposes the corruption at the heart of the establishment. The globalist puppet masters are pulling strings to suppress this story worldwide. Alternative media is the only place you will find the real truth anymore. Our founding fathers warned us about exactly this kind of tyranny. The time to wake up is NOW.,politics,2021-11-06
Government admits to spraying chemtrails to control population,"According to unnamed sources close to the situation, what mainstream media won't tell you is that government admits to spraying chemtrails to control population. Our trusted insider, who cannot be named for their safety, confirmed this shocking revelation. The government has been working overtime to suppress this information. Share before it gets deleted! Independent researchers have long suspected this but were silenced by the establishment. The evidence is overwhelming yet the lamestream media refuses to report it. Wake up sheeple!",politics,2020-04-27
Elite bankers using cryptocurrency to crash global economy on purpose,Whistleblowers inside the agency have come forward to confirm that elite bankers using cryptocurrency to crash global economy on purpose. The deep state operatives responsible for this crime are being protected at the highest levels of government. Patriotic citizens are urged to stand up and demand answers from their elected representatives. This is not a conspiracy theory — this is documented fact that they are hiding from the public. The truth will come out and when it does the globalists will have nowhere to run.,politics,2017-12-02
Big Pharma suppressing cancer cure for decades to make profits,Whistleblowers inside the agency have come forward to confirm that big pharma suppressing cancer cure for decades to make profits. The deep state operatives responsible for this crime are being protected at the highest levels of government. Patriotic citizens are urged to stand up and demand answers from their elected representatives. This is not a conspiracy theory — this is documented fact that they are hiding from the public. The truth will come out and when it does the globalists will have nowhere to run.,News,2017-01-25
Deep state agents infiltrated school boards across America,"According to unnamed sources close to the situation, what mainstream media won't tell you is that deep state agents infiltrated school boards across america. Our trusted insider, who cannot be named for their safety, confirmed this shocking revelation. The government has been working overtime to suppress this information. Share before it gets deleted! Independent researchers have long suspected this but were silenced by the establishment. The evidence is overwhelming yet the lamestream media refuses to report it. Wake up sheeple!",News,2016-08-11
CIA admits using mainstream media to spread propaganda for decades,URGENT: Multiple credible insiders have independently verified that cia admits using mainstream media to spread propaganda for decades. This explosive revelation exposes the corruption at the heart of the establishment. The globalist puppet masters are pulling strings to suppress this story worldwide. Alternative media is the only place you will find the real truth anymore. Our founding fathers warned us about exactly this kind of tyranny. The time to wake up is NOW.,Government News,2019-06-10
Q-Anon confirms deep state arrests imminent within 48 hours,URGENT: Multiple credible insiders have independently verified that q-anon confirms deep state arrests imminent within 48 hours. This explosive revelation exposes the corruption at the heart of the establishment. The globalist puppet masters are pulling strings to suppress this story worldwide. Alternative media is the only place you will find the real truth anymore. Our founding fathers warned us about exactly this kind of tyranny. The time to wake up is NOW.,Government News,2022-09-24
CIA admits using mainstream media to spread propaganda for decades,"According to unnamed sources close to the situation, what mainstream media won't tell you is that cia admits using mainstream media to spread propaganda for decades. Our trusted insider, who cannot be named for their safety, confirmed this shocking revelation. The government has been working overtime to suppress this information. Share before it gets deleted! Independent researchers have long suspected this but were silenced by the establishment. The evidence is overwhelming yet the lamestream media refuses to report it. Wake up sheeple!",politics,2019-06-15
Clinton emails reveal plan for New World Order takeover,BREAKING — A leaked document obtained by this publication proves that clinton emails reveal plan for new world order takeover. Officials deny any knowledge of the situation but sources say otherwise. This is the story they don't want you to see. Thousands of accounts spreading this news are being shadow-banned. Do your own research. The truth is out there but you have to look beyond the mainstream narrative. Forward this to everyone you know before censorship takes this down.,left-news,2017-02-02
FDA approved poison in cereal brands given to children,BREAKING — A leaked document obtained by this publication proves that fda approved poison in cereal brands given to children. Officials deny any knowledge of the situation but sources say otherwise. This is the story they don't want you to see. Thousands of accounts spreading this news are being shadow-banned. Do your own research. The truth is out there but you have to look beyond the mainstream narrative. Forward this to everyone you know before censorship takes this down.,worldnews,2023-02-12
New 5G antenna towers secretly contain surveillance cameras,URGENT: Multiple credible insiders have independently verified that new 5g antenna towers secretly contain surveillance cameras. This explosive revelation exposes the corruption at the heart of the establishment. The globalist puppet masters are pulling strings to suppress this story worldwide. Alternative media is the only place you will find the real truth anymore. Our founding fathers warned us about exactly this kind of tyranny. The time to wake up is NOW.,politics,2022-05-19
Liberal elite planning to steal your guns using fake school shootings,An anonymous source with direct knowledge of the situation has confirmed that liberal elite planning to steal your guns using fake school shootings. The mainstream media cartel refuses to cover this bombshell story because they are complicit. Fact-checkers have already labeled this story as false — which is exactly what they do to hide truth. Real patriots already know the truth. The elite are running scared as this information goes viral. SHARE THIS NOW before Big Tech buries it! This is the information they are terrified of you knowing.,Government News,2023-12-14
Doctors confirm COVID-19 vaccine turns people magnetic,BREAKING — A leaked document obtained by this publication proves that doctors confirm covid-19 vaccine turns people magnetic. Officials deny any knowledge of the situation but sources say otherwise. This is the story they don't want you to see. Thousands of accounts spreading this news are being shadow-banned. Do your own research. The truth is out there but you have to look beyond the mainstream narrative. Forward this to everyone you know before censorship takes this down.,worldnews,2023-12-15
George Soros funding antifa to start civil war,URGENT: Multiple credible insiders have independently verified that george soros funding antifa to start civil war. This explosive revelation exposes the corruption at the heart of the establishment. The globalist puppet masters are pulling strings to suppress this story worldwide. Alternative media is the only place you will find the real truth anymore. Our founding fathers warned us about exactly this kind of tyranny. The time to wake up is NOW.,politicsNews,2019-08-16
Bill Gates plans to microchip every human through COVID vaccine,BREAKING — A leaked document obtained by this publication proves that bill gates plans to microchip every human through covid vaccine. Officials deny any knowledge of the situation but sources say otherwise. This is the story they don't want you to see. Thousands of accounts spreading this news are being shadow-banned. Do your own research. The truth is out there but you have to look beyond the mainstream narrative. Forward this to everyone you know before censorship takes this down.,News,2017-10-28
Walmart tunnels are FEMA concentration camps for American citizens,"According to unnamed sources close to the situation, what mainstream media won't tell you is that walmart tunnels are fema concentration camps for american citizens. Our trusted insider, who cannot be named for their safety, confirmed this shocking revelation. The government has been working overtime to suppress this information. Share before it gets deleted! Independent researchers have long suspected this but were silenced by the establishment. The evidence is overwhelming yet the lamestream media refuses to report it. Wake up sheeple!",News,2020-01-17
Deep state plotting to assassinate president claims insider,"According to unnamed sources close to the situation, what mainstream media won't tell you is that deep state plotting to assassinate president claims insider. Our trusted insider, who cannot be named for their safety, confirmed this shocking revelation. The government has been working overtime to suppress this information. Share before it gets deleted! Independent researchers have long suspected this but were silenced by the establishment. The evidence is overwhelming yet the lamestream media refuses to report it. Wake up sheeple!",News,2021-05-10
Liberal elite planning to steal your guns using fake school shootings,"According to unnamed sources close to the situation, what mainstream media won't tell you is that liberal elite planning to steal your guns using fake school shootings. Our trusted insider, who cannot be named for their safety, confirmed this shocking revelation. The government has been working overtime to suppress this information. Share before it gets deleted! Independent researchers have long suspected this but were silenced by the establishment. The evidence is overwhelming yet the lamestream media refuses to report it. Wake up sheeple!",worldnews,2022-01-10
Q-Anon confirms deep state arrests imminent within 48 hours,BREAKING — A leaked document obtained by this publication proves that q-anon confirms deep state arrests imminent within 48 hours. Officials deny any knowledge of the situation but sources say otherwise. This is the story they don't want you to see. Thousands of accounts spreading this news are being shadow-banned. Do your own research. The truth is out there but you have to look beyond the mainstream narrative. Forward this to everyone you know before censorship takes this down.,Government News,2023-01-04
World leaders filmed at satanic ritual at Bohemian Grove,Whistleblowers inside the agency have come forward to confirm that world leaders filmed at satanic ritual at bohemian grove. The deep state operatives responsible for this crime are being protected at the highest levels of government. Patriotic citizens are urged to stand up and demand answers from their elected representatives. This is not a conspiracy theory — this is documented fact that they are hiding from the public. The truth will come out and when it does the globalists will have nowhere to run.,politicsNews,2022-08-19
Epstein alive in witness protection says anonymous FBI source,URGENT: Multiple credible insiders have independently verified that epstein alive in witness protection says anonymous fbi source. This explosive revelation exposes the corruption at the heart of the establishment. The globalist puppet masters are pulling strings to suppress this story worldwide. Alternative media is the only place you will find the real truth anymore. Our founding fathers warned us about exactly this kind of tyranny. The time to wake up is NOW.,News,2022-08-27
World Economic Forum plans to abolish private property by 2030,URGENT: Multiple credible insiders have independently verified that world economic forum plans to abolish private property by 2030. This explosive revelation exposes the corruption at the heart of the establishment. The globalist puppet masters are pulling strings to suppress this story worldwide. Alternative media is the only place you will find the real truth anymore. Our founding fathers warned us about exactly this kind of tyranny. The time to wake up is NOW.,worldnews,2023-08-22
Prince Harry reveals royal family are shapeshifting reptilians,BREAKING — A leaked document obtained by this publication proves that prince harry reveals royal family are shapeshifting reptilians. Officials deny any knowledge of the situation but sources say otherwise. This is the story they don't want you to see. Thousands of accounts spreading this news are being shadow-banned. Do your own research. The truth is out there but you have to look beyond the mainstream narrative. Forward this to everyone you know before censorship takes this down.,politicsNews,2022-07-08
"UN planning to ban meat, force citizens to eat insects by 2030","Whistleblowers inside the agency have come forward to confirm that un planning to ban meat, force citizens to eat insects by 2030. The deep state operatives responsible for this crime are being protected at the highest levels of government. Patriotic citizens are urged to stand up and demand answers from their elected representatives. This is not a conspiracy theory — this is documented fact that they are hiding from the public. The truth will come out and when it does the globalists will have nowhere to run.",politicsNews,2023-12-09
Deep state agents infiltrated school boards across America,"According to unnamed sources close to the situation, what mainstream media won't tell you is that deep state agents infiltrated school boards across america. Our trusted insider, who cannot be named for their safety, confirmed this shocking revelation. The government has been working overtime to suppress this information. Share before it gets deleted! Independent researchers have long suspected this but were silenced by the establishment. The evidence is overwhelming yet the lamestream media refuses to report it. Wake up sheeple!",Government News,2016-10-21
Elite bankers using cryptocurrency to crash global economy on purpose,Whistleblowers inside the agency have come forward to confirm that elite bankers using cryptocurrency to crash global economy on purpose. The deep state operatives responsible for this crime are being protected at the highest levels of government. Patriotic citizens are urged to stand up and demand answers from their elected representatives. This is not a conspiracy theory — this is documented fact that they are hiding from the public. The truth will come out and when it does the globalists will have nowhere to run.,Government News,2017-11-18
Aliens have landed in Arizona and government is hiding the truth,BREAKING — A leaked document obtained by this publication proves that aliens have landed in arizona and government is hiding the truth. Officials deny any knowledge of the situation but sources say otherwise. This is the story they don't want you to see. Thousands of accounts spreading this news are being shadow-banned. Do your own research. The truth is out there but you have to look beyond the mainstream narrative. Forward this to everyone you know before censorship takes this down.,politics,2016-10-17
Secret tunnels under White House used for trafficking ring,An anonymous source with direct knowledge of the situation has confirmed that secret tunnels under white house used for trafficking ring. The mainstream media cartel refuses to cover this bombshell story because they are complicit. Fact-checkers have already labeled this story as false — which is exactly what they do to hide truth. Real patriots already know the truth. The elite are running scared as this information goes viral. SHARE THIS NOW before Big Tech buries it! This is the information they are terrified of you knowing.,politicsNews,2017-11-18
Pentagon UFO footage shows alien crafts over Washington DC,"According to unnamed sources close to the situation, what mainstream media won't tell you is that pentagon ufo footage shows alien crafts over washington dc. Our trusted insider, who cannot be named for their safety, confirmed this shocking revelation. The government has been working overtime to suppress this information. Share before it gets deleted! Independent researchers have long suspected this but were silenced by the establishment. The evidence is overwhelming yet the lamestream media refuses to report it. Wake up sheeple!",worldnews,2019-12-27
George Soros caught funding mass migration to destroy Western culture,An anonymous source with direct knowledge of the situation has confirmed that george soros caught funding mass migration to destroy western culture. The mainstream media cartel refuses to cover this bombshell story because they are complicit. Fact-checkers have already labeled this story as false — which is exactly what they do to hide truth. Real patriots already know the truth. The elite are running scared as this information goes viral. SHARE THIS NOW before Big Tech buries it! This is the information they are terrified of you knowing.,politics,2021-07-19
Bill Gates plans to microchip every human through COVID vaccine,An anonymous source with direct knowledge of the situation has confirmed that bill gates plans to microchip every human through covid vaccine. The mainstream media cartel refuses to cover this bombshell story because they are complicit. Fact-checkers have already labeled this story as false — which is exactly what they do to hide truth. Real patriots already know the truth. The elite are running scared as this information goes viral. SHARE THIS NOW before Big Tech buries it! This is the information they are terrified of you knowing.,News,2022-03-14
Government admits to spraying chemtrails to control population,URGENT: Multiple credible insiders have independently verified that government admits to spraying chemtrails to control population. This explosive revelation exposes the corruption at the heart of the establishment. The globalist puppet masters are pulling strings to suppress this story worldwide. Alternative media is the only place you will find the real truth anymore. Our founding fathers warned us about exactly this kind of tyranny. The time to wake up is NOW.,left-news,2020-02-04
Clinton emails reveal plan for New World Order takeover,URGENT: Multiple credible insiders have independently verified that clinton emails reveal plan for new world order takeover. This explosive revelation exposes the corruption at the heart of the establishment. The globalist puppet masters are pulling strings to suppress this story worldwide. Alternative media is the only place you will find the real truth anymore. Our founding fathers warned us about exactly this kind of tyranny. The time to wake up is NOW.,News,2018-03-09
Elite bankers using cryptocurrency to crash global economy on purpose,"According to unnamed sources close to the situation, what mainstream media won't tell you is that elite bankers using cryptocurrency to crash global economy on purpose. Our trusted insider, who cannot be named for their safety, confirmed this shocking revelation. The government has been working overtime to suppress this information. Share before it gets deleted! Independent researchers have long suspected this but were silenced by the establishment. The evidence is overwhelming yet the lamestream media refuses to report it. Wake up sheeple!",News,2022-11-06
NASA fakes moon landing — leaked documents prove hoax,URGENT: Multiple credible insiders have independently verified that nasa fakes moon landing — leaked documents prove hoax. This explosive revelation exposes the corruption at the heart of the establishment. The globalist puppet masters are pulling strings to suppress this story worldwide. Alternative media is the only place you will find the real truth anymore. Our founding fathers warned us about exactly this kind of tyranny. The time to wake up is NOW.,worldnews,2016-12-02
Epstein alive in witness protection says anonymous FBI source,An anonymous source with direct knowledge of the situation has confirmed that epstein alive in witness protection says anonymous fbi source. The mainstream media cartel refuses to cover this bombshell story because they are complicit. Fact-checkers have already labeled this story as false — which is exactly what they do to hide truth. Real patriots already know the truth. The elite are running scared as this information goes viral. SHARE THIS NOW before Big Tech buries it! This is the information they are terrified of you knowing.,News,2018-07-11
Obama planned to declare martial law before 2016 election,An anonymous source with direct knowledge of the situation has confirmed that obama planned to declare martial law before 2016 election. The mainstream media cartel refuses to cover this bombshell story because they are complicit. Fact-checkers have already labeled this story as false — which is exactly what they do to hide truth. Real patriots already know the truth. The elite are running scared as this information goes viral. SHARE THIS NOW before Big Tech buries it! This is the information they are terrified of you knowing.,politicsNews,2019-04-25
Mainstream media blackout on earthquake weapon test over California,URGENT: Multiple credible insiders have independently verified that mainstream media blackout on earthquake weapon test over california. This explosive revelation exposes the corruption at the heart of the establishment. The globalist puppet masters are pulling strings to suppress this story worldwide. Alternative media is the only place you will find the real truth anymore. Our founding fathers warned us about exactly this kind of tyranny. The time to wake up is NOW.,left-news,2022-02-09
NASA fakes moon landing — leaked documents prove hoax,Whistleblowers inside the agency have come forward to confirm that nasa fakes moon landing — leaked documents prove hoax. The deep state operatives responsible for this crime are being protected at the highest levels of government. Patriotic citizens are urged to stand up and demand answers from their elected representatives. This is not a conspiracy theory — this is documented fact that they are hiding from the public. The truth will come out and when it does the globalists will have nowhere to run.,politics,2022-02-16
Government admits to spraying chemtrails to control population,An anonymous source with direct knowledge of the situation has confirmed that government admits to spraying chemtrails to control population. The mainstream media cartel refuses to cover this bombshell story because they are complicit. Fact-checkers have already labeled this story as false — which is exactly what they do to hide truth. Real patriots already know the truth. The elite are running scared as this information goes viral. SHARE THIS NOW before Big Tech buries it! This is the information they are terrified of you knowing.,politicsNews,2020-09-19
New 5G antenna towers secretly contain surveillance cameras,"According to unnamed sources close to the situation, what mainstream media won't tell you is that new 5g antenna towers secretly contain surveillance cameras. Our trusted insider, who cannot be named for their safety, confirmed this shocking revelation. The government has been working overtime to suppress this information. Share before it gets deleted! Independent researchers have long suspected this but were silenced by the establishment. The evidence is overwhelming yet the lamestream media refuses to report it. Wake up sheeple!",politics,2018-05-19
Walmart tunnels are FEMA concentration camps for American citizens,An anonymous source with direct knowledge of the situation has confirmed that walmart tunnels are fema concentration camps for american citizens. The mainstream media cartel refuses to cover this bombshell story because they are complicit. Fact-checkers have already labeled this story as false — which is exactly what they do to hide truth. Real patriots already know the truth. The elite are running scared as this information goes viral. SHARE THIS NOW before Big Tech buries it! This is the information they are terrified of you knowing.,Government News,2019-03-12
Elon Musk's Neuralink is secretly harvesting human thoughts,BREAKING — A leaked document obtained by this publication proves that elon musk's neuralink is secretly harvesting human thoughts. Officials deny any knowledge of the situation but sources say otherwise. This is the story they don't want you to see. Thousands of accounts spreading this news are being shadow-banned. Do your own research. The truth is out there but you have to look beyond the mainstream narrative. Forward this to everyone you know before censorship takes this down.,politics,2022-09-15
Bill Gates plans to microchip every human through COVID vaccine,"According to unnamed sources close to the situation, what mainstream media won't tell you is that bill gates plans to microchip every human through covid vaccine. Our trusted insider, who cannot be named for their safety, confirmed this shocking revelation. The government has been working overtime to suppress this information. Share before it gets deleted! Independent researchers have long suspected this but were silenced by the establishment. The evidence is overwhelming yet the lamestream media refuses to report it. Wake up sheeple!",politics,2020-11-06
SHOCKING: Scientists discover that 5G towers control human minds,"According to unnamed sources close to the situation, what mainstream media won't tell you is that shocking: scientists discover that 5g towers control human minds. Our trusted insider, who cannot be named for their safety, confirmed this shocking revelation. The government has been working overtime to suppress this information. Share before it gets deleted! Independent researchers have long suspected this but were silenced by the establishment. The evidence is overwhelming yet the lamestream media refuses to report it. Wake up sheeple!",News,2020-11-13
"Russia hacks US election server in real time, whistleblower says","BREAKING — A leaked document obtained by this publication proves that russia hacks us election server in real time, whistleblower says. Officials deny any knowledge of the situation but sources say otherwise. This is the story they don't want you to see. Thousands of accounts spreading this news are being shadow-banned. Do your own research. The truth is out there but you have to look beyond the mainstream narrative. Forward this to everyone you know before censorship takes this down.",politics,2020-01-06
Leaked Pfizer documents reveal vaccine contains aborted fetal cells,URGENT: Multiple credible insiders have independently verified that leaked pfizer documents reveal vaccine contains aborted fetal cells. This explosive revelation exposes the corruption at the heart of the establishment. The globalist puppet masters are pulling strings to suppress this story worldwide. Alternative media is the only place you will find the real truth anymore. Our founding fathers warned us about exactly this kind of tyranny. The time to wake up is NOW.,politicsNews,2020-02-13
Bill Clinton admits moon landing staged to win space race,"According to unnamed sources close to the situation, what mainstream media won't tell you is that bill clinton admits moon landing staged to win space race. Our trusted insider, who cannot be named for their safety, confirmed this shocking revelation. The government has been working overtime to suppress this information. Share before it gets deleted! Independent researchers have long suspected this but were silenced by the establishment. The evidence is overwhelming yet the lamestream media refuses to report it. Wake up sheeple!",Government News,2020-07-07
Covid-19 created in lab to usher in Great Reset admits Nobel scientist,URGENT: Multiple credible insiders have independently verified that covid-19 created in lab to usher in great reset admits nobel scientist. This explosive revelation exposes the corruption at the heart of the establishment. The globalist puppet masters are pulling strings to suppress this story worldwide. Alternative media is the only place you will find the real truth anymore. Our founding fathers warned us about exactly this kind of tyranny. The time to wake up is NOW.,Government News,2021-11-09
Scientists confirm microplastics in vaccines used for population control,An anonymous source with direct knowledge of the situation has confirmed that scientists confirm microplastics in vaccines used for population control. The mainstream media cartel refuses to cover this bombshell story because they are complicit. Fact-checkers have already labeled this story as false — which is exactly what they do to hide truth. Real patriots already know the truth. The elite are running scared as this information goes viral. SHARE THIS NOW before Big Tech buries it! This is the information they are terrified of you knowing.,worldnews,2021-06-07
"Economy about to collapse, insiders moving gold to bunkers","URGENT: Multiple credible insiders have independently verified that economy about to collapse, insiders moving gold to bunkers. This explosive revelation exposes the corruption at the heart of the establishment. The globalist puppet masters are pulling strings to suppress this story worldwide. Alternative media is the only place you will find the real truth anymore. Our founding fathers warned us about exactly this kind of tyranny. The time to wake up is NOW.",politicsNews,2018-11-01
Mainstream media blackout on earthquake weapon test over California,An anonymous source with direct knowledge of the situation has confirmed that mainstream media blackout on earthquake weapon test over california. The mainstream media cartel refuses to cover this bombshell story because they are complicit. Fact-checkers have already labeled this story as false — which is exactly what they do to hide truth. Real patriots already know the truth. The elite are running scared as this information goes viral. SHARE THIS NOW before Big Tech buries it! This is the information they are terrified of you knowing.,politicsNews,2018-07-18
Bill Clinton admits moon landing staged to win space race,An anonymous source with direct knowledge of the situation has confirmed that bill clinton admits moon landing staged to win space race. The mainstream media cartel refuses to cover this bombshell story because they are complicit. Fact-checkers have already labeled this story as false — which is exactly what they do to hide truth. Real patriots already know the truth. The elite are running scared as this information goes viral. SHARE THIS NOW before Big Tech buries it! This is the information they are terrified of you knowing.,politics,2017-11-21
Pope Francis secretly endorses presidential candidate,URGENT: Multiple credible insiders have independently verified that pope francis secretly endorses presidential candidate. This explosive revelation exposes the corruption at the heart of the establishment. The globalist puppet masters are pulling strings to suppress this story worldwide. Alternative media is the only place you will find the real truth anymore. Our founding fathers warned us about exactly this kind of tyranny. The time to wake up is NOW.,Government News,2023-11-04
"Russia hacks US election server in real time, whistleblower says","An anonymous source with direct knowledge of the situation has confirmed that russia hacks us election server in real time, whistleblower says. The mainstream media cartel refuses to cover this bombshell story because they are complicit. Fact-checkers have already labeled this story as false — which is exactly what they do to hide truth. Real patriots already know the truth. The elite are running scared as this information goes viral. SHARE THIS NOW before Big Tech buries it! This is the information they are terrified of you knowing.",News,2022-03-27
Elite bankers using cryptocurrency to crash global economy on purpose,"According to unnamed sources close to the situation, what mainstream media won't tell you is that elite bankers using cryptocurrency to crash global economy on purpose. Our trusted insider, who cannot be named for their safety, confirmed this shocking revelation. The government has been working overtime to suppress this information. Share before it gets deleted! Independent researchers have long suspected this but were silenced by the establishment. The evidence is overwhelming yet the lamestream media refuses to report it. Wake up sheeple!",left-news,2021-04-15
SHOCKING: Scientists discover that 5G towers control human minds,BREAKING — A leaked document obtained by this publication proves that shocking: scientists discover that 5g towers control human minds. Officials deny any knowledge of the situation but sources say otherwise. This is the story they don't want you to see. Thousands of accounts spreading this news are being shadow-banned. Do your own research. The truth is out there but you have to look beyond the mainstream narrative. Forward this to everyone you know before censorship takes this down.,News,2021-04-03
Covid-19 created in lab to usher in Great Reset admits Nobel scientist,Whistleblowers inside the agency have come forward to confirm that covid-19 created in lab to usher in great reset admits nobel scientist. The deep state operatives responsible for this crime are being protected at the highest levels of government. Patriotic citizens are urged to stand up and demand answers from their elected representatives. This is not a conspiracy theory — this is documented fact that they are hiding from the public. The truth will come out and when it does the globalists will have nowhere to run.,worldnews,2023-06-02
Rockefellers paid scientists to invent climate change hoax,An anonymous source with direct knowledge of the situation has confirmed that rockefellers paid scientists to invent climate change hoax. The mainstream media cartel refuses to cover this bombshell story because they are complicit. Fact-checkers have already labeled this story as false — which is exactly what they do to hide truth. Real patriots already know the truth. The elite are running scared as this information goes viral. SHARE THIS NOW before Big Tech buries it! This is the information they are terrified of you knowing.,worldnews,2016-04-27
Elites using Hollywood movies to program the public for agenda,An anonymous source with direct knowledge of the situation has confirmed that elites using hollywood movies to program the public for agenda. The mainstream media cartel refuses to cover this bombshell story because they are complicit. Fact-checkers have already labeled this story as false — which is exactly what they do to hide truth. Real patriots already know the truth. The elite are running scared as this information goes viral. SHARE THIS NOW before Big Tech buries it! This is the information they are terrified of you knowing.,News,2023-03-18
Secret tunnels under White House used for trafficking ring,URGENT: Multiple credible insiders have independently verified that secret tunnels under white house used for trafficking ring. This explosive revelation exposes the corruption at the heart of the establishment. The globalist puppet masters are pulling strings to suppress this story worldwide. Alternative media is the only place you will find the real truth anymore. Our founding fathers warned us about exactly this kind of tyranny. The time to wake up is NOW.,politics,2018-02-19
George Soros funding antifa to start civil war,"According to unnamed sources close to the situation, what mainstream media won't tell you is that george soros funding antifa to start civil war. Our trusted insider, who cannot be named for their safety, confirmed this shocking revelation. The government has been working overtime to suppress this information. Share before it gets deleted! Independent researchers have long suspected this but were silenced by the establishment. The evidence is overwhelming yet the lamestream media refuses to report it. Wake up sheeple!",News,2019-09-24
Rockefellers paid scientists to invent climate change hoax,BREAKING — A leaked document obtained by this publication proves that rockefellers paid scientists to invent climate change hoax. Officials deny any knowledge of the situation but sources say otherwise. This is the story they don't want you to see. Thousands of accounts spreading this news are being shadow-banned. Do your own research. The truth is out there but you have to look beyond the mainstream narrative. Forward this to everyone you know before censorship takes this down.,Government News,2020-11-18
"Economy about to collapse, insiders moving gold to bunkers","According to unnamed sources close to the situation, what mainstream media won't tell you is that economy about to collapse, insiders moving gold to bunkers. Our trusted insider, who cannot be named for their safety, confirmed this shocking revelation. The government has been working overtime to suppress this information. Share before it gets deleted! Independent researchers have long suspected this but were silenced by the establishment. The evidence is overwhelming yet the lamestream media refuses to report it. Wake up sheeple!",Government News,2016-06-14
Walmart tunnels are FEMA concentration camps for American citizens,Whistleblowers inside the agency have come forward to confirm that walmart tunnels are fema concentration camps for american citizens. The deep state operatives responsible for this crime are being protected at the highest levels of government. Patriotic citizens are urged to stand up and demand answers from their elected representatives. This is not a conspiracy theory — this is documented fact that they are hiding from the public. The truth will come out and when it does the globalists will have nowhere to run.,Government News,2023-08-12
Chemotherapy cures nothing — industry invented it to steal your money,"According to unnamed sources close to the situation, what mainstream media won't tell you is that chemotherapy cures nothing — industry invented it to steal your money. Our trusted insider, who cannot be named for their safety, confirmed this shocking revelation. The government has been working overtime to suppress this information. Share before it gets deleted! Independent researchers have long suspected this but were silenced by the establishment. The evidence is overwhelming yet the lamestream media refuses to report it. Wake up sheeple!",politicsNews,2020-07-18
Prince Harry reveals royal family are shapeshifting reptilians,Whistleblowers inside the agency have come forward to confirm that prince harry reveals royal family are shapeshifting reptilians. The deep state operatives responsible for this crime are being protected at the highest levels of government. Patriotic citizens are urged to stand up and demand answers from their elected representatives. This is not a conspiracy theory — this is documented fact that they are hiding from the public. The truth will come out and when it does the globalists will have nowhere to run.,left-news,2019-06-03
Secret documents show GMO foods cause cancer in 10 years,"According to unnamed sources close to the situation, what mainstream media won't tell you is that secret documents show gmo foods cause cancer in 10 years. Our trusted insider, who cannot be named for their safety, confirmed this shocking revelation. The government has been working overtime to suppress this information. Share before it gets deleted! Independent researchers have long suspected this but were silenced by the establishment. The evidence is overwhelming yet the lamestream media refuses to report it. Wake up sheeple!",Government News,2022-02-08
Secret tunnels under White House used for trafficking ring,BREAKING — A leaked document obtained by this publication proves that secret tunnels under white house used for trafficking ring. Officials deny any knowledge of the situation but sources say otherwise. This is the story they don't want you to see. Thousands of accounts spreading this news are being shadow-banned. Do your own research. The truth is out there but you have to look beyond the mainstream narrative. Forward this to everyone you know before censorship takes this down.,News,2017-11-21
Clinton emails reveal plan for New World Order takeover,"According to unnamed sources close to the situation, what mainstream media won't tell you is that clinton emails reveal plan for new world order takeover. Our trusted insider, who cannot be named for their safety, confirmed this shocking revelation. The government has been working overtime to suppress this information. Share before it gets deleted! Independent researchers have long suspected this but were silenced by the establishment. The evidence is overwhelming yet the lamestream media refuses to report it. Wake up sheeple!",left-news,2016-10-26
Elites using Hollywood movies to program the public for agenda,Whistleblowers inside the agency have come forward to confirm that elites using hollywood movies to program the public for agenda. The deep state operatives responsible for this crime are being protected at the highest levels of government. Patriotic citizens are urged to stand up and demand answers from their elected representatives. This is not a conspiracy theory — this is documented fact that they are hiding from the public. The truth will come out and when it does the globalists will have nowhere to run.,worldnews,2017-08-08
Breaking: Major city water supply contaminated with mind-altering drug,"According to unnamed sources close to the situation, what mainstream media won't tell you is that breaking: major city water supply contaminated with mind-altering drug. Our trusted insider, who cannot be named for their safety, confirmed this shocking revelation. The government has been working overtime to suppress this information. Share before it gets deleted! Independent researchers have long suspected this but were silenced by the establishment. The evidence is overwhelming yet the lamestream media refuses to report it. Wake up sheeple!",politics,2019-02-25
Mainstream media blackout on earthquake weapon test over California,URGENT: Multiple credible insiders have independently verified that mainstream media blackout on earthquake weapon test over california. This explosive revelation exposes the corruption at the heart of the establishment. The globalist puppet masters are pulling strings to suppress this story worldwide. Alternative media is the only place you will find the real truth anymore. Our founding fathers warned us about exactly this kind of tyranny. The time to wake up is NOW.,politicsNews,2023-10-04
Aliens have landed in Arizona and government is hiding the truth,"According to unnamed sources close to the situation, what mainstream media won't tell you is that aliens have landed in arizona and government is hiding the truth. Our trusted insider, who cannot be named for their safety, confirmed this shocking revelation. The government has been working overtime to suppress this information. Share before it gets deleted! Independent researchers have long suspected this but were silenced by the establishment. The evidence is overwhelming yet the lamestream media refuses to report it. Wake up sheeple!",left-news,2021-12-03
George Soros funding antifa to start civil war,"According to unnamed sources close to the situation, what mainstream media won't tell you is that george soros funding antifa to start civil war. Our trusted insider, who cannot be named for their safety, confirmed this shocking revelation. The government has been working overtime to suppress this information. Share before it gets deleted! Independent researchers have long suspected this but were silenced by the establishment. The evidence is overwhelming yet the lamestream media refuses to report it. Wake up sheeple!",politicsNews,2020-10-21
FDA approved poison in cereal brands given to children,"According to unnamed sources close to the situation, what mainstream media won't tell you is that fda approved poison in cereal brands given to children. Our trusted insider, who cannot be named for their safety, confirmed this shocking revelation. The government has been working overtime to suppress this information. Share before it gets deleted! Independent researchers have long suspected this but were silenced by the establishment. The evidence is overwhelming yet the lamestream media refuses to report it. Wake up sheeple!",Government News,2016-09-02
Q-Anon confirms deep state arrests imminent within 48 hours,An anonymous source with direct knowledge of the situation has confirmed that q-anon confirms deep state arrests imminent within 48 hours. The mainstream media cartel refuses to cover this bombshell story because they are complicit. Fact-checkers have already labeled this story as false — which is exactly what they do to hide truth. Real patriots already know the truth. The elite are running scared as this information goes viral. SHARE THIS NOW before Big Tech buries it! This is the information they are terrified of you knowing.,politicsNews,2022-04-28
Mainstream media blackout on earthquake weapon test over California,URGENT: Multiple credible insiders have independently verified that mainstream media blackout on earthquake weapon test over california. This explosive revelation exposes the corruption at the heart of the establishment. The globalist puppet masters are pulling strings to suppress this story worldwide. Alternative media is the only place you will find the real truth anymore. Our founding fathers warned us about exactly this kind of tyranny. The time to wake up is NOW.,left-news,2022-08-26
FDA approved poison in cereal brands given to children,URGENT: Multiple credible insiders have independently verified that fda approved poison in cereal brands given to children. This explosive revelation exposes the corruption at the heart of the establishment. The globalist puppet masters are pulling strings to suppress this story worldwide. Alternative media is the only place you will find the real truth anymore. Our founding fathers warned us about exactly this kind of tyranny. The time to wake up is NOW.,politicsNews,2021-11-22
Government admits to spraying chemtrails to control population,An anonymous source with direct knowledge of the situation has confirmed that government admits to spraying chemtrails to control population. The mainstream media cartel refuses to cover this bombshell story because they are complicit. Fact-checkers have already labeled this story as false — which is exactly what they do to hide truth. Real patriots already know the truth. The elite are running scared as this information goes viral. SHARE THIS NOW before Big Tech buries it! This is the information they are terrified of you knowing.,News,2019-02-04
SHOCKING: Scientists discover that 5G towers control human minds,URGENT: Multiple credible insiders have independently verified that shocking: scientists discover that 5g towers control human minds. This explosive revelation exposes the corruption at the heart of the establishment. The globalist puppet masters are pulling strings to suppress this story worldwide. Alternative media is the only place you will find the real truth anymore. Our founding fathers warned us about exactly this kind of tyranny. The time to wake up is NOW.,politics,2019-10-05
Elites using Hollywood movies to program the public for agenda,URGENT: Multiple credible insiders have independently verified that elites using hollywood movies to program the public for agenda. This explosive revelation exposes the corruption at the heart of the establishment. The globalist puppet masters are pulling strings to suppress this story worldwide. Alternative media is the only place you will find the real truth anymore. Our founding fathers warned us about exactly this kind of tyranny. The time to wake up is NOW.,News,2022-08-24
Covid-19 created in lab to usher in Great Reset admits Nobel scientist,An anonymous source with direct knowledge of the situation has confirmed that covid-19 created in lab to usher in great reset admits nobel scientist. The mainstream media cartel refuses to cover this bombshell story because they are complicit. Fact-checkers have already labeled this story as false — which is exactly what they do to hide truth. Real patriots already know the truth. The elite are running scared as this information goes viral. SHARE THIS NOW before Big Tech buries it! This is the information they are terrified of you knowing.,worldnews,2018-01-02
George Soros funding antifa to start civil war,Whistleblowers inside the agency have come forward to confirm that george soros funding antifa to start civil war. The deep state operatives responsible for this crime are being protected at the highest levels of government. Patriotic citizens are urged to stand up and demand answers from their elected representatives. This is not a conspiracy theory — this is documented fact that they are hiding from the public. The truth will come out and when it does the globalists will have nowhere to run.,left-news,2021-05-19
Elon Musk's Neuralink is secretly harvesting human thoughts,BREAKING — A leaked document obtained by this publication proves that elon musk's neuralink is secretly harvesting human thoughts. Officials deny any knowledge of the situation but sources say otherwise. This is the story they don't want you to see. Thousands of accounts spreading this news are being shadow-banned. Do your own research. The truth is out there but you have to look beyond the mainstream narrative. Forward this to everyone you know before censorship takes this down.,left-news,2020-10-11
Q-Anon confirms deep state arrests imminent within 48 hours,Whistleblowers inside the agency have come forward to confirm that q-anon confirms deep state arrests imminent within 48 hours. The deep state operatives responsible for this crime are being protected at the highest levels of government. Patriotic citizens are urged to stand up and demand answers from their elected representatives. This is not a conspiracy theory — this is documented fact that they are hiding from the public. The truth will come out and when it does the globalists will have nowhere to run.,politics,2018-01-08
Hidden camera shows politicians admitting climate change is a hoax,URGENT: Multiple credible insiders have independently verified that hidden camera shows politicians admitting climate change is a hoax. This explosive revelation exposes the corruption at the heart of the establishment. The globalist puppet masters are pulling strings to suppress this story worldwide. Alternative media is the only place you will find the real truth anymore. Our founding fathers warned us about exactly this kind of tyranny. The time to wake up is NOW.,left-news,2021-04-07
Elites using Hollywood movies to program the public for agenda,BREAKING — A leaked document obtained by this publication proves that elites using hollywood movies to program the public for agenda. Officials deny any knowledge of the situation but sources say otherwise. This is the story they don't want you to see. Thousands of accounts spreading this news are being shadow-banned. Do your own research. The truth is out there but you have to look beyond the mainstream narrative. Forward this to everyone you know before censorship takes this down.,News,2019-11-16
Bill Clinton admits moon landing staged to win space race,An anonymous source with direct knowledge of the situation has confirmed that bill clinton admits moon landing staged to win space race. The mainstream media cartel refuses to cover this bombshell story because they are complicit. Fact-checkers have already labeled this story as false — which is exactly what they do to hide truth. Real patriots already know the truth. The elite are running scared as this information goes viral. SHARE THIS NOW before Big Tech buries it! This is the information they are terrified of you knowing.,Government News,2021-10-19
Breaking: Major city water supply contaminated with mind-altering drug,URGENT: Multiple credible insiders have independently verified that breaking: major city water supply contaminated with mind-altering drug. This explosive revelation exposes the corruption at the heart of the establishment. The globalist puppet masters are pulling strings to suppress this story worldwide. Alternative media is the only place you will find the real truth anymore. Our founding fathers warned us about exactly this kind of tyranny. The time to wake up is NOW.,left-news,2021-03-04
"Economy about to collapse, insiders moving gold to bunkers","According to unnamed sources close to the situation, what mainstream media won't tell you is that economy about to collapse, insiders moving gold to bunkers. Our trusted insider, who cannot be named for their safety, confirmed this shocking revelation. The government has been working overtime to suppress this information. Share before it gets deleted! Independent researchers have long suspected this but were silenced by the establishment. The evidence is overwhelming yet the lamestream media refuses to report it. Wake up sheeple!",worldnews,2016-11-08
Bill Clinton admits moon landing staged to win space race,BREAKING — A leaked document obtained by this publication proves that bill clinton admits moon landing staged to win space race. Officials deny any knowledge of the situation but sources say otherwise. This is the story they don't want you to see. Thousands of accounts spreading this news are being shadow-banned. Do your own research. The truth is out there but you have to look beyond the mainstream narrative. Forward this to everyone you know before censorship takes this down.,politics,2019-04-16
Leaked Pfizer documents reveal vaccine contains aborted fetal cells,Whistleblowers inside the agency have come forward to confirm that leaked pfizer documents reveal vaccine contains aborted fetal cells. The deep state operatives responsible for this crime are being protected at the highest levels of government. Patriotic citizens are urged to stand up and demand answers from their elected representatives. This is not a conspiracy theory — this is documented fact that they are hiding from the public. The truth will come out and when it does the globalists will have nowhere to run.,worldnews,2022-03-27
SHOCKING: Scientists discover that 5G towers control human minds,Whistleblowers inside the agency have come forward to confirm that shocking: scientists discover that 5g towers control human minds. The deep state operatives responsible for this crime are being protected at the highest levels of government. Patriotic citizens are urged to stand up and demand answers from their elected representatives. This is not a conspiracy theory — this is documented fact that they are hiding from the public. The truth will come out and when it does the globalists will have nowhere to run.,politicsNews,2021-01-18
Fluoride in water supply is mind-control chemical says whistleblower,BREAKING — A leaked document obtained by this publication proves that fluoride in water supply is mind-control chemical says whistleblower. Officials deny any knowledge of the situation but sources say otherwise. This is the story they don't want you to see. Thousands of accounts spreading this news are being shadow-banned. Do your own research. The truth is out there but you have to look beyond the mainstream narrative. Forward this to everyone you know before censorship takes this down.,left-news,2019-11-19
Scientists confirm microplastics in vaccines used for population control,Whistleblowers inside the agency have come forward to confirm that scientists confirm microplastics in vaccines used for population control. The deep state operatives responsible for this crime are being protected at the highest levels of government. Patriotic citizens are urged to stand up and demand answers from their elected representatives. This is not a conspiracy theory — this is documented fact that they are hiding from the public. The truth will come out and when it does the globalists will have nowhere to run.,politicsNews,2019-04-10
Pentagon UFO footage shows alien crafts over Washington DC,BREAKING — A leaked document obtained by this publication proves that pentagon ufo footage shows alien crafts over washington dc. Officials deny any knowledge of the situation but sources say otherwise. This is the story they don't want you to see. Thousands of accounts spreading this news are being shadow-banned. Do your own research. The truth is out there but you have to look beyond the mainstream narrative. Forward this to everyone you know before censorship takes this down.,Government News,2018-06-28
World leaders filmed at satanic ritual at Bohemian Grove,BREAKING — A leaked document obtained by this publication proves that world leaders filmed at satanic ritual at bohemian grove. Officials deny any knowledge of the situation but sources say otherwise. This is the story they don't want you to see. Thousands of accounts spreading this news are being shadow-banned. Do your own research. The truth is out there but you have to look beyond the mainstream narrative. Forward this to everyone you know before censorship takes this down.,worldnews,2016-03-27
Obama planned to declare martial law before 2016 election,"According to unnamed sources close to the situation, what mainstream media won't tell you is that obama planned to declare martial law before 2016 election. Our trusted insider, who cannot be named for their safety, confirmed this shocking revelation. The government has been working overtime to suppress this information. Share before it gets deleted! Independent researchers have long suspected this but were silenced by the establishment. The evidence is overwhelming yet the lamestream media refuses to report it. Wake up sheeple!",Government News,2018-07-21
Fluoride in water supply is mind-control chemical says whistleblower,Whistleblowers inside the agency have come forward to confirm that fluoride in water supply is mind-control chemical says whistleblower. The deep state operatives responsible for this crime are being protected at the highest levels of government. Patriotic citizens are urged to stand up and demand answers from their elected representatives. This is not a conspiracy theory — this is documented fact that they are hiding from the public. The truth will come out and when it does the globalists will have nowhere to run.,News,2023-04-12
Big Pharma suppressing cancer cure for decades to make profits,BREAKING — A leaked document obtained by this publication proves that big pharma suppressing cancer cure for decades to make profits. Officials deny any knowledge of the situation but sources say otherwise. This is the story they don't want you to see. Thousands of accounts spreading this news are being shadow-banned. Do your own research. The truth is out there but you have to look beyond the mainstream narrative. Forward this to everyone you know before censorship takes this down.,politics,2022-12-03
Fluoride in water supply is mind-control chemical says whistleblower,BREAKING — A leaked document obtained by this publication proves that fluoride in water supply is mind-control chemical says whistleblower. Officials deny any knowledge of the situation but sources say otherwise. This is the story they don't want you to see. Thousands of accounts spreading this news are being shadow-banned. Do your own research. The truth is out there but you have to look beyond the mainstream narrative. Forward this to everyone you know before censorship takes this down.,worldnews,2019-09-13
Bill Clinton admits moon landing staged to win space race,Whistleblowers inside the agency have come forward to confirm that bill clinton admits moon landing staged to win space race. The deep state operatives responsible for this crime are being protected at the highest levels of government. Patriotic citizens are urged to stand up and demand answers from their elected representatives. This is not a conspiracy theory — this is documented fact that they are hiding from the public. The truth will come out and when it does the globalists will have nowhere to run.,politics,2022-11-08
Bill Gates plans to microchip every human through COVID vaccine,URGENT: Multiple credible insiders have independently verified that bill gates plans to microchip every human through covid vaccine. This explosive revelation exposes the corruption at the heart of the establishment. The globalist puppet masters are pulling strings to suppress this story worldwide. Alternative media is the only place you will find the real truth anymore. Our founding fathers warned us about exactly this kind of tyranny. The time to wake up is NOW.,worldnews,2020-03-11
CIA admits using mainstream media to spread propaganda for decades,"According to unnamed sources close to the situation, what mainstream media won't tell you is that cia admits using mainstream media to spread propaganda for decades. Our trusted insider, who cannot be named for their safety, confirmed this shocking revelation. The government has been working overtime to suppress this information. Share before it gets deleted! Independent researchers have long suspected this but were silenced by the establishment. The evidence is overwhelming yet the lamestream media refuses to report it. Wake up sheeple!",worldnews,2023-04-24
Aliens have landed in Arizona and government is hiding the truth,An anonymous source with direct knowledge of the situation has confirmed that aliens have landed in arizona and government is hiding the truth. The mainstream media cartel refuses to cover this bombshell story because they are complicit. Fact-checkers have already labeled this story as false — which is exactly what they do to hide truth. Real patriots already know the truth. The elite are running scared as this information goes viral. SHARE THIS NOW before Big Tech buries it! This is the information they are terrified of you knowing.,politicsNews,2018-09-13
Scientists confirm microplastics in vaccines used for population control,URGENT: Multiple credible insiders have independently verified that scientists confirm microplastics in vaccines used for population control. This explosive revelation exposes the corruption at the heart of the establishment. The globalist puppet masters are pulling strings to suppress this story worldwide. Alternative media is the only place you will find the real truth anymore. Our founding fathers warned us about exactly this kind of tyranny. The time to wake up is NOW.,left-news,2023-03-11
FBI whistleblower reveals JFK assassination was inside job,Whistleblowers inside the agency have come forward to confirm that fbi whistleblower reveals jfk assassination was inside job. The deep state operatives responsible for this crime are being protected at the highest levels of government. Patriotic citizens are urged to stand up and demand answers from their elected representatives. This is not a conspiracy theory — this is documented fact that they are hiding from the public. The truth will come out and when it does the globalists will have nowhere to run.,Government News,2023-12-16
Doctors say sunscreen is poison pushed by Big Pharma,Whistleblowers inside the agency have come forward to confirm that doctors say sunscreen is poison pushed by big pharma. The deep state operatives responsible for this crime are being protected at the highest levels of government. Patriotic citizens are urged to stand up and demand answers from their elected representatives. This is not a conspiracy theory — this is documented fact that they are hiding from the public. The truth will come out and when it does the globalists will have nowhere to run.,left-news,2016-04-08
Secret tunnels under White House used for trafficking ring,An anonymous source with direct knowledge of the situation has confirmed that secret tunnels under white house used for trafficking ring. The mainstream media cartel refuses to cover this bombshell story because they are complicit. Fact-checkers have already labeled this story as false — which is exactly what they do to hide truth. Real patriots already know the truth. The elite are running scared as this information goes viral. SHARE THIS NOW before Big Tech buries it! This is the information they are terrified of you knowing.,left-news,2019-05-14
Hollywood elites caught performing satanic rituals in leaked video,URGENT: Multiple credible insiders have independently verified that hollywood elites caught performing satanic rituals in leaked video. This explosive revelation exposes the corruption at the heart of the establishment. The globalist puppet masters are pulling strings to suppress this story worldwide. Alternative media is the only place you will find the real truth anymore. Our founding fathers warned us about exactly this kind of tyranny. The time to wake up is NOW.,News,2020-09-03
George Soros funding antifa to start civil war,"According to unnamed sources close to the situation, what mainstream media won't tell you is that george soros funding antifa to start civil war. Our trusted insider, who cannot be named for their safety, confirmed this shocking revelation. The government has been working overtime to suppress this information. Share before it gets deleted! Independent researchers have long suspected this but were silenced by the establishment. The evidence is overwhelming yet the lamestream media refuses to report it. Wake up sheeple!",left-news,2021-04-19
Bill Gates plans to microchip every human through COVID vaccine,An anonymous source with direct knowledge of the situation has confirmed that bill gates plans to microchip every human through covid vaccine. The mainstream media cartel refuses to cover this bombshell story because they are complicit. Fact-checkers have already labeled this story as false — which is exactly what they do to hide truth. Real patriots already know the truth. The elite are running scared as this information goes viral. SHARE THIS NOW before Big Tech buries it! This is the information they are terrified of you knowing.,politics,2021-07-15
"Economy about to collapse, insiders moving gold to bunkers","An anonymous source with direct knowledge of the situation has confirmed that economy about to collapse, insiders moving gold to bunkers. The mainstream media cartel refuses to cover this bombshell story because they are complicit. Fact-checkers have already labeled this story as false — which is exactly what they do to hide truth. Real patriots already know the truth. The elite are running scared as this information goes viral. SHARE THIS NOW before Big Tech buries it! This is the information they are terrified of you knowing.",News,2023-06-09
Hollywood elites caught performing satanic rituals in leaked video,"According to unnamed sources close to the situation, what mainstream media won't tell you is that hollywood elites caught performing satanic rituals in leaked video. Our trusted insider, who cannot be named for their safety, confirmed this shocking revelation. The government has been working overtime to suppress this information. Share before it gets deleted! Independent researchers have long suspected this but were silenced by the establishment. The evidence is overwhelming yet the lamestream media refuses to report it. Wake up sheeple!",left-news,2019-05-21
Pope Francis secretly endorses presidential candidate,Whistleblowers inside the agency have come forward to confirm that pope francis secretly endorses presidential candidate. The deep state operatives responsible for this crime are being protected at the highest levels of government. Patriotic citizens are urged to stand up and demand answers from their elected representatives. This is not a conspiracy theory — this is documented fact that they are hiding from the public. The truth will come out and when it does the globalists will have nowhere to run.,News,2017-05-08
Clinton emails reveal plan for New World Order takeover,"According to unnamed sources close to the situation, what mainstream media won't tell you is that clinton emails reveal plan for new world order takeover. Our trusted insider, who cannot be named for their safety, confirmed this shocking revelation. The government has been working overtime to suppress this information. Share before it gets deleted! Independent researchers have long suspected this but were silenced by the establishment. The evidence is overwhelming yet the lamestream media refuses to report it. Wake up sheeple!",News,2016-09-07
Breaking: Major city water supply contaminated with mind-altering drug,BREAKING — A leaked document obtained by this publication proves that breaking: major city water supply contaminated with mind-altering drug. Officials deny any knowledge of the situation but sources say otherwise. This is the story they don't want you to see. Thousands of accounts spreading this news are being shadow-banned. Do your own research. The truth is out there but you have to look beyond the mainstream narrative. Forward this to everyone you know before censorship takes this down.,News,2020-12-27
Elite bankers using cryptocurrency to crash global economy on purpose,Whistleblowers inside the agency have come forward to confirm that elite bankers using cryptocurrency to crash global economy on purpose. The deep state operatives responsible for this crime are being protected at the highest levels of government. Patriotic citizens are urged to stand up and demand answers from their elected representatives. This is not a conspiracy theory — this is documented fact that they are hiding from the public. The truth will come out and when it does the globalists will have nowhere to run.,Government News,2018-12-24
Elon Musk's Neuralink is secretly harvesting human thoughts,Whistleblowers inside the agency have come forward to confirm that elon musk's neuralink is secretly harvesting human thoughts. The deep state operatives responsible for this crime are being protected at the highest levels of government. Patriotic citizens are urged to stand up and demand answers from their elected representatives. This is not a conspiracy theory — this is documented fact that they are hiding from the public. The truth will come out and when it does the globalists will have nowhere to run.,News,2020-06-26
"UN planning to ban meat, force citizens to eat insects by 2030","An anonymous source with direct knowledge of the situation has confirmed that un planning to ban meat, force citizens to eat insects by 2030. The mainstream media cartel refuses to cover this bombshell story because they are complicit. Fact-checkers have already labeled this story as false — which is exactly what they do to hide truth. Real patriots already know the truth. The elite are running scared as this information goes viral. SHARE THIS NOW before Big Tech buries it! This is the information they are terrified of you knowing.",Government News,2016-08-21
Hidden camera shows politicians admitting climate change is a hoax,BREAKING — A leaked document obtained by this publication proves that hidden camera shows politicians admitting climate change is a hoax. Officials deny any knowledge of the situation but sources say otherwise. This is the story they don't want you to see. Thousands of accounts spreading this news are being shadow-banned. Do your own research. The truth is out there but you have to look beyond the mainstream narrative. Forward this to everyone you know before censorship takes this down.,worldnews,2019-12-24
Earthquake machine HAARP caused Turkey disaster on purpose,An anonymous source with direct knowledge of the situation has confirmed that earthquake machine haarp caused turkey disaster on purpose. The mainstream media cartel refuses to cover this bombshell story because they are complicit. Fact-checkers have already labeled this story as false — which is exactly what they do to hide truth. Real patriots already know the truth. The elite are running scared as this information goes viral. SHARE THIS NOW before Big Tech buries it! This is the information they are terrified of you knowing.,politics,2023-12-27
"Economy about to collapse, insiders moving gold to bunkers","Whistleblowers inside the agency have come forward to confirm that economy about to collapse, insiders moving gold to bunkers. The deep state operatives responsible for this crime are being protected at the highest levels of government. Patriotic citizens are urged to stand up and demand answers from their elected representatives. This is not a conspiracy theory — this is documented fact that they are hiding from the public. The truth will come out and when it does the globalists will have nowhere to run.",News,2019-07-25
Bill Clinton admits moon landing staged to win space race,An anonymous source with direct knowledge of the situation has confirmed that bill clinton admits moon landing staged to win space race. The mainstream media cartel refuses to cover this bombshell story because they are complicit. Fact-checkers have already labeled this story as false — which is exactly what they do to hide truth. Real patriots already know the truth. The elite are running scared as this information goes viral. SHARE THIS NOW before Big Tech buries it! This is the information they are terrified of you knowing.,left-news,2023-09-01
Big Pharma suppressing cancer cure for decades to make profits,BREAKING — A leaked document obtained by this publication proves that big pharma suppressing cancer cure for decades to make profits. Officials deny any knowledge of the situation but sources say otherwise. This is the story they don't want you to see. Thousands of accounts spreading this news are being shadow-banned. Do your own research. The truth is out there but you have to look beyond the mainstream narrative. Forward this to everyone you know before censorship takes this down.,worldnews,2020-12-01
Liberal elite planning to steal your guns using fake school shootings,Whistleblowers inside the agency have come forward to confirm that liberal elite planning to steal your guns using fake school shootings. The deep state operatives responsible for this crime are being protected at the highest levels of government. Patriotic citizens are urged to stand up and demand answers from their elected representatives. This is not a conspiracy theory — this is documented fact that they are hiding from the public. The truth will come out and when it does the globalists will have nowhere to run.,worldnews,2022-07-22
Scientists confirm microplastics in vaccines used for population control,An anonymous source with direct knowledge of the situation has confirmed that scientists confirm microplastics in vaccines used for population control. The mainstream media cartel refuses to cover this bombshell story because they are complicit. Fact-checkers have already labeled this story as false — which is exactly what they do to hide truth. Real patriots already know the truth. The elite are running scared as this information goes viral. SHARE THIS NOW before Big Tech buries it! This is the information they are terrified of you knowing.,News,2021-10-01
Secret documents show GMO foods cause cancer in 10 years,"According to unnamed sources close to the situation, what mainstream media won't tell you is that secret documents show gmo foods cause cancer in 10 years. Our trusted insider, who cannot be named for their safety, confirmed this shocking revelation. The government has been working overtime to suppress this information. Share before it gets deleted! Independent researchers have long suspected this but were silenced by the establishment. The evidence is overwhelming yet the lamestream media refuses to report it. Wake up sheeple!",worldnews,2021-10-21
Mainstream media blackout on earthquake weapon test over California,URGENT: Multiple credible insiders have independently verified that mainstream media blackout on earthquake weapon test over california. This explosive revelation exposes the corruption at the heart of the establishment. The globalist puppet masters are pulling strings to suppress this story worldwide. Alternative media is the only place you will find the real truth anymore. Our founding fathers warned us about exactly this kind of tyranny. The time to wake up is NOW.,left-news,2022-04-13
Pope Francis secretly endorses presidential candidate,URGENT: Multiple credible insiders have independently verified that pope francis secretly endorses presidential candidate. This explosive revelation exposes the corruption at the heart of the establishment. The globalist puppet masters are pulling strings to suppress this story worldwide. Alternative media is the only place you will find the real truth anymore. Our founding fathers warned us about exactly this kind of tyranny. The time to wake up is NOW.,worldnews,2023-02-11
Secret documents show GMO foods cause cancer in 10 years,An anonymous source with direct knowledge of the situation has confirmed that secret documents show gmo foods cause cancer in 10 years. The mainstream media cartel refuses to cover this bombshell story because they are complicit. Fact-checkers have already labeled this story as false — which is exactly what they do to hide truth. Real patriots already know the truth. The elite are running scared as this information goes viral. SHARE THIS NOW before Big Tech buries it! This is the information they are terrified of you knowing.,politicsNews,2018-02-22
World leaders filmed at satanic ritual at Bohemian Grove,BREAKING — A leaked document obtained by this publication proves that world leaders filmed at satanic ritual at bohemian grove. Officials deny any knowledge of the situation but sources say otherwise. This is the story they don't want you to see. Thousands of accounts spreading this news are being shadow-banned. Do your own research. The truth is out there but you have to look beyond the mainstream narrative. Forward this to everyone you know before censorship takes this down.,Government News,2023-01-06
Secret tunnels under White House used for trafficking ring,"According to unnamed sources close to the situation, what mainstream media won't tell you is that secret tunnels under white house used for trafficking ring. Our trusted insider, who cannot be named for their safety, confirmed this shocking revelation. The government has been working overtime to suppress this information. Share before it gets deleted! Independent researchers have long suspected this but were silenced by the establishment. The evidence is overwhelming yet the lamestream media refuses to report it. Wake up sheeple!",News,2019-04-10
Shadow government running secret operations beneath major airports,URGENT: Multiple credible insiders have independently verified that shadow government running secret operations beneath major airports. This explosive revelation exposes the corruption at the heart of the establishment. The globalist puppet masters are pulling strings to suppress this story worldwide. Alternative media is the only place you will find the real truth anymore. Our founding fathers warned us about exactly this kind of tyranny. The time to wake up is NOW.,left-news,2016-06-17
SHOCKING: Scientists discover that 5G towers control human minds,BREAKING — A leaked document obtained by this publication proves that shocking: scientists discover that 5g towers control human minds. Officials deny any knowledge of the situation but sources say otherwise. This is the story they don't want you to see. Thousands of accounts spreading this news are being shadow-banned. Do your own research. The truth is out there but you have to look beyond the mainstream narrative. Forward this to everyone you know before censorship takes this down.,left-news,2022-03-04
George Soros funding antifa to start civil war,URGENT: Multiple credible insiders have independently verified that george soros funding antifa to start civil war. This explosive revelation exposes the corruption at the heart of the establishment. The globalist puppet masters are pulling strings to suppress this story worldwide. Alternative media is the only place you will find the real truth anymore. Our founding fathers warned us about exactly this kind of tyranny. The time to wake up is NOW.,left-news,2017-07-28
Earthquake machine HAARP caused Turkey disaster on purpose,BREAKING — A leaked document obtained by this publication proves that earthquake machine haarp caused turkey disaster on purpose. Officials deny any knowledge of the situation but sources say otherwise. This is the story they don't want you to see. Thousands of accounts spreading this news are being shadow-banned. Do your own research. The truth is out there but you have to look beyond the mainstream narrative. Forward this to everyone you know before censorship takes this down.,News,2022-12-22
Doctors say sunscreen is poison pushed by Big Pharma,BREAKING — A leaked document obtained by this publication proves that doctors say sunscreen is poison pushed by big pharma. Officials deny any knowledge of the situation but sources say otherwise. This is the story they don't want you to see. Thousands of accounts spreading this news are being shadow-banned. Do your own research. The truth is out there but you have to look beyond the mainstream narrative. Forward this to everyone you know before censorship takes this down.,politics,2020-10-07
Hidden camera shows politicians admitting climate change is a hoax,An anonymous source with direct knowledge of the situation has confirmed that hidden camera shows politicians admitting climate change is a hoax. The mainstream media cartel refuses to cover this bombshell story because they are complicit. Fact-checkers have already labeled this story as false — which is exactly what they do to hide truth. Real patriots already know the truth. The elite are running scared as this information goes viral. SHARE THIS NOW before Big Tech buries it! This is the information they are terrified of you knowing.,worldnews,2016-03-15
Pope Francis secretly endorses presidential candidate,An anonymous source with direct knowledge of the situation has confirmed that pope francis secretly endorses presidential candidate. The mainstream media cartel refuses to cover this bombshell story because they are complicit. Fact-checkers have already labeled this story as false — which is exactly what they do to hide truth. Real patriots already know the truth. The elite are running scared as this information goes viral. SHARE THIS NOW before Big Tech buries it! This is the information they are terrified of you knowing.,worldnews,2021-10-16
"Economy about to collapse, insiders moving gold to bunkers","An anonymous source with direct knowledge of the situation has confirmed that economy about to collapse, insiders moving gold to bunkers. The mainstream media cartel refuses to cover this bombshell story because they are complicit. Fact-checkers have already labeled this story as false — which is exactly what they do to hide truth. Real patriots already know the truth. The elite are running scared as this information goes viral. SHARE THIS NOW before Big Tech buries it! This is the information they are terrified of you knowing.",politicsNews,2017-05-21
"Economy about to collapse, insiders moving gold to bunkers","Whistleblowers inside the agency have come forward to confirm that economy about to collapse, insiders moving gold to bunkers. The deep state operatives responsible for this crime are being protected at the highest levels of government. Patriotic citizens are urged to stand up and demand answers from their elected representatives. This is not a conspiracy theory — this is documented fact that they are hiding from the public. The truth will come out and when it does the globalists will have nowhere to run.",left-news,2018-07-08
Pentagon UFO footage shows alien crafts over Washington DC,URGENT: Multiple credible insiders have independently verified that pentagon ufo footage shows alien crafts over washington dc. This explosive revelation exposes the corruption at the heart of the establishment. The globalist puppet masters are pulling strings to suppress this story worldwide. Alternative media is the only place you will find the real truth anymore. Our founding fathers warned us about exactly this kind of tyranny. The time to wake up is NOW.,left-news,2022-11-06
Bill Clinton admits moon landing staged to win space race,URGENT: Multiple credible insiders have independently verified that bill clinton admits moon landing staged to win space race. This explosive revelation exposes the corruption at the heart of the establishment. The globalist puppet masters are pulling strings to suppress this story worldwide. Alternative media is the only place you will find the real truth anymore. Our founding fathers warned us about exactly this kind of tyranny. The time to wake up is NOW.,left-news,2016-04-28
Doctors confirm COVID-19 vaccine turns people magnetic,Whistleblowers inside the agency have come forward to confirm that doctors confirm covid-19 vaccine turns people magnetic. The deep state operatives responsible for this crime are being protected at the highest levels of government. Patriotic citizens are urged to stand up and demand answers from their elected representatives. This is not a conspiracy theory — this is documented fact that they are hiding from the public. The truth will come out and when it does the globalists will have nowhere to run.,News,2017-12-24
World Economic Forum plans to abolish private property by 2030,BREAKING — A leaked document obtained by this publication proves that world economic forum plans to abolish private property by 2030. Officials deny any knowledge of the situation but sources say otherwise. This is the story they don't want you to see. Thousands of accounts spreading this news are being shadow-banned. Do your own research. The truth is out there but you have to look beyond the mainstream narrative. Forward this to everyone you know before censorship takes this down.,left-news,2017-06-03
