title,text,subject,date
Secretary of State holds bilateral talks with foreign minister in capital,"In a statement released Friday, officials confirmed that secretary of state holds bilateral talks with foreign minister in capital. The decision follows months of negotiations and represents a significant policy shift. Experts said the move was expected given recent economic indicators and geopolitical developments. Spokesperson for the agency noted: ""We are committed to transparency and will continue to update the public."" The announcement was welcomed by industry leaders while some advocacy groups called for further review.",News,2022-08-06
International Monetary Fund revises global growth forecast downward,"international monetary fund revises global growth forecast downward, according to data released by the agency on Friday. The figures mark a notable change compared to the same period last year. Analysts attributed the shift to several macroeconomic factors including supply chain normalization. A senior official speaking on background said policymakers are closely monitoring the situation. Further details are expected to be released at a press briefing scheduled for later this week.",politicsNews,2023-01-03
Transportation Secretary unveils plan to modernize air traffic control,"The administration announced Thursday that transportation secretary unveils plan to modernize air traffic control. Officials cited data showing consistent trends in the relevant sectors over the past quarter. Congressional leaders from both parties acknowledged the significance of the development. The press secretary stated: ""This reflects our ongoing commitment to evidence-based policymaking."" International observers noted the decision aligns with broader global economic trends.",News,2022-04-13
United Nations calls for ceasefire as conflict in region intensifies,"In a statement released Wednesday, officials confirmed that united nations calls for ceasefire as conflict in region intensifies. The decision follows months of negotiations and represents a significant policy shift. Experts said the move was expected given recent economic indicators and geopolitical developments. Spokesperson for the agency noted: ""We are committed to transparency and will continue to update the public."" The announcement was welcomed by industry leaders while some advocacy groups called for further review.",politicsNews,2018-06-22
National Institutes of Health announces increased funding for cancer research,"The administration announced Thursday that national institutes of health announces increased funding for cancer research. Officials cited data showing consistent trends in the relevant sectors over the past quarter. Congressional leaders from both parties acknowledged the significance of the development. The press secretary stated: ""This reflects our ongoing commitment to evidence-based policymaking."" International observers noted the decision aligns with broader global economic trends.",left-news,2017-02-18
Labor Department reports strong job gains across manufacturing sector,"labor department reports strong job gains across manufacturing sector, according to data released by the agency on Thursday. The figures mark a notable change compared to the same period last year. Analysts attributed the shift to several macroeconomic factors including supply chain normalization. A senior official speaking on background said policymakers are closely monitoring the situation. Further details are expected to be released at a press briefing scheduled for later this week.",worldnews,2023-05-27
Supreme Court hears oral arguments in landmark free speech case,"supreme court hears oral arguments in landmark free speech case, according to data released by the agency on Monday. The figures mark a notable change compared to the same period last year. Analysts attributed the shift to several macroeconomic factors including supply chain normalization. A senior official speaking on background said policymakers are closely monitoring the situation. Further details are expected to be released at a press briefing scheduled for later this week.",politics,2017-03-10
Climate summit reaches agreement on carbon emission reductions,"According to a report published Thursday, climate summit reaches agreement on carbon emission reductions. The findings were based on a comprehensive review of publicly available data and expert testimony. Committee members questioned agency officials for several hours before releasing the final report. Independent economists described the assessment as thorough and methodologically sound. The report will now be reviewed by the relevant oversight body before any formal policy action is taken.",worldnews,2017-11-25
Federal Reserve raises interest rates by 25 basis points amid inflation concerns,"Researchers at a leading institution published findings Tuesday showing that federal reserve raises interest rates by 25 basis points amid inflation concerns. The peer-reviewed study, conducted over 18 months, analyzed data from more than 10,000 participants. Lead author stated the results have important implications for public policy and future research. The methodology was independently verified by two external review boards before publication. Government agencies said they would consider the findings in upcoming regulatory reviews.",left-news,2021-03-07
Science journal publishes breakthrough research on gene editing safety,"In a statement released Friday, officials confirmed that science journal publishes breakthrough research on gene editing safety. The decision follows months of negotiations and represents a significant policy shift. Experts said the move was expected given recent economic indicators and geopolitical developments. Spokesperson for the agency noted: ""We are committed to transparency and will continue to update the public."" The announcement was welcomed by industry leaders while some advocacy groups called for further review.",worldnews,2023-12-02
Transportation Secretary unveils plan to modernize air traffic control,"According to a report published Monday, transportation secretary unveils plan to modernize air traffic control. The findings were based on a comprehensive review of publicly available data and expert testimony. Committee members questioned agency officials for several hours before releasing the final report. Independent economists described the assessment as thorough and methodologically sound. The report will now be reviewed by the relevant oversight body before any formal policy action is taken.",left-news,2020-08-02
Central bank governor testifies before Senate banking committee,"In a statement released Monday, officials confirmed that central bank governor testifies before senate banking committee. The decision follows months of negotiations and represents a significant policy shift. Experts said the move was expected given recent economic indicators and geopolitical developments. Spokesperson for the agency noted: ""We are committed to transparency and will continue to update the public."" The announcement was welcomed by industry leaders while some advocacy groups called for further review.",left-news,2019-04-12
Global food prices rise as drought affects major agricultural regions,"global food prices rise as drought affects major agricultural regions, according to data released by the agency on Monday. The figures mark a notable change compared to the same period last year. Analysts attributed the shift to several macroeconomic factors including supply chain normalization. A senior official speaking on background said policymakers are closely monitoring the situation. Further details are expected to be released at a press briefing scheduled for later this week.",politicsNews,2022-01-01
SpaceX successfully lands booster for record fifteenth time,"spacex successfully lands booster for record fifteenth time, according to data released by the agency on Monday. The figures mark a notable change compared to the same period last year. Analysts attributed the shift to several macroeconomic factors including supply chain normalization. A senior official speaking on background said policymakers are closely monitoring the situation. Further details are expected to be released at a press briefing scheduled for later this week.",worldnews,2017-11-06
Presidential press secretary addresses reporters on foreign policy,"presidential press secretary addresses reporters on foreign policy, according to data released by the agency on Monday. The figures mark a notable change compared to the same period last year. Analysts attributed the shift to several macroeconomic factors including supply chain normalization. A senior official speaking on background said policymakers are closely monitoring the situation. Further details are expected to be released at a press briefing scheduled for later this week.",left-news,2017-06-11
Health officials report significant decline in childhood obesity rates,"health officials report significant decline in childhood obesity rates, according to data released by the agency on Friday. The figures mark a notable change compared to the same period last year. Analysts attributed the shift to several macroeconomic factors including supply chain normalization. A senior official speaking on background said policymakers are closely monitoring the situation. Further details are expected to be released at a press briefing scheduled for later this week.",worldnews,2022-07-04
Tech companies face antitrust scrutiny from regulators in EU and US,"tech companies face antitrust scrutiny from regulators in eu and us, according to data released by the agency on Monday. The figures mark a notable change compared to the same period last year. Analysts attributed the shift to several macroeconomic factors including supply chain normalization. A senior official speaking on background said policymakers are closely monitoring the situation. Further details are expected to be released at a press briefing scheduled for later this week.",News,2021-03-01
Unemployment rate falls to lowest level in two years,"Researchers at a leading institution published findings Monday showing that unemployment rate falls to lowest level in two years. The peer-reviewed study, conducted over 18 months, analyzed data from more than 10,000 participants. Lead author stated the results have important implications for public policy and future research. The methodology was independently verified by two external review boards before publication. Government agencies said they would consider the findings in upcoming regulatory reviews.",left-news,2019-08-08
NASA successfully launches Artemis mission to lunar orbit,"Researchers at a leading institution published findings Friday showing that nasa successfully launches artemis mission to lunar orbit. The peer-reviewed study, conducted over 18 months, analyzed data from more than 10,000 participants. Lead author stated the results have important implications for public policy and future research. The methodology was independently verified by two external review boards before publication. Government agencies said they would consider the findings in upcoming regulatory reviews.",News,2016-02-07
Researchers publish findings on sleep deprivation and cognitive decline,"Researchers at a leading institution published findings Friday showing that researchers publish findings on sleep deprivation and cognitive decline. The peer-reviewed study, conducted over 18 months, analyzed data from more than 10,000 participants. Lead author stated the results have important implications for public policy and future research. The methodology was independently verified by two external review boards before publication. Government agencies said they would consider the findings in upcoming regulatory reviews.",left-news,2017-12-18
House passes bipartisan legislation on prescription drug pricing reform,"house passes bipartisan legislation on prescription drug pricing reform, according to data released by the agency on Wednesday. The figures mark a notable change compared to the same period last year. Analysts attributed the shift to several macroeconomic factors including supply chain normalization. A senior official speaking on background said policymakers are closely monitoring the situation. Further details are expected to be released at a press briefing scheduled for later this week.",politicsNews,2021-11-23
World Bank approves emergency loans to three developing nations,"world bank approves emergency loans to three developing nations, according to data released by the agency on Wednesday. The figures mark a notable change compared to the same period last year. Analysts attributed the shift to several macroeconomic factors including supply chain normalization. A senior official speaking on background said policymakers are closely monitoring the situation. Further details are expected to be released at a press briefing scheduled for later this week.",worldnews,2021-11-16
NASA successfully launches Artemis mission to lunar orbit,"Researchers at a leading institution published findings Monday showing that nasa successfully launches artemis mission to lunar orbit. The peer-reviewed study, conducted over 18 months, analyzed data from more than 10,000 participants. Lead author stated the results have important implications for public policy and future research. The methodology was independently verified by two external review boards before publication. Government agencies said they would consider the findings in upcoming regulatory reviews.",politics,2023-07-17
Transportation Secretary unveils plan to modernize air traffic control,"transportation secretary unveils plan to modernize air traffic control, according to data released by the agency on Friday. The figures mark a notable change compared to the same period last year. Analysts attributed the shift to several macroeconomic factors including supply chain normalization. A senior official speaking on background said policymakers are closely monitoring the situation. Further details are expected to be released at a press briefing scheduled for later this week.",politics,2016-04-01
Environmental Protection Agency announces new clean air standards,"In a statement released Wednesday, officials confirmed that environmental protection agency announces new clean air standards. The decision follows months of negotiations and represents a significant policy shift. Experts said the move was expected given recent economic indicators and geopolitical developments. Spokesperson for the agency noted: ""We are committed to transparency and will continue to update the public."" The announcement was welcomed by industry leaders while some advocacy groups called for further review.",worldnews,2022-04-20
WHO warns of rising antibiotic resistance as global health threat,"In a statement released Tuesday, officials confirmed that who warns of rising antibiotic resistance as global health threat. The decision follows months of negotiations and represents a significant policy shift. Experts said the move was expected given recent economic indicators and geopolitical developments. Spokesperson for the agency noted: ""We are committed to transparency and will continue to update the public."" The announcement was welcomed by industry leaders while some advocacy groups called for further review.",News,2023-05-07
Pentagon releases annual defense budget request to Congress,"The administration announced Tuesday that pentagon releases annual defense budget request to congress. Officials cited data showing consistent trends in the relevant sectors over the past quarter. Congressional leaders from both parties acknowledged the significance of the development. The press secretary stated: ""This reflects our ongoing commitment to evidence-based policymaking."" International observers noted the decision aligns with broader global economic trends.",Government News,2016-04-24
Central bank governor testifies before Senate banking committee,"The administration announced Wednesday that central bank governor testifies before senate banking committee. Officials cited data showing consistent trends in the relevant sectors over the past quarter. Congressional leaders from both parties acknowledged the significance of the development. The press secretary stated: ""This reflects our ongoing commitment to evidence-based policymaking."" International observers noted the decision aligns with broader global economic trends.",worldnews,2020-06-21
Secretary of State holds bilateral talks with foreign minister in capital,"In a statement released Friday, officials confirmed that secretary of state holds bilateral talks with foreign minister in capital. The decision follows months of negotiations and represents a significant policy shift. Experts said the move was expected given recent economic indicators and geopolitical developments. Spokesperson for the agency noted: ""We are committed to transparency and will continue to update the public."" The announcement was welcomed by industry leaders while some advocacy groups called for further review.",left-news,2020-01-08
Presidential press secretary addresses reporters on foreign policy,"Researchers at a leading institution published findings Wednesday showing that presidential press secretary addresses reporters on foreign policy. The peer-reviewed study, conducted over 18 months, analyzed data from more than 10,000 participants. Lead author stated the results have important implications for public policy and future research. The methodology was independently verified by two external review boards before publication. Government agencies said they would consider the findings in upcoming regulatory reviews.",worldnews,2019-09-02
Labor Department reports strong job gains across manufacturing sector,"labor department reports strong job gains across manufacturing sector, according to data released by the agency on Tuesday. The figures mark a notable change compared to the same period last year. Analysts attributed the shift to several macroeconomic factors including supply chain normalization. A senior official speaking on background said policymakers are closely monitoring the situation. Further details are expected to be released at a press briefing scheduled for later this week.",politics,2022-09-11
European Central Bank signals potential interest rate cut next quarter,"The administration announced Monday that european central bank signals potential interest rate cut next quarter. Officials cited data showing consistent trends in the relevant sectors over the past quarter. Congressional leaders from both parties acknowledged the significance of the development. The press secretary stated: ""This reflects our ongoing commitment to evidence-based policymaking."" International observers noted the decision aligns with broader global economic trends.",politicsNews,2023-02-07
Apple reports record quarterly earnings driven by iPhone sales,"apple reports record quarterly earnings driven by iphone sales, according to data released by the agency on Tuesday. The figures mark a notable change compared to the same period last year. Analysts attributed the shift to several macroeconomic factors including supply chain normalization. A senior official speaking on background said policymakers are closely monitoring the situation. Further details are expected to be released at a press briefing scheduled for later this week.",worldnews,2017-03-19
Health officials report significant decline in childhood obesity rates,"health officials report significant decline in childhood obesity rates, according to data released by the agency on Tuesday. The figures mark a notable change compared to the same period last year. Analysts attributed the shift to several macroeconomic factors including supply chain normalization. A senior official speaking on background said policymakers are closely monitoring the situation. Further details are expected to be released at a press briefing scheduled for later this week.",politics,2017-07-24
University study links ultra-processed foods to higher mortality risk,"Researchers at a leading institution published findings Tuesday showing that university study links ultra-processed foods to higher mortality risk. The peer-reviewed study, conducted over 18 months, analyzed data from more than 10,000 participants. Lead author stated the results have important implications for public policy and future research. The methodology was independently verified by two external review boards before publication. Government agencies said they would consider the findings in upcoming regulatory reviews.",Government News,2019-04-14
European Central Bank signals potential interest rate cut next quarter,"According to a report published Tuesday, european central bank signals potential interest rate cut next quarter. The findings were based on a comprehensive review of publicly available data and expert testimony. Committee members questioned agency officials for several hours before releasing the final report. Independent economists described the assessment as thorough and methodologically sound. The report will now be reviewed by the relevant oversight body before any formal policy action is taken.",News,2020-10-15
Transportation Secretary unveils plan to modernize air traffic control,"transportation secretary unveils plan to modernize air traffic control, according to data released by the agency on Wednesday. The figures mark a notable change compared to the same period last year. Analysts attributed the shift to several macroeconomic factors including supply chain normalization. A senior official speaking on background said policymakers are closely monitoring the situation. Further details are expected to be released at a press briefing scheduled for later this week.",left-news,2017-06-13
World Bank approves emergency loans to three developing nations,"world bank approves emergency loans to three developing nations, according to data released by the agency on Thursday. The figures mark a notable change compared to the same period last year. Analysts attributed the shift to several macroeconomic factors including supply chain normalization. A senior official speaking on background said policymakers are closely monitoring the situation. Further details are expected to be released at a press briefing scheduled for later this week.",left-news,2022-09-20
National Institutes of Health announces increased funding for cancer research,"The administration announced Tuesday that national institutes of health announces increased funding for cancer research. Officials cited data showing consistent trends in the relevant sectors over the past quarter. Congressional leaders from both parties acknowledged the significance of the development. The press secretary stated: ""This reflects our ongoing commitment to evidence-based policymaking."" International observers noted the decision aligns with broader global economic trends.",left-news,2016-07-14
WHO warns of rising antibiotic resistance as global health threat,"Researchers at a leading institution published findings Friday showing that who warns of rising antibiotic resistance as global health threat. The peer-reviewed study, conducted over 18 months, analyzed data from more than 10,000 participants. Lead author stated the results have important implications for public policy and future research. The methodology was independently verified by two external review boards before publication. Government agencies said they would consider the findings in upcoming regulatory reviews.",politics,2018-09-24
European Central Bank signals potential interest rate cut next quarter,"Researchers at a leading institution published findings Thursday showing that european central bank signals potential interest rate cut next quarter. The peer-reviewed study, conducted over 18 months, analyzed data from more than 10,000 participants. Lead author stated the results have important implications for public policy and future research. The methodology was independently verified by two external review boards before publication. Government agencies said they would consider the findings in upcoming regulatory reviews.",left-news,2020-08-10
World Bank approves emergency loans to three developing nations,"According to a report published Friday, world bank approves emergency loans to three developing nations. The findings were based on a comprehensive review of publicly available data and expert testimony. Committee members questioned agency officials for several hours before releasing the final report. Independent economists described the assessment as thorough and methodologically sound. The report will now be reviewed by the relevant oversight body before any formal policy action is taken.",left-news,2017-06-05
Science journal publishes breakthrough research on gene editing safety,"The administration announced Tuesday that science journal publishes breakthrough research on gene editing safety. Officials cited data showing consistent trends in the relevant sectors over the past quarter. Congressional leaders from both parties acknowledged the significance of the development. The press secretary stated: ""This reflects our ongoing commitment to evidence-based policymaking."" International observers noted the decision aligns with broader global economic trends.",worldnews,2019-01-01
National Science Foundation awards grants for quantum computing research,"Researchers at a leading institution published findings Thursday showing that national science foundation awards grants for quantum computing research. The peer-reviewed study, conducted over 18 months, analyzed data from more than 10,000 participants. Lead author stated the results have important implications for public policy and future research. The methodology was independently verified by two external review boards before publication. Government agencies said they would consider the findings in upcoming regulatory reviews.",left-news,2022-07-24
Congressional hearing examines social media impact on teen mental health,"The administration announced Thursday that congressional hearing examines social media impact on teen mental health. Officials cited data showing consistent trends in the relevant sectors over the past quarter. Congressional leaders from both parties acknowledged the significance of the development. The press secretary stated: ""This reflects our ongoing commitment to evidence-based policymaking."" International observers noted the decision aligns with broader global economic trends.",News,2017-07-02
Climate summit reaches agreement on carbon emission reductions,"The administration announced Friday that climate summit reaches agreement on carbon emission reductions. Officials cited data showing consistent trends in the relevant sectors over the past quarter. Congressional leaders from both parties acknowledged the significance of the development. The press secretary stated: ""This reflects our ongoing commitment to evidence-based policymaking."" International observers noted the decision aligns with broader global economic trends.",worldnews,2019-07-09
Commerce Department reports rise in trade deficit for second quarter,"Researchers at a leading institution published findings Friday showing that commerce department reports rise in trade deficit for second quarter. The peer-reviewed study, conducted over 18 months, analyzed data from more than 10,000 participants. Lead author stated the results have important implications for public policy and future research. The methodology was independently verified by two external review boards before publication. Government agencies said they would consider the findings in upcoming regulatory reviews.",Government News,2023-11-23
Congressional hearing examines social media impact on teen mental health,"In a statement released Thursday, officials confirmed that congressional hearing examines social media impact on teen mental health. The decision follows months of negotiations and represents a significant policy shift. Experts said the move was expected given recent economic indicators and geopolitical developments. Spokesperson for the agency noted: ""We are committed to transparency and will continue to update the public."" The announcement was welcomed by industry leaders while some advocacy groups called for further review.",left-news,2019-04-16
United Nations calls for ceasefire as conflict in region intensifies,"Researchers at a leading institution published findings Monday showing that united nations calls for ceasefire as conflict in region intensifies. The peer-reviewed study, conducted over 18 months, analyzed data from more than 10,000 participants. Lead author stated the results have important implications for public policy and future research. The methodology was independently verified by two external review boards before publication. Government agencies said they would consider the findings in upcoming regulatory reviews.",Government News,2018-05-20
University study links ultra-processed foods to higher mortality risk,"university study links ultra-processed foods to higher mortality risk, according to data released by the agency on Wednesday. The figures mark a notable change compared to the same period last year. Analysts attributed the shift to several macroeconomic factors including supply chain normalization. A senior official speaking on background said policymakers are closely monitoring the situation. Further details are expected to be released at a press briefing scheduled for later this week.",worldnews,2018-01-04
Commerce Department reports rise in trade deficit for second quarter,"In a statement released Thursday, officials confirmed that commerce department reports rise in trade deficit for second quarter. The decision follows months of negotiations and represents a significant policy shift. Experts said the move was expected given recent economic indicators and geopolitical developments. Spokesperson for the agency noted: ""We are committed to transparency and will continue to update the public."" The announcement was welcomed by industry leaders while some advocacy groups called for further review.",left-news,2017-09-07
NATO allies agree to increase defense spending commitments,"nato allies agree to increase defense spending commitments, according to data released by the agency on Thursday. The figures mark a notable change compared to the same period last year. Analysts attributed the shift to several macroeconomic factors including supply chain normalization. A senior official speaking on background said policymakers are closely monitoring the situation. Further details are expected to be released at a press briefing scheduled for later this week.",News,2020-09-18
Labor Department reports strong job gains across manufacturing sector,"The administration announced Friday that labor department reports strong job gains across manufacturing sector. Officials cited data showing consistent trends in the relevant sectors over the past quarter. Congressional leaders from both parties acknowledged the significance of the development. The press secretary stated: ""This reflects our ongoing commitment to evidence-based policymaking."" International observers noted the decision aligns with broader global economic trends.",News,2022-12-28
WHO warns of rising antibiotic resistance as global health threat,"In a statement released Friday, officials confirmed that who warns of rising antibiotic resistance as global health threat. The decision follows months of negotiations and represents a significant policy shift. Experts said the move was expected given recent economic indicators and geopolitical developments. Spokesperson for the agency noted: ""We are committed to transparency and will continue to update the public."" The announcement was welcomed by industry leaders while some advocacy groups called for further review.",News,2018-05-24
Senate confirms new ambassador to key ally in diplomatic shift,"The administration announced Wednesday that senate confirms new ambassador to key ally in diplomatic shift. Officials cited data showing consistent trends in the relevant sectors over the past quarter. Congressional leaders from both parties acknowledged the significance of the development. The press secretary stated: ""This reflects our ongoing commitment to evidence-based policymaking."" International observers noted the decision aligns with broader global economic trends.",politicsNews,2018-08-01
Congress passes bipartisan infrastructure bill worth 1.2 trillion dollars,"In a statement released Thursday, officials confirmed that congress passes bipartisan infrastructure bill worth 1.2 trillion dollars. The decision follows months of negotiations and represents a significant policy shift. Experts said the move was expected given recent economic indicators and geopolitical developments. Spokesperson for the agency noted: ""We are committed to transparency and will continue to update the public."" The announcement was welcomed by industry leaders while some advocacy groups called for further review.",politics,2022-11-10
Presidential press secretary addresses reporters on foreign policy,"The administration announced Tuesday that presidential press secretary addresses reporters on foreign policy. Officials cited data showing consistent trends in the relevant sectors over the past quarter. Congressional leaders from both parties acknowledged the significance of the development. The press secretary stated: ""This reflects our ongoing commitment to evidence-based policymaking."" International observers noted the decision aligns with broader global economic trends.",worldnews,2021-03-23
Stock markets decline as investors react to rising bond yields,"stock markets decline as investors react to rising bond yields, according to data released by the agency on Thursday. The figures mark a notable change compared to the same period last year. Analysts attributed the shift to several macroeconomic factors including supply chain normalization. A senior official speaking on background said policymakers are closely monitoring the situation. Further details are expected to be released at a press briefing scheduled for later this week.",worldnews,2017-08-19
Senate confirms new ambassador to key ally in diplomatic shift,"senate confirms new ambassador to key ally in diplomatic shift, according to data released by the agency on Tuesday. The figures mark a notable change compared to the same period last year. Analysts attributed the shift to several macroeconomic factors including supply chain normalization. A senior official speaking on background said policymakers are closely monitoring the situation. Further details are expected to be released at a press briefing scheduled for later this week.",politicsNews,2018-04-09
Researchers publish findings on sleep deprivation and cognitive decline,"The administration announced Friday that researchers publish findings on sleep deprivation and cognitive decline. Officials cited data showing consistent trends in the relevant sectors over the past quarter. Congressional leaders from both parties acknowledged the significance of the development. The press secretary stated: ""This reflects our ongoing commitment to evidence-based policymaking."" International observers noted the decision aligns with broader global economic trends.",politicsNews,2018-02-10
WHO warns of rising antibiotic resistance as global health threat,"The administration announced Monday that who warns of rising antibiotic resistance as global health threat. Officials cited data showing consistent trends in the relevant sectors over the past quarter. Congressional leaders from both parties acknowledged the significance of the development. The press secretary stated: ""This reflects our ongoing commitment to evidence-based policymaking."" International observers noted the decision aligns with broader global economic trends.",News,2017-06-01
Agriculture Department releases annual crop yield forecast for winter,"agriculture department releases annual crop yield forecast for winter, according to data released by the agency on Thursday. The figures mark a notable change compared to the same period last year. Analysts attributed the shift to several macroeconomic factors including supply chain normalization. A senior official speaking on background said policymakers are closely monitoring the situation. Further details are expected to be released at a press briefing scheduled for later this week.",left-news,2017-01-02
President signs executive order on artificial intelligence regulation,"In a statement released Friday, officials confirmed that president signs executive order on artificial intelligence regulation. The decision follows months of negotiations and represents a significant policy shift. Experts said the move was expected given recent economic indicators and geopolitical developments. Spokesperson for the agency noted: ""We are committed to transparency and will continue to update the public."" The announcement was welcomed by industry leaders while some advocacy groups called for further review.",politicsNews,2017-04-17
Federal Reserve raises interest rates by 25 basis points amid inflation concerns,"The administration announced Friday that federal reserve raises interest rates by 25 basis points amid inflation concerns. Officials cited data showing consistent trends in the relevant sectors over the past quarter. Congressional leaders from both parties acknowledged the significance of the development. The press secretary stated: ""This reflects our ongoing commitment to evidence-based policymaking."" International observers noted the decision aligns with broader global economic trends.",politics,2020-08-16
Secretary of State holds bilateral talks with foreign minister in capital,"Researchers at a leading institution published findings Friday showing that secretary of state holds bilateral talks with foreign minister in capital. The peer-reviewed study, conducted over 18 months, analyzed data from more than 10,000 participants. Lead author stated the results have important implications for public policy and future research. The methodology was independently verified by two external review boards before publication. Government agencies said they would consider the findings in upcoming regulatory reviews.",left-news,2021-06-22
SpaceX successfully lands booster for record fifteenth time,"Researchers at a leading institution published findings Tuesday showing that spacex successfully lands booster for record fifteenth time. The peer-reviewed study, conducted over 18 months, analyzed data from more than 10,000 participants. Lead author stated the results have important implications for public policy and future research. The methodology was independently verified by two external review boards before publication. Government agencies said they would consider the findings in upcoming regulatory reviews.",News,2022-07-20
Apple reports record quarterly earnings driven by iPhone sales,"Researchers at a leading institution published findings Wednesday showing that apple reports record quarterly earnings driven by iphone sales. The peer-reviewed study, conducted over 18 months, analyzed data from more than 10,000 participants. Lead author stated the results have important implications for public policy and future research. The methodology was independently verified by two external review boards before publication. Government agencies said they would consider the findings in upcoming regulatory reviews.",politicsNews,2016-08-28
Federal Reserve chair says inflation showing signs of gradual easing,"The administration announced Tuesday that federal reserve chair says inflation showing signs of gradual easing. Officials cited data showing consistent trends in the relevant sectors over the past quarter. Congressional leaders from both parties acknowledged the significance of the development. The press secretary stated: ""This reflects our ongoing commitment to evidence-based policymaking."" International observers noted the decision aligns with broader global economic trends.",politicsNews,2017-09-09
Federal Reserve chair says inflation showing signs of gradual easing,"federal reserve chair says inflation showing signs of gradual easing, according to data released by the agency on Wednesday. The figures mark a notable change compared to the same period last year. Analysts attributed the shift to several macroeconomic factors including supply chain normalization. A senior official speaking on background said policymakers are closely monitoring the situation. Further details are expected to be released at a press briefing scheduled for later this week.",left-news,2023-09-14
Labor Department reports strong job gains across manufacturing sector,"labor department reports strong job gains across manufacturing sector, according to data released by the agency on Monday. The figures mark a notable change compared to the same period last year. Analysts attributed the shift to several macroeconomic factors including supply chain normalization. A senior official speaking on background said policymakers are closely monitoring the situation. Further details are expected to be released at a press briefing scheduled for later this week.",Government News,2021-01-21
Congressional hearing examines social media impact on teen mental health,"In a statement released Wednesday, officials confirmed that congressional hearing examines social media impact on teen mental health. The decision follows months of negotiations and represents a significant policy shift. Experts said the move was expected given recent economic indicators and geopolitical developments. Spokesperson for the agency noted: ""We are committed to transparency and will continue to update the public."" The announcement was welcomed by industry leaders while some advocacy groups called for further review.",Government News,2023-04-20
Federal court rules against merger of two major airline carriers,"The administration announced Friday that federal court rules against merger of two major airline carriers. Officials cited data showing consistent trends in the relevant sectors over the past quarter. Congressional leaders from both parties acknowledged the significance of the development. The press secretary stated: ""This reflects our ongoing commitment to evidence-based policymaking."" International observers noted the decision aligns with broader global economic trends.",politicsNews,2021-07-16
Labor Department reports strong job gains across manufacturing sector,"In a statement released Thursday, officials confirmed that labor department reports strong job gains across manufacturing sector. The decision follows months of negotiations and represents a significant policy shift. Experts said the move was expected given recent economic indicators and geopolitical developments. Spokesperson for the agency noted: ""We are committed to transparency and will continue to update the public."" The announcement was welcomed by industry leaders while some advocacy groups called for further review.",News,2019-12-05
Defense Secretary meets with allies to discuss regional security threats,"According to a report published Friday, defense secretary meets with allies to discuss regional security threats. The findings were based on a comprehensive review of publicly available data and expert testimony. Committee members questioned agency officials for several hours before releasing the final report. Independent economists described the assessment as thorough and methodologically sound. The report will now be reviewed by the relevant oversight body before any formal policy action is taken.",politicsNews,2018-08-26
WHO warns of rising antibiotic resistance as global health threat,"Researchers at a leading institution published findings Friday showing that who warns of rising antibiotic resistance as global health threat. The peer-reviewed study, conducted over 18 months, analyzed data from more than 10,000 participants. Lead author stated the results have important implications for public policy and future research. The methodology was independently verified by two external review boards before publication. Government agencies said they would consider the findings in upcoming regulatory reviews.",left-news,2018-08-04
Treasury Department proposes new tax reform package for small businesses,"According to a report published Tuesday, treasury department proposes new tax reform package for small businesses. The findings were based on a comprehensive review of publicly available data and expert testimony. Committee members questioned agency officials for several hours before releasing the final report. Independent economists described the assessment as thorough and methodologically sound. The report will now be reviewed by the relevant oversight body before any formal policy action is taken.",worldnews,2019-03-25
Labor Department reports strong job gains across manufacturing sector,"In a statement released Monday, officials confirmed that labor department reports strong job gains across manufacturing sector. The decision follows months of negotiations and represents a significant policy shift. Experts said the move was expected given recent economic indicators and geopolitical developments. Spokesperson for the agency noted: ""We are committed to transparency and will continue to update the public."" The announcement was welcomed by industry leaders while some advocacy groups called for further review.",left-news,2016-03-11
World Bank approves emergency loans to three developing nations,"Researchers at a leading institution published findings Tuesday showing that world bank approves emergency loans to three developing nations. The peer-reviewed study, conducted over 18 months, analyzed data from more than 10,000 participants. Lead author stated the results have important implications for public policy and future research. The methodology was independently verified by two external review boards before publication. Government agencies said they would consider the findings in upcoming regulatory reviews.",Government News,2020-11-16
Labor Department reports strong job gains across manufacturing sector,"In a statement released Tuesday, officials confirmed that labor department reports strong job gains across manufacturing sector. The decision follows months of negotiations and represents a significant policy shift. Experts said the move was expected given recent economic indicators and geopolitical developments. Spokesperson for the agency noted: ""We are committed to transparency and will continue to update the public."" The announcement was welcomed by industry leaders while some advocacy groups called for further review.",politics,2023-02-26
Federal Reserve chair says inflation showing signs of gradual easing,"Researchers at a leading institution published findings Tuesday showing that federal reserve chair says inflation showing signs of gradual easing. The peer-reviewed study, conducted over 18 months, analyzed data from more than 10,000 participants. Lead author stated the results have important implications for public policy and future research. The methodology was independently verified by two external review boards before publication. Government agencies said they would consider the findings in upcoming regulatory reviews.",politics,2017-11-11
World Bank approves emergency loans to three developing nations,"The administration announced Friday that world bank approves emergency loans to three developing nations. Officials cited data showing consistent trends in the relevant sectors over the past quarter. Congressional leaders from both parties acknowledged the significance of the development. The press secretary stated: ""This reflects our ongoing commitment to evidence-based policymaking."" International observers noted the decision aligns with broader global economic trends.",left-news,2019-04-09
Climate summit reaches agreement on carbon emission reductions,"Researchers at a leading institution published findings Monday showing that climate summit reaches agreement on carbon emission reductions. The peer-reviewed study, conducted over 18 months, analyzed data from more than 10,000 participants. Lead author stated the results have important implications for public policy and future research. The methodology was independently verified by two external review boards before publication. Government agencies said they would consider the findings in upcoming regulatory reviews.",politicsNews,2017-06-24
Agriculture Department releases annual crop yield forecast for winter,"agriculture department releases annual crop yield forecast for winter, according to data released by the agency on Monday. The figures mark a notable change compared to the same period last year. Analysts attributed the shift to several macroeconomic factors including supply chain normalization. A senior official speaking on background said policymakers are closely monitoring the situation. Further details are expected to be released at a press briefing scheduled for later this week.",politics,2021-03-28
G20 leaders agree on framework for global minimum corporate tax,"The administration announced Friday that g20 leaders agree on framework for global minimum corporate tax. Officials cited data showing consistent trends in the relevant sectors over the past quarter. Congressional leaders from both parties acknowledged the significance of the development. The press secretary stated: ""This reflects our ongoing commitment to evidence-based policymaking."" International observers noted the decision aligns with broader global economic trends.",Government News,2016-05-02
Agriculture Department releases annual crop yield forecast for winter,"According to a report published Tuesday, agriculture department releases annual crop yield forecast for winter. The findings were based on a comprehensive review of publicly available data and expert testimony. Committee members questioned agency officials for several hours before releasing the final report. Independent economists described the assessment as thorough and methodologically sound. The report will now be reviewed by the relevant oversight body before any formal policy action is taken.",left-news,2022-06-25
Congressional hearing examines social media impact on teen mental health,"congressional hearing examines social media impact on teen mental health, according to data released by the agency on Friday. The figures mark a notable change compared to the same period last year. Analysts attributed the shift to several macroeconomic factors including supply chain normalization. A senior official speaking on background said policymakers are closely monitoring the situation. Further details are expected to be released at a press briefing scheduled for later this week.",Government News,2019-02-13
Federal Reserve raises interest rates by 25 basis points amid inflation concerns,"According to a report published Thursday, federal reserve raises interest rates by 25 basis points amid inflation concerns. The findings were based on a comprehensive review of publicly available data and expert testimony. Committee members questioned agency officials for several hours before releasing the final report. Independent economists described the assessment as thorough and methodologically sound. The report will now be reviewed by the relevant oversight body before any formal policy action is taken.",News,2018-05-27
Tech companies face antitrust scrutiny from regulators in EU and US,"The administration announced Thursday that tech companies face antitrust scrutiny from regulators in eu and us. Officials cited data showing consistent trends in the relevant sectors over the past quarter. Congressional leaders from both parties acknowledged the significance of the development. The press secretary stated: ""This reflects our ongoing commitment to evidence-based policymaking."" International observers noted the decision aligns with broader global economic trends.",worldnews,2020-03-24
Labor Department reports strong job gains across manufacturing sector,"In a statement released Friday, officials confirmed that labor department reports strong job gains across manufacturing sector. The decision follows months of negotiations and represents a significant policy shift. Experts said the move was expected given recent economic indicators and geopolitical developments. Spokesperson for the agency noted: ""We are committed to transparency and will continue to update the public."" The announcement was welcomed by industry leaders while some advocacy groups called for further review.",News,2020-09-23
Climate summit reaches agreement on carbon emission reductions,"Researchers at a leading institution published findings Friday showing that climate summit reaches agreement on carbon emission reductions. The peer-reviewed study, conducted over 18 months, analyzed data from more than 10,000 participants. Lead author stated the results have important implications for public policy and future research. The methodology was independently verified by two external review boards before publication. Government agencies said they would consider the findings in upcoming regulatory reviews.",left-news,2019-08-10
Science journal publishes breakthrough research on gene editing safety,"The administration announced Monday that science journal publishes breakthrough research on gene editing safety. Officials cited data showing consistent trends in the relevant sectors over the past quarter. Congressional leaders from both parties acknowledged the significance of the development. The press secretary stated: ""This reflects our ongoing commitment to evidence-based policymaking."" International observers noted the decision aligns with broader global economic trends.",News,2018-12-07
Presidential press secretary addresses reporters on foreign policy,"presidential press secretary addresses reporters on foreign policy, according to data released by the agency on Monday. The figures mark a notable change compared to the same period last year. Analysts attributed the shift to several macroeconomic factors including supply chain normalization. A senior official speaking on background said policymakers are closely monitoring the situation. Further details are expected to be released at a press briefing scheduled for later this week.",worldnews,2023-12-13
New cancer screening program launches in several US states,"new cancer screening program launches in several us states, according to data released by the agency on Monday. The figures mark a notable change compared to the same period last year. Analysts attributed the shift to several macroeconomic factors including supply chain normalization. A senior official speaking on background said policymakers are closely monitoring the situation. Further details are expected to be released at a press briefing scheduled for later this week.",politics,2022-06-14
Justice Department files antitrust suit against major technology firm,"The administration announced Wednesday that justice department files antitrust suit against major technology firm. Officials cited data showing consistent trends in the relevant sectors over the past quarter. Congressional leaders from both parties acknowledged the significance of the development. The press secretary stated: ""This reflects our ongoing commitment to evidence-based policymaking."" International observers noted the decision aligns with broader global economic trends.",left-news,2022-02-17
Presidential press secretary addresses reporters on foreign policy,"Researchers at a leading institution published findings Wednesday showing that presidential press secretary addresses reporters on foreign policy. The peer-reviewed study, conducted over 18 months, analyzed data from more than 10,000 participants. Lead author stated the results have important implications for public policy and future research. The methodology was independently verified by two external review boards before publication. Government agencies said they would consider the findings in upcoming regulatory reviews.",Government News,2019-12-28
Health officials report significant decline in childhood obesity rates,"The administration announced Monday that health officials report significant decline in childhood obesity rates. Officials cited data showing consistent trends in the relevant sectors over the past quarter. Congressional leaders from both parties acknowledged the significance of the development. The press secretary stated: ""This reflects our ongoing commitment to evidence-based policymaking."" International observers noted the decision aligns with broader global economic trends.",worldnews,2021-10-28
Apple reports record quarterly earnings driven by iPhone sales,"Researchers at a leading institution published findings Thursday showing that apple reports record quarterly earnings driven by iphone sales. The peer-reviewed study, conducted over 18 months, analyzed data from more than 10,000 participants. Lead author stated the results have important implications for public policy and future research. The methodology was independently verified by two external review boards before publication. Government agencies said they would consider the findings in upcoming regulatory reviews.",Government News,2018-10-05
State department issues travel advisory for Southeast Asian region,"The administration announced Wednesday that state department issues travel advisory for southeast asian region. Officials cited data showing consistent trends in the relevant sectors over the past quarter. Congressional leaders from both parties acknowledged the significance of the development. The press secretary stated: ""This reflects our ongoing commitment to evidence-based policymaking."" International observers noted the decision aligns with broader global economic trends.",worldnews,2019-04-26
National Institutes of Health announces increased funding for cancer research,"national institutes of health announces increased funding for cancer research, according to data released by the agency on Monday. The figures mark a notable change compared to the same period last year. Analysts attributed the shift to several macroeconomic factors including supply chain normalization. A senior official speaking on background said policymakers are closely monitoring the situation. Further details are expected to be released at a press briefing scheduled for later this week.",News,2017-11-26
Pentagon releases annual defense budget request to Congress,"The administration announced Thursday that pentagon releases annual defense budget request to congress. Officials cited data showing consistent trends in the relevant sectors over the past quarter. Congressional leaders from both parties acknowledged the significance of the development. The press secretary stated: ""This reflects our ongoing commitment to evidence-based policymaking."" International observers noted the decision aligns with broader global economic trends.",Government News,2018-01-04
Federal budget deficit widens as spending outpaces revenue growth,"The administration announced Tuesday that federal budget deficit widens as spending outpaces revenue growth. Officials cited data showing consistent trends in the relevant sectors over the past quarter. Congressional leaders from both parties acknowledged the significance of the development. The press secretary stated: ""This reflects our ongoing commitment to evidence-based policymaking."" International observers noted the decision aligns with broader global economic trends.",politicsNews,2017-09-21
SpaceX successfully lands booster for record fifteenth time,"According to a report published Thursday, spacex successfully lands booster for record fifteenth time. The findings were based on a comprehensive review of publicly available data and expert testimony. Committee members questioned agency officials for several hours before releasing the final report. Independent economists described the assessment as thorough and methodologically sound. The report will now be reviewed by the relevant oversight body before any formal policy action is taken.",worldnews,2022-04-02
Climate summit reaches agreement on carbon emission reductions,"climate summit reaches agreement on carbon emission reductions, according to data released by the agency on Thursday. The figures mark a notable change compared to the same period last year. Analysts attributed the shift to several macroeconomic factors including supply chain normalization. A senior official speaking on background said policymakers are closely monitoring the situation. Further details are expected to be released at a press briefing scheduled for later this week.",left-news,2020-12-20
European Central Bank signals potential interest rate cut next quarter,"The administration announced Monday that european central bank signals potential interest rate cut next quarter. Officials cited data showing consistent trends in the relevant sectors over the past quarter. Congressional leaders from both parties acknowledged the significance of the development. The press secretary stated: ""This reflects our ongoing commitment to evidence-based policymaking."" International observers noted the decision aligns with broader global economic trends.",left-news,2022-05-21
Census Bureau releases updated population projections for next decade,"The administration announced Wednesday that census bureau releases updated population projections for next decade. Officials cited data showing consistent trends in the relevant sectors over the past quarter. Congressional leaders from both parties acknowledged the significance of the development. The press secretary stated: ""This reflects our ongoing commitment to evidence-based policymaking."" International observers noted the decision aligns with broader global economic trends.",politicsNews,2017-02-03
Climate summit reaches agreement on carbon emission reductions,"The administration announced Friday that climate summit reaches agreement on carbon emission reductions. Officials cited data showing consistent trends in the relevant sectors over the past quarter. Congressional leaders from both parties acknowledged the significance of the development. The press secretary stated: ""This reflects our ongoing commitment to evidence-based policymaking."" International observers noted the decision aligns with broader global economic trends.",worldnews,2016-10-19
House passes bipartisan legislation on prescription drug pricing reform,"The administration announced Wednesday that house passes bipartisan legislation on prescription drug pricing reform. Officials cited data showing consistent trends in the relevant sectors over the past quarter. Congressional leaders from both parties acknowledged the significance of the development. The press secretary stated: ""This reflects our ongoing commitment to evidence-based policymaking."" International observers noted the decision aligns with broader global economic trends.",Government News,2017-10-06
World Bank approves emergency loans to three developing nations,"The administration announced Thursday that world bank approves emergency loans to three developing nations. Officials cited data showing consistent trends in the relevant sectors over the past quarter. Congressional leaders from both parties acknowledged the significance of the development. The press secretary stated: ""This reflects our ongoing commitment to evidence-based policymaking."" International observers noted the decision aligns with broader global economic trends.",News,2018-02-11
NASA successfully launches Artemis mission to lunar orbit,"According to a report published Tuesday, nasa successfully launches artemis mission to lunar orbit. The findings were based on a comprehensive review of publicly available data and expert testimony. Committee members questioned agency officials for several hours before releasing the final report. Independent economists described the assessment as thorough and methodologically sound. The report will now be reviewed by the relevant oversight body before any formal policy action is taken.",left-news,2016-07-18
Consumer confidence index rises for third consecutive month,"According to a report published Thursday, consumer confidence index rises for third consecutive month. The findings were based on a comprehensive review of publicly available data and expert testimony. Committee members questioned agency officials for several hours before releasing the final report. Independent economists described the assessment as thorough and methodologically sound. The report will now be reviewed by the relevant oversight body before any formal policy action is taken.",politicsNews,2017-04-22
Climate summit reaches agreement on carbon emission reductions,"climate summit reaches agreement on carbon emission reductions, according to data released by the agency on Friday. The figures mark a notable change compared to the same period last year. Analysts attributed the shift to several macroeconomic factors including supply chain normalization. A senior official speaking on background said policymakers are closely monitoring the situation. Further details are expected to be released at a press briefing scheduled for later this week.",Government News,2018-01-18
State department issues travel advisory for Southeast Asian region,"Researchers at a leading institution published findings Monday showing that state department issues travel advisory for southeast asian region. The peer-reviewed study, conducted over 18 months, analyzed data from more than 10,000 participants. Lead author stated the results have important implications for public policy and future research. The methodology was independently verified by two external review boards before publication. Government agencies said they would consider the findings in upcoming regulatory reviews.",politicsNews,2018-10-07
Census Bureau releases updated population projections for next decade,"census bureau releases updated population projections for next decade, according to data released by the agency on Monday. The figures mark a notable change compared to the same period last year. Analysts attributed the shift to several macroeconomic factors including supply chain normalization. A senior official speaking on background said policymakers are closely monitoring the situation. Further details are expected to be released at a press briefing scheduled for later this week.",politics,2020-01-03
Climate summit reaches agreement on carbon emission reductions,"According to a report published Wednesday, climate summit reaches agreement on carbon emission reductions. The findings were based on a comprehensive review of publicly available data and expert testimony. Committee members questioned agency officials for several hours before releasing the final report. Independent economists described the assessment as thorough and methodologically sound. The report will now be reviewed by the relevant oversight body before any formal policy action is taken.",News,2018-07-22
Federal Reserve raises interest rates by 25 basis points amid inflation concerns,"federal reserve raises interest rates by 25 basis points amid inflation concerns, according to data released by the agency on Wednesday. The figures mark a notable change compared to the same period last year. Analysts attributed the shift to several macroeconomic factors including supply chain normalization. A senior official speaking on background said policymakers are closely monitoring the situation. Further details are expected to be released at a press briefing scheduled for later this week.",politicsNews,2020-11-18
State department issues travel advisory for Southeast Asian region,"state department issues travel advisory for southeast asian region, according to data released by the agency on Friday. The figures mark a notable change compared to the same period last year. Analysts attributed the shift to several macroeconomic factors including supply chain normalization. A senior official speaking on background said policymakers are closely monitoring the situation. Further details are expected to be released at a press briefing scheduled for later this week.",left-news,2021-09-12
Central bank governor testifies before Senate banking committee,"According to a report published Friday, central bank governor testifies before senate banking committee. The findings were based on a comprehensive review of publicly available data and expert testimony. Committee members questioned agency officials for several hours before releasing the final report. Independent economists described the assessment as thorough and methodologically sound. The report will now be reviewed by the relevant oversight body before any formal policy action is taken.",worldnews,2017-11-27
United Nations calls for ceasefire as conflict in region intensifies,"united nations calls for ceasefire as conflict in region intensifies, according to data released by the agency on Monday. The figures mark a notable change compared to the same period last year. Analysts attributed the shift to several macroeconomic factors including supply chain normalization. A senior official speaking on background said policymakers are closely monitoring the situation. Further details are expected to be released at a press briefing scheduled for later this week.",worldnews,2018-05-28
Senate confirms new ambassador to key ally in diplomatic shift,"senate confirms new ambassador to key ally in diplomatic shift, according to data released by the agency on Friday. The figures mark a notable change compared to the same period last year. Analysts attributed the shift to several macroeconomic factors including supply chain normalization. A senior official speaking on background said policymakers are closely monitoring the situation. Further details are expected to be released at a press briefing scheduled for later this week.",politics,2019-10-12
President signs executive order on artificial intelligence regulation,"president signs executive order on artificial intelligence regulation, according to data released by the agency on Friday. The figures mark a notable change compared to the same period last year. Analysts attributed the shift to several macroeconomic factors including supply chain normalization. A senior official speaking on background said policymakers are closely monitoring the situation. Further details are expected to be released at a press briefing scheduled for later this week.",left-news,2017-09-09
International Monetary Fund revises global growth forecast downward,"The administration announced Tuesday that international monetary fund revises global growth forecast downward. Officials cited data showing consistent trends in the relevant sectors over the past quarter. Congressional leaders from both parties acknowledged the significance of the development. The press secretary stated: ""This reflects our ongoing commitment to evidence-based policymaking."" International observers noted the decision aligns with broader global economic trends.",left-news,2023-02-09
Justice Department files antitrust suit against major technology firm,"The administration announced Tuesday that justice department files antitrust suit against major technology firm. Officials cited data showing consistent trends in the relevant sectors over the past quarter. Congressional leaders from both parties acknowledged the significance of the development. The press secretary stated: ""This reflects our ongoing commitment to evidence-based policymaking."" International observers noted the decision aligns with broader global economic trends.",politics,2019-02-21
Presidential press secretary addresses reporters on foreign policy,"Researchers at a leading institution published findings Tuesday showing that presidential press secretary addresses reporters on foreign policy. The peer-reviewed study, conducted over 18 months, analyzed data from more than 10,000 participants. Lead author stated the results have important implications for public policy and future research. The methodology was independently verified by two external review boards before publication. Government agencies said they would consider the findings in upcoming regulatory reviews.",Government News,2021-10-22
Census Bureau releases updated population projections for next decade,"According to a report published Friday, census bureau releases updated population projections for next decade. The findings were based on a comprehensive review of publicly available data and expert testimony. Committee members questioned agency officials for several hours before releasing the final report. Independent economists described the assessment as thorough and methodologically sound. The report will now be reviewed by the relevant oversight body before any formal policy action is taken.",worldnews,2022-03-11
NATO allies agree to increase defense spending commitments,"The administration announced Monday that nato allies agree to increase defense spending commitments. Officials cited data showing consistent trends in the relevant sectors over the past quarter. Congressional leaders from both parties acknowledged the significance of the development. The press secretary stated: ""This reflects our ongoing commitment to evidence-based policymaking."" International observers noted the decision aligns with broader global economic trends.",politics,2019-02-09
Climate summit reaches agreement on carbon emission reductions,"According to a report published Monday, climate summit reaches agreement on carbon emission reductions. The findings were based on a comprehensive review of publicly available data and expert testimony. Committee members questioned agency officials for several hours before releasing the final report. Independent economists described the assessment as thorough and methodologically sound. The report will now be reviewed by the relevant oversight body before any formal policy action is taken.",Government News,2022-02-11
Transportation Secretary unveils plan to modernize air traffic control,"In a statement released Wednesday, officials confirmed that transportation secretary unveils plan to modernize air traffic control. The decision follows months of negotiations and represents a significant policy shift. Experts said the move was expected given recent economic indicators and geopolitical developments. Spokesperson for the agency noted: ""We are committed to transparency and will continue to update the public."" The announcement was welcomed by industry leaders while some advocacy groups called for further review.",News,2020-03-28
Tech companies face antitrust scrutiny from regulators in EU and US,"Researchers at a leading institution published findings Monday showing that tech companies face antitrust scrutiny from regulators in eu and us. The peer-reviewed study, conducted over 18 months, analyzed data from more than 10,000 participants. Lead author stated the results have important implications for public policy and future research. The methodology was independently verified by two external review boards before publication. Government agencies said they would consider the findings in upcoming regulatory reviews.",politicsNews,2022-04-13
Congress passes bipartisan infrastructure bill worth 1.2 trillion dollars,"In a statement released Tuesday, officials confirmed that congress passes bipartisan infrastructure bill worth 1.2 trillion dollars. The decision follows months of negotiations and represents a significant policy shift. Experts said the move was expected given recent economic indicators and geopolitical developments. Spokesperson for the agency noted: ""We are committed to transparency and will continue to update the public."" The announcement was welcomed by industry leaders while some advocacy groups called for further review.",politics,2020-10-27
Federal court rules against merger of two major airline carriers,"In a statement released Friday, officials confirmed that federal court rules against merger of two major airline carriers. The decision follows months of negotiations and represents a significant policy shift. Experts said the move was expected given recent economic indicators and geopolitical developments. Spokesperson for the agency noted: ""We are committed to transparency and will continue to update the public."" The announcement was welcomed by industry leaders while some advocacy groups called for further review.",News,2020-09-09
Central bank governor testifies before Senate banking committee,"In a statement released Monday, officials confirmed that central bank governor testifies before senate banking committee. The decision follows months of negotiations and represents a significant policy shift. Experts said the move was expected given recent economic indicators and geopolitical developments. Spokesperson for the agency noted: ""We are committed to transparency and will continue to update the public."" The announcement was welcomed by industry leaders while some advocacy groups called for further review.",worldnews,2021-07-06
Federal budget deficit widens as spending outpaces revenue growth,"According to a report published Friday, federal budget deficit widens as spending outpaces revenue growth. The findings were based on a comprehensive review of publicly available data and expert testimony. Committee members questioned agency officials for several hours before releasing the final report. Independent economists described the assessment as thorough and methodologically sound. The report will now be reviewed by the relevant oversight body before any formal policy action is taken.",politics,2022-08-19
Stock markets decline as investors react to rising bond yields,"Researchers at a leading institution published findings Monday showing that stock markets decline as investors react to rising bond yields. The peer-reviewed study, conducted over 18 months, analyzed data from more than 10,000 participants. Lead author stated the results have important implications for public policy and future research. The methodology was independently verified by two external review boards before publication. Government agencies said they would consider the findings in upcoming regulatory reviews.",Government News,2018-11-05
Pentagon releases annual defense budget request to Congress,"The administration announced Friday that pentagon releases annual defense budget request to congress. Officials cited data showing consistent trends in the relevant sectors over the past quarter. Congressional leaders from both parties acknowledged the significance of the development. The press secretary stated: ""This reflects our ongoing commitment to evidence-based policymaking."" International observers noted the decision aligns with broader global economic trends.",Government News,2020-01-24
Transportation Secretary unveils plan to modernize air traffic control,"Researchers at a leading institution published findings Tuesday showing that transportation secretary unveils plan to modernize air traffic control. The peer-reviewed study, conducted over 18 months, analyzed data from more than 10,000 participants. Lead author stated the results have important implications for public policy and future research. The methodology was independently verified by two external review boards before publication. Government agencies said they would consider the findings in upcoming regulatory reviews.",Government News,2022-12-15
European Central Bank signals potential interest rate cut next quarter,"The administration announced Wednesday that european central bank signals potential interest rate cut next quarter. Officials cited data showing consistent trends in the relevant sectors over the past quarter. Congressional leaders from both parties acknowledged the significance of the development. The press secretary stated: ""This reflects our ongoing commitment to evidence-based policymaking."" International observers noted the decision aligns with broader global economic trends.",left-news,2020-05-14
Defense Secretary meets with allies to discuss regional security threats,"defense secretary meets with allies to discuss regional security threats, according to data released by the agency on Wednesday. The figures mark a notable change compared to the same period last year. Analysts attributed the shift to several macroeconomic factors including supply chain normalization. A senior official speaking on background said policymakers are closely monitoring the situation. Further details are expected to be released at a press briefing scheduled for later this week.",Government News,2017-05-14
Commerce Department reports rise in trade deficit for second quarter,"Researchers at a leading institution published findings Monday showing that commerce department reports rise in trade deficit for second quarter. The peer-reviewed study, conducted over 18 months, analyzed data from more than 10,000 participants. Lead author stated the results have important implications for public policy and future research. The methodology was independently verified by two external review boards before publication. Government agencies said they would consider the findings in upcoming regulatory reviews.",Government News,2017-02-24
Global food prices rise as drought affects major agricultural regions,"In a statement released Tuesday, officials confirmed that global food prices rise as drought affects major agricultural regions. The decision follows months of negotiations and represents a significant policy shift. Experts said the move was expected given recent economic indicators and geopolitical developments. Spokesperson for the agency noted: ""We are committed to transparency and will continue to update the public."" The announcement was welcomed by industry leaders while some advocacy groups called for further review.",politics,2016-02-24
Oil prices fall after OPEC announces production increase,"According to a report published Thursday, oil prices fall after opec announces production increase. The findings were based on a comprehensive review of publicly available data and expert testimony. Committee members questioned agency officials for several hours before releasing the final report. Independent economists described the assessment as thorough and methodologically sound. The report will now be reviewed by the relevant oversight body before any formal policy action is taken.",politicsNews,2022-11-17
Presidential press secretary addresses reporters on foreign policy,"presidential press secretary addresses reporters on foreign policy, according to data released by the agency on Thursday. The figures mark a notable change compared to the same period last year. Analysts attributed the shift to several macroeconomic factors including supply chain normalization. A senior official speaking on background said policymakers are closely monitoring the situation. Further details are expected to be released at a press briefing scheduled for later this week.",left-news,2017-07-01
Environmental Protection Agency announces new clean air standards,"environmental protection agency announces new clean air standards, according to data released by the agency on Monday. The figures mark a notable change compared to the same period last year. Analysts attributed the shift to several macroeconomic factors including supply chain normalization. A senior official speaking on background said policymakers are closely monitoring the situation. Further details are expected to be released at a press briefing scheduled for later this week.",Government News,2022-12-18
National Institutes of Health announces increased funding for cancer research,"Researchers at a leading institution published findings Tuesday showing that national institutes of health announces increased funding for cancer research. The peer-reviewed study, conducted over 18 months, analyzed data from more than 10,000 participants. Lead author stated the results have important implications for public policy and future research. The methodology was independently verified by two external review boards before publication. Government agencies said they would consider the findings in upcoming regulatory reviews.",Government News,2016-10-15
Supreme Court hears oral arguments in landmark free speech case,"According to a report published Tuesday, supreme court hears oral arguments in landmark free speech case. The findings were based on a comprehensive review of publicly available data and expert testimony. Committee members questioned agency officials for several hours before releasing the final report. Independent economists described the assessment as thorough and methodologically sound. The report will now be reviewed by the relevant oversight body before any formal policy action is taken.",worldnews,2017-06-27
Stock markets decline as investors react to rising bond yields,"According to a report published Wednesday, stock markets decline as investors react to rising bond yields. The findings were based on a comprehensive review of publicly available data and expert testimony. Committee members questioned agency officials for several hours before releasing the final report. Independent economists described the assessment as thorough and methodologically sound. The report will now be reviewed by the relevant oversight body before any formal policy action is taken.",politicsNews,2022-08-13
Supreme Court hears oral arguments in landmark free speech case,"Researchers at a leading institution published findings Monday showing that supreme court hears oral arguments in landmark free speech case. The peer-reviewed study, conducted over 18 months, analyzed data from more than 10,000 participants. Lead author stated the results have important implications for public policy and future research. The methodology was independently verified by two external review boards before publication. Government agencies said they would consider the findings in upcoming regulatory reviews.",News,2019-09-28
Commerce Department reports rise in trade deficit for second quarter,"In a statement released Wednesday, officials confirmed that commerce department reports rise in trade deficit for second quarter. The decision follows months of negotiations and represents a significant policy shift. Experts said the move was expected given recent economic indicators and geopolitical developments. Spokesperson for the agency noted: ""We are committed to transparency and will continue to update the public."" The announcement was welcomed by industry leaders while some advocacy groups called for further review.",News,2023-05-09
Senate confirms new ambassador to key ally in diplomatic shift,"In a statement released Friday, officials confirmed that senate confirms new ambassador to key ally in diplomatic shift. The decision follows months of negotiations and represents a significant policy shift. Experts said the move was expected given recent economic indicators and geopolitical developments. Spokesperson for the agency noted: ""We are committed to transparency and will continue to update the public."" The announcement was welcomed by industry leaders while some advocacy groups called for further review.",left-news,2019-05-21
National Science Foundation awards grants for quantum computing research,"In a statement released Thursday, officials confirmed that national science foundation awards grants for quantum computing research. The decision follows months of negotiations and represents a significant policy shift. Experts said the move was expected given recent economic indicators and geopolitical developments. Spokesperson for the agency noted: ""We are committed to transparency and will continue to update the public."" The announcement was welcomed by industry leaders while some advocacy groups called for further review.",politics,2023-01-12
Federal Reserve raises interest rates by 25 basis points amid inflation concerns,"According to a report published Thursday, federal reserve raises interest rates by 25 basis points amid inflation concerns. The findings were based on a comprehensive review of publicly available data and expert testimony. Committee members questioned agency officials for several hours before releasing the final report. Independent economists described the assessment as thorough and methodologically sound. The report will now be reviewed by the relevant oversight body before any formal policy action is taken.",News,2020-06-04
Federal Reserve raises interest rates by 25 basis points amid inflation concerns,"Researchers at a leading institution published findings Tuesday showing that federal reserve raises interest rates by 25 basis points amid inflation concerns. The peer-reviewed study, conducted over 18 months, analyzed data from more than 10,000 participants. Lead author stated the results have important implications for public policy and future research. The methodology was independently verified by two external review boards before publication. Government agencies said they would consider the findings in upcoming regulatory reviews.",left-news,2021-01-04
NATO allies agree to increase defense spending commitments,"The administration announced Tuesday that nato allies agree to increase defense spending commitments. Officials cited data showing consistent trends in the relevant sectors over the past quarter. Congressional leaders from both parties acknowledged the significance of the development. The press secretary stated: ""This reflects our ongoing commitment to evidence-based policymaking."" International observers noted the decision aligns with broader global economic trends.",politicsNews,2018-07-04
Federal court rules against merger of two major airline carriers,"In a statement released Tuesday, officials confirmed that federal court rules against merger of two major airline carriers. The decision follows months of negotiations and represents a significant policy shift. Experts said the move was expected given recent economic indicators and geopolitical developments. Spokesperson for the agency noted: ""We are committed to transparency and will continue to update the public."" The announcement was welcomed by industry leaders while some advocacy groups called for further review.",Government News,2020-04-16
Unemployment rate falls to lowest level in two years,"Researchers at a leading institution published findings Wednesday showing that unemployment rate falls to lowest level in two years. The peer-reviewed study, conducted over 18 months, analyzed data from more than 10,000 participants. Lead author stated the results have important implications for public policy and future research. The methodology was independently verified by two external review boards before publication. Government agencies said they would consider the findings in upcoming regulatory reviews.",News,2022-03-18
President signs executive order on artificial intelligence regulation,"In a statement released Thursday, officials confirmed that president signs executive order on artificial intelligence regulation. The decision follows months of negotiations and represents a significant policy shift. Experts said the move was expected given recent economic indicators and geopolitical developments. Spokesperson for the agency noted: ""We are committed to transparency and will continue to update the public."" The announcement was welcomed by industry leaders while some advocacy groups called for further review.",Government News,2023-03-05
Federal budget deficit widens as spending outpaces revenue growth,"The administration announced Monday that federal budget deficit widens as spending outpaces revenue growth. Officials cited data showing consistent trends in the relevant sectors over the past quarter. Congressional leaders from both parties acknowledged the significance of the development. The press secretary stated: ""This reflects our ongoing commitment to evidence-based policymaking."" International observers noted the decision aligns with broader global economic trends.",News,2019-02-07
Oil prices fall after OPEC announces production increase,"In a statement released Tuesday, officials confirmed that oil prices fall after opec announces production increase. The decision follows months of negotiations and represents a significant policy shift. Experts said the move was expected given recent economic indicators and geopolitical developments. Spokesperson for the agency noted: ""We are committed to transparency and will continue to update the public."" The announcement was welcomed by industry leaders while some advocacy groups called for further review.",left-news,2022-12-11
United Nations calls for ceasefire as conflict in region intensifies,"united nations calls for ceasefire as conflict in region intensifies, according to data released by the agency on Tuesday. The figures mark a notable change compared to the same period last year. Analysts attributed the shift to several macroeconomic factors including supply chain normalization. A senior official speaking on background said policymakers are closely monitoring the situation. Further details are expected to be released at a press briefing scheduled for later this week.",left-news,2020-02-14
Federal court rules against merger of two major airline carriers,"According to a report published Thursday, federal court rules against merger of two major airline carriers. The findings were based on a comprehensive review of publicly available data and expert testimony. Committee members questioned agency officials for several hours before releasing the final report. Independent economists described the assessment as thorough and methodologically sound. The report will now be reviewed by the relevant oversight body before any formal policy action is taken.",Government News,2018-06-25
Secretary of State holds bilateral talks with foreign minister in capital,"The administration announced Friday that secretary of state holds bilateral talks with foreign minister in capital. Officials cited data showing consistent trends in the relevant sectors over the past quarter. Congressional leaders from both parties acknowledged the significance of the development. The press secretary stated: ""This reflects our ongoing commitment to evidence-based policymaking."" International observers noted the decision aligns with broader global economic trends.",Government News,2022-03-04
Congress passes bipartisan infrastructure bill worth 1.2 trillion dollars,"In a statement released Tuesday, officials confirmed that congress passes bipartisan infrastructure bill worth 1.2 trillion dollars. The decision follows months of negotiations and represents a significant policy shift. Experts said the move was expected given recent economic indicators and geopolitical developments. Spokesperson for the agency noted: ""We are committed to transparency and will continue to update the public."" The announcement was welcomed by industry leaders while some advocacy groups called for further review.",worldnews,2021-09-01
Commerce Department reports rise in trade deficit for second quarter,"commerce department reports rise in trade deficit for second quarter, according to data released by the agency on Monday. The figures mark a notable change compared to the same period last year. Analysts attributed the shift to several macroeconomic factors including supply chain normalization. A senior official speaking on background said policymakers are closely monitoring the situation. Further details are expected to be released at a press briefing scheduled for later this week.",Government News,2021-07-20
National Institutes of Health announces increased funding for cancer research,"In a statement released Thursday, officials confirmed that national institutes of health announces increased funding for cancer research. The decision follows months of negotiations and represents a significant policy shift. Experts said the move was expected given recent economic indicators and geopolitical developments. Spokesperson for the agency noted: ""We are committed to transparency and will continue to update the public."" The announcement was welcomed by industry leaders while some advocacy groups called for further review.",left-news,2020-05-16
WHO warns of rising antibiotic resistance as global health threat,"The administration announced Tuesday that who warns of rising antibiotic resistance as global health threat. Officials cited data showing consistent trends in the relevant sectors over the past quarter. Congressional leaders from both parties acknowledged the significance of the development. The press secretary stated: ""This reflects our ongoing commitment to evidence-based policymaking."" International observers noted the decision aligns with broader global economic trends.",politics,2018-12-17
European Central Bank signals potential interest rate cut next quarter,"european central bank signals potential interest rate cut next quarter, according to data released by the agency on Wednesday. The figures mark a notable change compared to the same period last year. Analysts attributed the shift to several macroeconomic factors including supply chain normalization. A senior official speaking on background said policymakers are closely monitoring the situation. Further details are expected to be released at a press briefing scheduled for later this week.",politicsNews,2020-12-08
Labor Department reports strong job gains across manufacturing sector,"The administration announced Tuesday that labor department reports strong job gains across manufacturing sector. Officials cited data showing consistent trends in the relevant sectors over the past quarter. Congressional leaders from both parties acknowledged the significance of the development. The press secretary stated: ""This reflects our ongoing commitment to evidence-based policymaking."" International observers noted the decision aligns with broader global economic trends.",left-news,2017-12-24
National Science Foundation awards grants for quantum computing research,"According to a report published Tuesday, national science foundation awards grants for quantum computing research. The findings were based on a comprehensive review of publicly available data and expert testimony. Committee members questioned agency officials for several hours before releasing the final report. Independent economists described the assessment as thorough and methodologically sound. The report will now be reviewed by the relevant oversight body before any formal policy action is taken.",worldnews,2018-04-04
Stock markets decline as investors react to rising bond yields,"The administration announced Monday that stock markets decline as investors react to rising bond yields. Officials cited data showing consistent trends in the relevant sectors over the past quarter. Congressional leaders from both parties acknowledged the significance of the development. The press secretary stated: ""This reflects our ongoing commitment to evidence-based policymaking."" International observers noted the decision aligns with broader global economic trends.",News,2019-03-14
Scientists achieve breakthrough in Alzheimer's disease treatment in new study,"According to a report published Tuesday, scientists achieve breakthrough in alzheimer's disease treatment in new study. The findings were based on a comprehensive review of publicly available data and expert testimony. Committee members questioned agency officials for several hours before releasing the final report. Independent economists described the assessment as thorough and methodologically sound. The report will now be reviewed by the relevant oversight body before any formal policy action is taken.",politicsNews,2016-07-14
Defense Secretary meets with allies to discuss regional security threats,"Researchers at a leading institution published findings Tuesday showing that defense secretary meets with allies to discuss regional security threats. The peer-reviewed study, conducted over 18 months, analyzed data from more than 10,000 participants. Lead author stated the results have important implications for public policy and future research. The methodology was independently verified by two external review boards before publication. Government agencies said they would consider the findings in upcoming regulatory reviews.",worldnews,2021-07-16
Apple reports record quarterly earnings driven by iPhone sales,"According to a report published Thursday, apple reports record quarterly earnings driven by iphone sales. The findings were based on a comprehensive review of publicly available data and expert testimony. Committee members questioned agency officials for several hours before releasing the final report. Independent economists described the assessment as thorough and methodologically sound. The report will now be reviewed by the relevant oversight body before any formal policy action is taken.",Government News,2016-05-04
President signs executive order on artificial intelligence regulation,"Researchers at a leading institution published findings Wednesday showing that president signs executive order on artificial intelligence regulation. The peer-reviewed study, conducted over 18 months, analyzed data from more than 10,000 participants. Lead author stated the results have important implications for public policy and future research. The methodology was independently verified by two external review boards before publication. Government agencies said they would consider the findings in upcoming regulatory reviews.",News,2022-04-11
Apple reports record quarterly earnings driven by iPhone sales,"apple reports record quarterly earnings driven by iphone sales, according to data released by the agency on Monday. The figures mark a notable change compared to the same period last year. Analysts attributed the shift to several macroeconomic factors including supply chain normalization. A senior official speaking on background said policymakers are closely monitoring the situation. Further details are expected to be released at a press briefing scheduled for later this week.",politicsNews,2016-11-24
G20 leaders agree on framework for global minimum corporate tax,"g20 leaders agree on framework for global minimum corporate tax, according to data released by the agency on Wednesday. The figures mark a notable change compared to the same period last year. Analysts attributed the shift to several macroeconomic factors including supply chain normalization. A senior official speaking on background said policymakers are closely monitoring the situation. Further details are expected to be released at a press briefing scheduled for later this week.",left-news,2020-10-04
NATO allies agree to increase defense spending commitments,"nato allies agree to increase defense spending commitments, according to data released by the agency on Wednesday. The figures mark a notable change compared to the same period last year. Analysts attributed the shift to several macroeconomic factors including supply chain normalization. A senior official speaking on background said policymakers are closely monitoring the situation. Further details are expected to be released at a press briefing scheduled for later this week.",left-news,2021-06-10
Climate summit reaches agreement on carbon emission reductions,"In a statement released Monday, officials confirmed that climate summit reaches agreement on carbon emission reductions. The decision follows months of negotiations and represents a significant policy shift. Experts said the move was expected given recent economic indicators and geopolitical developments. Spokesperson for the agency noted: ""We are committed to transparency and will continue to update the public."" The announcement was welcomed by industry leaders while some advocacy groups called for further review.",Government News,2018-06-12
National Institutes of Health announces increased funding for cancer research,"Researchers at a leading institution published findings Friday showing that national institutes of health announces increased funding for cancer research. The peer-reviewed study, conducted over 18 months, analyzed data from more than 10,000 participants. Lead author stated the results have important implications for public policy and future research. The methodology was independently verified by two external review boards before publication. Government agencies said they would consider the findings in upcoming regulatory reviews.",politics,2021-04-21
President signs executive order on artificial intelligence regulation,"president signs executive order on artificial intelligence regulation, according to data released by the agency on Friday. The figures mark a notable change compared to the same period last year. Analysts attributed the shift to several macroeconomic factors including supply chain normalization. A senior official speaking on background said policymakers are closely monitoring the situation. Further details are expected to be released at a press briefing scheduled for later this week.",left-news,2017-02-05
Transportation Secretary unveils plan to modernize air traffic control,"According to a report published Monday, transportation secretary unveils plan to modernize air traffic control. The findings were based on a comprehensive review of publicly available data and expert testimony. Committee members questioned agency officials for several hours before releasing the final report. Independent economists described the assessment as thorough and methodologically sound. The report will now be reviewed by the relevant oversight body before any formal policy action is taken.",politicsNews,2019-04-23
State department issues travel advisory for Southeast Asian region,"In a statement released Monday, officials confirmed that state department issues travel advisory for southeast asian region. The decision follows months of negotiations and represents a significant policy shift. Experts said the move was expected given recent economic indicators and geopolitical developments. Spokesperson for the agency noted: ""We are committed to transparency and will continue to update the public."" The announcement was welcomed by industry leaders while some advocacy groups called for further review.",politics,2021-05-24
Treasury Department proposes new tax reform package for small businesses,"treasury department proposes new tax reform package for small businesses, according to data released by the agency on Friday. The figures mark a notable change compared to the same period last year. Analysts attributed the shift to several macroeconomic factors including supply chain normalization. A senior official speaking on background said policymakers are closely monitoring the situation. Further details are expected to be released at a press briefing scheduled for later this week.",Government News,2018-01-05
CDC updates COVID-19 guidelines for healthcare workers,"The administration announced Friday that cdc updates covid-19 guidelines for healthcare workers. Officials cited data showing consistent trends in the relevant sectors over the past quarter. Congressional leaders from both parties acknowledged the significance of the development. The press secretary stated: ""This reflects our ongoing commitment to evidence-based policymaking."" International observers noted the decision aligns with broader global economic trends.",Government News,2020-09-12
Congressional hearing examines social media impact on teen mental health,"The administration announced Monday that congressional hearing examines social media impact on teen mental health. Officials cited data showing consistent trends in the relevant sectors over the past quarter. Congressional leaders from both parties acknowledged the significance of the development. The press secretary stated: ""This reflects our ongoing commitment to evidence-based policymaking."" International observers noted the decision aligns with broader global economic trends.",left-news,2017-08-14
Defense Secretary meets with allies to discuss regional security threats,"According to a report published Monday, defense secretary meets with allies to discuss regional security threats. The findings were based on a comprehensive review of publicly available data and expert testimony. Committee members questioned agency officials for several hours before releasing the final report. Independent economists described the assessment as thorough and methodologically sound. The report will now be reviewed by the relevant oversight body before any formal policy action is taken.",worldnews,2020-12-05
Oil prices fall after OPEC announces production increase,"In a statement released Friday, officials confirmed that oil prices fall after opec announces production increase. The decision follows months of negotiations and represents a significant policy shift. Experts said the move was expected given recent economic indicators and geopolitical developments. Spokesperson for the agency noted: ""We are committed to transparency and will continue to update the public."" The announcement was welcomed by industry leaders while some advocacy groups called for further review.",politicsNews,2019-12-27
Unemployment rate falls to lowest level in two years,"The administration announced Friday that unemployment rate falls to lowest level in two years. Officials cited data showing consistent trends in the relevant sectors over the past quarter. Congressional leaders from both parties acknowledged the significance of the development. The press secretary stated: ""This reflects our ongoing commitment to evidence-based policymaking."" International observers noted the decision aligns with broader global economic trends.",politics,2017-03-15
Secretary of State holds bilateral talks with foreign minister in capital,"According to a report published Thursday, secretary of state holds bilateral talks with foreign minister in capital. The findings were based on a comprehensive review of publicly available data and expert testimony. Committee members questioned agency officials for several hours before releasing the final report. Independent economists described the assessment as thorough and methodologically sound. The report will now be reviewed by the relevant oversight body before any formal policy action is taken.",politics,2022-07-20
President signs executive order on artificial intelligence regulation,"president signs executive order on artificial intelligence regulation, according to data released by the agency on Tuesday. The figures mark a notable change compared to the same period last year. Analysts attributed the shift to several macroeconomic factors including supply chain normalization. A senior official speaking on background said policymakers are closely monitoring the situation. Further details are expected to be released at a press briefing scheduled for later this week.",politicsNews,2018-10-07
Agriculture Department releases annual crop yield forecast for winter,"In a statement released Friday, officials confirmed that agriculture department releases annual crop yield forecast for winter. The decision follows months of negotiations and represents a significant policy shift. Experts said the move was expected given recent economic indicators and geopolitical developments. Spokesperson for the agency noted: ""We are committed to transparency and will continue to update the public."" The announcement was welcomed by industry leaders while some advocacy groups called for further review.",left-news,2020-05-28
Tech companies face antitrust scrutiny from regulators in EU and US,"Researchers at a leading institution published findings Wednesday showing that tech companies face antitrust scrutiny from regulators in eu and us. The peer-reviewed study, conducted over 18 months, analyzed data from more than 10,000 participants. Lead author stated the results have important implications for public policy and future research. The methodology was independently verified by two external review boards before publication. Government agencies said they would consider the findings in upcoming regulatory reviews.",politics,2017-03-08
United Nations calls for ceasefire as conflict in region intensifies,"According to a report published Tuesday, united nations calls for ceasefire as conflict in region intensifies. The findings were based on a comprehensive review of publicly available data and expert testimony. Committee members questioned agency officials for several hours before releasing the final report. Independent economists described the assessment as thorough and methodologically sound. The report will now be reviewed by the relevant oversight body before any formal policy action is taken.",News,2016-11-05
President signs executive order on artificial intelligence regulation,"president signs executive order on artificial intelligence regulation, according to data released by the agency on Wednesday. The figures mark a notable change compared to the same period last year. Analysts attributed the shift to several macroeconomic factors including supply chain normalization. A senior official speaking on background said policymakers are closely monitoring the situation. Further details are expected to be released at a press briefing scheduled for later this week.",politicsNews,2019-04-18
Climate summit reaches agreement on carbon emission reductions,"In a statement released Wednesday, officials confirmed that climate summit reaches agreement on carbon emission reductions. The decision follows months of negotiations and represents a significant policy shift. Experts said the move was expected given recent economic indicators and geopolitical developments. Spokesperson for the agency noted: ""We are committed to transparency and will continue to update the public."" The announcement was welcomed by industry leaders while some advocacy groups called for further review.",Government News,2021-06-03
Science journal publishes breakthrough research on gene editing safety,"According to a report published Wednesday, science journal publishes breakthrough research on gene editing safety. The findings were based on a comprehensive review of publicly available data and expert testimony. Committee members questioned agency officials for several hours before releasing the final report. Independent economists described the assessment as thorough and methodologically sound. The report will now be reviewed by the relevant oversight body before any formal policy action is taken.",Government News,2018-07-20
Oil prices fall after OPEC announces production increase,"Researchers at a leading institution published findings Monday showing that oil prices fall after opec announces production increase. The peer-reviewed study, conducted over 18 months, analyzed data from more than 10,000 participants. Lead author stated the results have important implications for public policy and future research. The methodology was independently verified by two external review boards before publication. Government agencies said they would consider the findings in upcoming regulatory reviews.",Government News,2016-06-08
Presidential press secretary addresses reporters on foreign policy,"Researchers at a leading institution published findings Tuesday showing that presidential press secretary addresses reporters on foreign policy. The peer-reviewed study, conducted over 18 months, analyzed data from more than 10,000 participants. Lead author stated the results have important implications for public policy and future research. The methodology was independently verified by two external review boards before publication. Government agencies said they would consider the findings in upcoming regulatory reviews.",News,2016-09-22
Commerce Department reports rise in trade deficit for second quarter,"According to a report published Monday, commerce department reports rise in trade deficit for second quarter. The findings were based on a comprehensive review of publicly available data and expert testimony. Committee members questioned agency officials for several hours before releasing the final report. Independent economists described the assessment as thorough and methodologically sound. The report will now be reviewed by the relevant oversight body before any formal policy action is taken.",Government News,2022-11-09
Transportation Secretary unveils plan to modernize air traffic control,"According to a report published Friday, transportation secretary unveils plan to modernize air traffic control. The findings were based on a comprehensive review of publicly available data and expert testimony. Committee members questioned agency officials for several hours before releasing the final report. Independent economists described the assessment as thorough and methodologically sound. The report will now be reviewed by the relevant oversight body before any formal policy action is taken.",worldnews,2023-04-11
President signs executive order on artificial intelligence regulation,"president signs executive order on artificial intelligence regulation, according to data released by the agency on Friday. The figures mark a notable change compared to the same period last year. Analysts attributed the shift to several macroeconomic factors including supply chain normalization. A senior official speaking on background said policymakers are closely monitoring the situation. Further details are expected to be released at a press briefing scheduled for later this week.",Government News,2022-03-15
Tech companies face antitrust scrutiny from regulators in EU and US,"The administration announced Wednesday that tech companies face antitrust scrutiny from regulators in eu and us. Officials cited data showing consistent trends in the relevant sectors over the past quarter. Congressional leaders from both parties acknowledged the significance of the development. The press secretary stated: ""This reflects our ongoing commitment to evidence-based policymaking."" International observers noted the decision aligns with broader global economic trends.",worldnews,2023-02-16
European Central Bank signals potential interest rate cut next quarter,"The administration announced Tuesday that european central bank signals potential interest rate cut next quarter. Officials cited data showing consistent trends in the relevant sectors over the past quarter. Congressional leaders from both parties acknowledged the significance of the development. The press secretary stated: ""This reflects our ongoing commitment to evidence-based policymaking."" International observers noted the decision aligns with broader global economic trends.",worldnews,2019-10-16
Presidential press secretary addresses reporters on foreign policy,"presidential press secretary addresses reporters on foreign policy, according to data released by the agency on Wednesday. The figures mark a notable change compared to the same period last year. Analysts attributed the shift to several macroeconomic factors including supply chain normalization. A senior official speaking on background said policymakers are closely monitoring the situation. Further details are expected to be released at a press briefing scheduled for later this week.",politicsNews,2020-03-06
Unemployment rate falls to lowest level in two years,"According to a report published Tuesday, unemployment rate falls to lowest level in two years. The findings were based on a comprehensive review of publicly available data and expert testimony. Committee members questioned agency officials for several hours before releasing the final report. Independent economists described the assessment as thorough and methodologically sound. The report will now be reviewed by the relevant oversight body before any formal policy action is taken.",politicsNews,2018-02-14
Global food prices rise as drought affects major agricultural regions,"The administration announced Thursday that global food prices rise as drought affects major agricultural regions. Officials cited data showing consistent trends in the relevant sectors over the past quarter. Congressional leaders from both parties acknowledged the significance of the development. The press secretary stated: ""This reflects our ongoing commitment to evidence-based policymaking."" International observers noted the decision aligns with broader global economic trends.",politicsNews,2018-12-25
Federal Reserve raises interest rates by 25 basis points amid inflation concerns,"According to a report published Monday, federal reserve raises interest rates by 25 basis points amid inflation concerns. The findings were based on a comprehensive review of publicly available data and expert testimony. Committee members questioned agency officials for several hours before releasing the final report. Independent economists described the assessment as thorough and methodologically sound. The report will now be reviewed by the relevant oversight body before any formal policy action is taken.",left-news,2022-01-04
Federal Reserve raises interest rates by 25 basis points amid inflation concerns,"In a statement released Tuesday, officials confirmed that federal reserve raises interest rates by 25 basis points amid inflation concerns. The decision follows months of negotiations and represents a significant policy shift. Experts said the move was expected given recent economic indicators and geopolitical developments. Spokesperson for the agency noted: ""We are committed to transparency and will continue to update the public."" The announcement was welcomed by industry leaders while some advocacy groups called for further review.",worldnews,2017-05-05
Transportation Secretary unveils plan to modernize air traffic control,"According to a report published Monday, transportation secretary unveils plan to modernize air traffic control. The findings were based on a comprehensive review of publicly available data and expert testimony. Committee members questioned agency officials for several hours before releasing the final report. Independent economists described the assessment as thorough and methodologically sound. The report will now be reviewed by the relevant oversight body before any formal policy action is taken.",politicsNews,2017-09-24
SpaceX successfully lands booster for record fifteenth time,"In a statement released Tuesday, officials confirmed that spacex successfully lands booster for record fifteenth time. The decision follows months of negotiations and represents a significant policy shift. Experts said the move was expected given recent economic indicators and geopolitical developments. Spokesperson for the agency noted: ""We are committed to transparency and will continue to update the public."" The announcement was welcomed by industry leaders while some advocacy groups called for further review.",worldnews,2023-10-15
Supreme Court hears oral arguments in landmark free speech case,"Researchers at a leading institution published findings Wednesday showing that supreme court hears oral arguments in landmark free speech case. The peer-reviewed study, conducted over 18 months, analyzed data from more than 10,000 participants. Lead author stated the results have important implications for public policy and future research. The methodology was independently verified by two external review boards before publication. Government agencies said they would consider the findings in upcoming regulatory reviews.",left-news,2018-04-02
Consumer confidence index rises for third consecutive month,"Researchers at a leading institution published findings Friday showing that consumer confidence index rises for third consecutive month. The peer-reviewed study, conducted over 18 months, analyzed data from more than 10,000 participants. Lead author stated the results have important implications for public policy and future research. The methodology was independently verified by two external review boards before publication. Government agencies said they would consider the findings in upcoming regulatory reviews.",politicsNews,2016-01-04
Consumer confidence index rises for third consecutive month,"Researchers at a leading institution published findings Monday showing that consumer confidence index rises for third consecutive month. The peer-reviewed study, conducted over 18 months, analyzed data from more than 10,000 participants. Lead author stated the results have important implications for public policy and future research. The methodology was independently verified by two external review boards before publication. Government agencies said they would consider the findings in upcoming regulatory reviews.",politics,2022-03-01
Tech companies face antitrust scrutiny from regulators in EU and US,"In a statement released Tuesday, officials confirmed that tech companies face antitrust scrutiny from regulators in eu and us. The decision follows months of negotiations and represents a significant policy shift. Experts said the move was expected given recent economic indicators and geopolitical developments. Spokesperson for the agency noted: ""We are committed to transparency and will continue to update the public."" The announcement was welcomed by industry leaders while some advocacy groups called for further review.",left-news,2022-03-12
Census Bureau releases updated population projections for next decade,"Researchers at a leading institution published findings Tuesday showing that census bureau releases updated population projections for next decade. The peer-reviewed study, conducted over 18 months, analyzed data from more than 10,000 participants. Lead author stated the results have important implications for public policy and future research. The methodology was independently verified by two external review boards before publication. Government agencies said they would consider the findings in upcoming regulatory reviews.",Government News,2022-11-23
Climate summit reaches agreement on carbon emission reductions,"The administration announced Tuesday that climate summit reaches agreement on carbon emission reductions. Officials cited data showing consistent trends in the relevant sectors over the past quarter. Congressional leaders from both parties acknowledged the significance of the development. The press secretary stated: ""This reflects our ongoing commitment to evidence-based policymaking."" International observers noted the decision aligns with broader global economic trends.",politicsNews,2019-02-10
Federal budget deficit widens as spending outpaces revenue growth,"In a statement released Friday, officials confirmed that federal budget deficit widens as spending outpaces revenue growth. The decision follows months of negotiations and represents a significant policy shift. Experts said the move was expected given recent economic indicators and geopolitical developments. Spokesperson for the agency noted: ""We are committed to transparency and will continue to update the public."" The announcement was welcomed by industry leaders while some advocacy groups called for further review.",News,2017-06-03
United Nations calls for ceasefire as conflict in region intensifies,"According to a report published Tuesday, united nations calls for ceasefire as conflict in region intensifies. The findings were based on a comprehensive review of publicly available data and expert testimony. Committee members questioned agency officials for several hours before releasing the final report. Independent economists described the assessment as thorough and methodologically sound. The report will now be reviewed by the relevant oversight body before any formal policy action is taken.",worldnews,2022-09-11
Central bank governor testifies before Senate banking committee,"central bank governor testifies before senate banking committee, according to data released by the agency on Thursday. The figures mark a notable change compared to the same period last year. Analysts attributed the shift to several macroeconomic factors including supply chain normalization. A senior official speaking on background said policymakers are closely monitoring the situation. Further details are expected to be released at a press briefing scheduled for later this week.",worldnews,2020-10-27
Oil prices fall after OPEC announces production increase,"Researchers at a leading institution published findings Monday showing that oil prices fall after opec announces production increase. The peer-reviewed study, conducted over 18 months, analyzed data from more than 10,000 participants. Lead author stated the results have important implications for public policy and future research. The methodology was independently verified by two external review boards before publication. Government agencies said they would consider the findings in upcoming regulatory reviews.",News,2023-11-12
International Monetary Fund revises global growth forecast downward,"In a statement released Monday, officials confirmed that international monetary fund revises global growth forecast downward. The decision follows months of negotiations and represents a significant policy shift. Experts said the move was expected given recent economic indicators and geopolitical developments. Spokesperson for the agency noted: ""We are committed to transparency and will continue to update the public."" The announcement was welcomed by industry leaders while some advocacy groups called for further review.",worldnews,2018-06-05
World Bank approves emergency loans to three developing nations,"The administration announced Thursday that world bank approves emergency loans to three developing nations. Officials cited data showing consistent trends in the relevant sectors over the past quarter. Congressional leaders from both parties acknowledged the significance of the development. The press secretary stated: ""This reflects our ongoing commitment to evidence-based policymaking."" International observers noted the decision aligns with broader global economic trends.",politicsNews,2017-10-14
Presidential press secretary addresses reporters on foreign policy,"Researchers at a leading institution published findings Tuesday showing that presidential press secretary addresses reporters on foreign policy. The peer-reviewed study, conducted over 18 months, analyzed data from more than 10,000 participants. Lead author stated the results have important implications for public policy and future research. The methodology was independently verified by two external review boards before publication. Government agencies said they would consider the findings in upcoming regulatory reviews.",politicsNews,2021-03-06
Commerce Department reports rise in trade deficit for second quarter,"The administration announced Wednesday that commerce department reports rise in trade deficit for second quarter. Officials cited data showing consistent trends in the relevant sectors over the past quarter. Congressional leaders from both parties acknowledged the significance of the development. The press secretary stated: ""This reflects our ongoing commitment to evidence-based policymaking."" International observers noted the decision aligns with broader global economic trends.",News,2023-07-16
Federal Reserve chair says inflation showing signs of gradual easing,"The administration announced Friday that federal reserve chair says inflation showing signs of gradual easing. Officials cited data showing consistent trends in the relevant sectors over the past quarter. Congressional leaders from both parties acknowledged the significance of the development. The press secretary stated: ""This reflects our ongoing commitment to evidence-based policymaking."" International observers noted the decision aligns with broader global economic trends.",Government News,2021-03-26
Census Bureau releases updated population projections for next decade,"census bureau releases updated population projections for next decade, according to data released by the agency on Thursday. The figures mark a notable change compared to the same period last year. Analysts attributed the shift to several macroeconomic factors including supply chain normalization. A senior official speaking on background said policymakers are closely monitoring the situation. Further details are expected to be released at a press briefing scheduled for later this week.",left-news,2023-09-18
Federal court rules against merger of two major airline carriers,"According to a report published Friday, federal court rules against merger of two major airline carriers. The findings were based on a comprehensive review of publicly available data and expert testimony. Committee members questioned agency officials for several hours before releasing the final report. Independent economists described the assessment as thorough and methodologically sound. The report will now be reviewed by the relevant oversight body before any formal policy action is taken.",worldnews,2022-02-19
Science journal publishes breakthrough research on gene editing safety,"The administration announced Friday that science journal publishes breakthrough research on gene editing safety. Officials cited data showing consistent trends in the relevant sectors over the past quarter. Congressional leaders from both parties acknowledged the significance of the development. The press secretary stated: ""This reflects our ongoing commitment to evidence-based policymaking."" International observers noted the decision aligns with broader global economic trends.",politics,2019-12-03
Global food prices rise as drought affects major agricultural regions,"Researchers at a leading institution published findings Monday showing that global food prices rise as drought affects major agricultural regions. The peer-reviewed study, conducted over 18 months, analyzed data from more than 10,000 participants. Lead author stated the results have important implications for public policy and future research. The methodology was independently verified by two external review boards before publication. Government agencies said they would consider the findings in upcoming regulatory reviews.",worldnews,2016-06-18
Treasury Department proposes new tax reform package for small businesses,"treasury department proposes new tax reform package for small businesses, according to data released by the agency on Monday. The figures mark a notable change compared to the same period last year. Analysts attributed the shift to several macroeconomic factors including supply chain normalization. A senior official speaking on background said policymakers are closely monitoring the situation. Further details are expected to be released at a press briefing scheduled for later this week.",politicsNews,2021-06-28
Commerce Department reports rise in trade deficit for second quarter,"commerce department reports rise in trade deficit for second quarter, according to data released by the agency on Wednesday. The figures mark a notable change compared to the same period last year. Analysts attributed the shift to several macroeconomic factors including supply chain normalization. A senior official speaking on background said policymakers are closely monitoring the situation. Further details are expected to be released at a press briefing scheduled for later this week.",left-news,2018-09-14
Global food prices rise as drought affects major agricultural regions,"global food prices rise as drought affects major agricultural regions, according to data released by the agency on Tuesday. The figures mark a notable change compared to the same period last year. Analysts attributed the shift to several macroeconomic factors including supply chain normalization. A senior official speaking on background said policymakers are closely monitoring the situation. Further details are expected to be released at a press briefing scheduled for later this week.",politicsNews,2018-02-23
Science journal publishes breakthrough research on gene editing safety,"science journal publishes breakthrough research on gene editing safety, according to data released by the agency on Thursday. The figures mark a notable change compared to the same period last year. Analysts attributed the shift to several macroeconomic factors including supply chain normalization. A senior official speaking on background said policymakers are closely monitoring the situation. Further details are expected to be released at a press briefing scheduled for later this week.",Government News,2016-12-14
Congressional hearing examines social media impact on teen mental health,"In a statement released Monday, officials confirmed that congressional hearing examines social media impact on teen mental health. The decision follows months of negotiations and represents a significant policy shift. Experts said the move was expected given recent economic indicators and geopolitical developments. Spokesperson for the agency noted: ""We are committed to transparency and will continue to update the public."" The announcement was welcomed by industry leaders while some advocacy groups called for further review.",Government News,2017-08-27
Central bank governor testifies before Senate banking committee,"central bank governor testifies before senate banking committee, according to data released by the agency on Monday. The figures mark a notable change compared to the same period last year. Analysts attributed the shift to several macroeconomic factors including supply chain normalization. A senior official speaking on background said policymakers are closely monitoring the situation. Further details are expected to be released at a press briefing scheduled for later this week.",worldnews,2021-03-03
Global food prices rise as drought affects major agricultural regions,"In a statement released Monday, officials confirmed that global food prices rise as drought affects major agricultural regions. The decision follows months of negotiations and represents a significant policy shift. Experts said the move was expected given recent economic indicators and geopolitical developments. Spokesperson for the agency noted: ""We are committed to transparency and will continue to update the public."" The announcement was welcomed by industry leaders while some advocacy groups called for further review.",politics,2022-03-25
European Central Bank signals potential interest rate cut next quarter,"The administration announced Tuesday that european central bank signals potential interest rate cut next quarter. Officials cited data showing consistent trends in the relevant sectors over the past quarter. Congressional leaders from both parties acknowledged the significance of the development. The press secretary stated: ""This reflects our ongoing commitment to evidence-based policymaking."" International observers noted the decision aligns with broader global economic trends.",Government News,2020-08-14
Presidential press secretary addresses reporters on foreign policy,"Researchers at a leading institution published findings Thursday showing that presidential press secretary addresses reporters on foreign policy. The peer-reviewed study, conducted over 18 months, analyzed data from more than 10,000 participants. Lead author stated the results have important implications for public policy and future research. The methodology was independently verified by two external review boards before publication. Government agencies said they would consider the findings in upcoming regulatory reviews.",Government News,2016-05-04
Pentagon releases annual defense budget request to Congress,"In a statement released Monday, officials confirmed that pentagon releases annual defense budget request to congress. The decision follows months of negotiations and represents a significant policy shift. Experts said the move was expected given recent economic indicators and geopolitical developments. Spokesperson for the agency noted: ""We are committed to transparency and will continue to update the public."" The announcement was welcomed by industry leaders while some advocacy groups called for further review.",politics,2018-09-06
Federal Reserve raises interest rates by 25 basis points amid inflation concerns,"The administration announced Thursday that federal reserve raises interest rates by 25 basis points amid inflation concerns. Officials cited data showing consistent trends in the relevant sectors over the past quarter. Congressional leaders from both parties acknowledged the significance of the development. The press secretary stated: ""This reflects our ongoing commitment to evidence-based policymaking."" International observers noted the decision aligns with broader global economic trends.",Government News,2023-09-23
International Monetary Fund revises global growth forecast downward,"According to a report published Friday, international monetary fund revises global growth forecast downward. The findings were based on a comprehensive review of publicly available data and expert testimony. Committee members questioned agency officials for several hours before releasing the final report. Independent economists described the assessment as thorough and methodologically sound. The report will now be reviewed by the relevant oversight body before any formal policy action is taken.",News,2019-07-06
President signs executive order on artificial intelligence regulation,"In a statement released Friday, officials confirmed that president signs executive order on artificial intelligence regulation. The decision follows months of negotiations and represents a significant policy shift. Experts said the move was expected given recent economic indicators and geopolitical developments. Spokesperson for the agency noted: ""We are committed to transparency and will continue to update the public."" The announcement was welcomed by industry leaders while some advocacy groups called for further review.",left-news,2018-12-07
Unemployment rate falls to lowest level in two years,"According to a report published Monday, unemployment rate falls to lowest level in two years. The findings were based on a comprehensive review of publicly available data and expert testimony. Committee members questioned agency officials for several hours before releasing the final report. Independent economists described the assessment as thorough and methodologically sound. The report will now be reviewed by the relevant oversight body before any formal policy action is taken.",worldnews,2022-03-27
National Institutes of Health announces increased funding for cancer research,"According to a report published Friday, national institutes of health announces increased funding for cancer research. The findings were based on a comprehensive review of publicly available data and expert testimony. Committee members questioned agency officials for several hours before releasing the final report. Independent economists described the assessment as thorough and methodologically sound. The report will now be reviewed by the relevant oversight body before any formal policy action is taken.",politicsNews,2023-08-11
Census Bureau releases updated population projections for next decade,"The administration announced Thursday that census bureau releases updated population projections for next decade. Officials cited data showing consistent trends in the relevant sectors over the past quarter. Congressional leaders from both parties acknowledged the significance of the development. The press secretary stated: ""This reflects our ongoing commitment to evidence-based policymaking."" International observers noted the decision aligns with broader global economic trends.",worldnews,2016-06-21
NATO allies agree to increase defense spending commitments,"nato allies agree to increase defense spending commitments, according to data released by the agency on Wednesday. The figures mark a notable change compared to the same period last year. Analysts attributed the shift to several macroeconomic factors including supply chain normalization. A senior official speaking on background said policymakers are closely monitoring the situation. Further details are expected to be released at a press briefing scheduled for later this week.",politicsNews,2017-02-12
Central bank governor testifies before Senate banking committee,"Researchers at a leading institution published findings Monday showing that central bank governor testifies before senate banking committee. The peer-reviewed study, conducted over 18 months, analyzed data from more than 10,000 participants. Lead author stated the results have important implications for public policy and future research. The methodology was independently verified by two external review boards before publication. Government agencies said they would consider the findings in upcoming regulatory reviews.",worldnews,2020-03-18
Congress passes bipartisan infrastructure bill worth 1.2 trillion dollars,"In a statement released Tuesday, officials confirmed that congress passes bipartisan infrastructure bill worth 1.2 trillion dollars. The decision follows months of negotiations and represents a significant policy shift. Experts said the move was expected given recent economic indicators and geopolitical developments. Spokesperson for the agency noted: ""We are committed to transparency and will continue to update the public."" The announcement was welcomed by industry leaders while some advocacy groups called for further review.",politics,2016-05-07
Health officials report significant decline in childhood obesity rates,"health officials report significant decline in childhood obesity rates, according to data released by the agency on Monday. The figures mark a notable change compared to the same period last year. Analysts attributed the shift to several macroeconomic factors including supply chain normalization. A senior official speaking on background said policymakers are closely monitoring the situation. Further details are expected to be released at a press briefing scheduled for later this week.",worldnews,2020-02-19
House passes bipartisan legislation on prescription drug pricing reform,"In a statement released Friday, officials confirmed that house passes bipartisan legislation on prescription drug pricing reform. The decision follows months of negotiations and represents a significant policy shift. Experts said the move was expected given recent economic indicators and geopolitical developments. Spokesperson for the agency noted: ""We are committed to transparency and will continue to update the public."" The announcement was welcomed by industry leaders while some advocacy groups called for further review.",left-news,2016-01-11
WHO warns of rising antibiotic resistance as global health threat,"Researchers at a leading institution published findings Monday showing that who warns of rising antibiotic resistance as global health threat. The peer-reviewed study, conducted over 18 months, analyzed data from more than 10,000 participants. Lead author stated the results have important implications for public policy and future research. The methodology was independently verified by two external review boards before publication. Government agencies said they would consider the findings in upcoming regulatory reviews.",News,2020-07-17
CDC updates COVID-19 guidelines for healthcare workers,"Researchers at a leading institution published findings Thursday showing that cdc updates covid-19 guidelines for healthcare workers. The peer-reviewed study, conducted over 18 months, analyzed data from more than 10,000 participants. Lead author stated the results have important implications for public policy and future research. The methodology was independently verified by two external review boards before publication. Government agencies said they would consider the findings in upcoming regulatory reviews.",Government News,2021-03-23
Justice Department files antitrust suit against major technology firm,"In a statement released Wednesday, officials confirmed that justice department files antitrust suit against major technology firm. The decision follows months of negotiations and represents a significant policy shift. Experts said the move was expected given recent economic indicators and geopolitical developments. Spokesperson for the agency noted: ""We are committed to transparency and will continue to update the public."" The announcement was welcomed by industry leaders while some advocacy groups called for further review.",left-news,2017-09-26
Commerce Department reports rise in trade deficit for second quarter,"commerce department reports rise in trade deficit for second quarter, according to data released by the agency on Monday. The figures mark a notable change compared to the same period last year. Analysts attributed the shift to several macroeconomic factors including supply chain normalization. A senior official speaking on background said policymakers are closely monitoring the situation. Further details are expected to be released at a press briefing scheduled for later this week.",politics,2022-08-19
United Nations calls for ceasefire as conflict in region intensifies,"Researchers at a leading institution published findings Tuesday showing that united nations calls for ceasefire as conflict in region intensifies. The peer-reviewed study, conducted over 18 months, analyzed data from more than 10,000 participants. Lead author stated the results have important implications for public policy and future research. The methodology was independently verified by two external review boards before publication. Government agencies said they would consider the findings in upcoming regulatory reviews.",worldnews,2023-02-21
WHO warns of rising antibiotic resistance as global health threat,"who warns of rising antibiotic resistance as global health threat, according to data released by the agency on Tuesday. The figures mark a notable change compared to the same period last year. Analysts attributed the shift to several macroeconomic factors including supply chain normalization. A senior official speaking on background said policymakers are closely monitoring the situation. Further details are expected to be released at a press briefing scheduled for later this week.",Government News,2018-12-06
National Science Foundation awards grants for quantum computing research,"According to a report published Friday, national science foundation awards grants for quantum computing research. The findings were based on a comprehensive review of publicly available data and expert testimony. Committee members questioned agency officials for several hours before releasing the final report. Independent economists described the assessment as thorough and methodologically sound. The report will now be reviewed by the relevant oversight body before any formal policy action is taken.",Government News,2021-08-26
Stock markets decline as investors react to rising bond yields,"Researchers at a leading institution published findings Wednesday showing that stock markets decline as investors react to rising bond yields. The peer-reviewed study, conducted over 18 months, analyzed data from more than 10,000 participants. Lead author stated the results have important implications for public policy and future research. The methodology was independently verified by two external review boards before publication. Government agencies said they would consider the findings in upcoming regulatory reviews.",News,2022-01-23
Commerce Department reports rise in trade deficit for second quarter,"The administration announced Tuesday that commerce department reports rise in trade deficit for second quarter. Officials cited data showing consistent trends in the relevant sectors over the past quarter. Congressional leaders from both parties acknowledged the significance of the development. The press secretary stated: ""This reflects our ongoing commitment to evidence-based policymaking."" International observers noted the decision aligns with broader global economic trends.",worldnews,2017-03-19
Transportation Secretary unveils plan to modernize air traffic control,"The administration announced Monday that transportation secretary unveils plan to modernize air traffic control. Officials cited data showing consistent trends in the relevant sectors over the past quarter. Congressional leaders from both parties acknowledged the significance of the development. The press secretary stated: ""This reflects our ongoing commitment to evidence-based policymaking."" International observers noted the decision aligns with broader global economic trends.",politicsNews,2018-05-18
WHO warns of rising antibiotic resistance as global health threat,"The administration announced Monday that who warns of rising antibiotic resistance as global health threat. Officials cited data showing consistent trends in the relevant sectors over the past quarter. Congressional leaders from both parties acknowledged the significance of the development. The press secretary stated: ""This reflects our ongoing commitment to evidence-based policymaking."" International observers noted the decision aligns with broader global economic trends.",left-news,2021-03-10
Supreme Court hears oral arguments in landmark free speech case,"In a statement released Wednesday, officials confirmed that supreme court hears oral arguments in landmark free speech case. The decision follows months of negotiations and represents a significant policy shift. Experts said the move was expected given recent economic indicators and geopolitical developments. Spokesperson for the agency noted: ""We are committed to transparency and will continue to update the public."" The announcement was welcomed by industry leaders while some advocacy groups called for further review.",politics,2021-06-03
NASA successfully launches Artemis mission to lunar orbit,"nasa successfully launches artemis mission to lunar orbit, according to data released by the agency on Thursday. The figures mark a notable change compared to the same period last year. Analysts attributed the shift to several macroeconomic factors including supply chain normalization. A senior official speaking on background said policymakers are closely monitoring the situation. Further details are expected to be released at a press briefing scheduled for later this week.",News,2023-05-25
State department issues travel advisory for Southeast Asian region,"state department issues travel advisory for southeast asian region, according to data released by the agency on Monday. The figures mark a notable change compared to the same period last year. Analysts attributed the shift to several macroeconomic factors including supply chain normalization. A senior official speaking on background said policymakers are closely monitoring the situation. Further details are expected to be released at a press briefing scheduled for later this week.",politics,2023-01-12
Oil prices fall after OPEC announces production increase,"The administration announced Thursday that oil prices fall after opec announces production increase. Officials cited data showing consistent trends in the relevant sectors over the past quarter. Congressional leaders from both parties acknowledged the significance of the development. The press secretary stated: ""This reflects our ongoing commitment to evidence-based policymaking."" International observers noted the decision aligns with broader global economic trends.",politics,2018-08-12
National Science Foundation awards grants for quantum computing research,"According to a report published Wednesday, national science foundation awards grants for quantum computing research. The findings were based on a comprehensive review of publicly available data and expert testimony. Committee members questioned agency officials for several hours before releasing the final report. Independent economists described the assessment as thorough and methodologically sound. The report will now be reviewed by the relevant oversight body before any formal policy action is taken.",News,2017-11-14
National Science Foundation awards grants for quantum computing research,"The administration announced Wednesday that national science foundation awards grants for quantum computing research. Officials cited data showing consistent trends in the relevant sectors over the past quarter. Congressional leaders from both parties acknowledged the significance of the development. The press secretary stated: ""This reflects our ongoing commitment to evidence-based policymaking."" International observers noted the decision aligns with broader global economic trends.",Government News,2016-10-21
Apple reports record quarterly earnings driven by iPhone sales,"apple reports record quarterly earnings driven by iphone sales, according to data released by the agency on Friday. The figures mark a notable change compared to the same period last year. Analysts attributed the shift to several macroeconomic factors including supply chain normalization. A senior official speaking on background said policymakers are closely monitoring the situation. Further details are expected to be released at a press briefing scheduled for later this week.",politicsNews,2018-02-10
World Bank approves emergency loans to three developing nations,"world bank approves emergency loans to three developing nations, according to data released by the agency on Friday. The figures mark a notable change compared to the same period last year. Analysts attributed the shift to several macroeconomic factors including supply chain normalization. A senior official speaking on background said policymakers are closely monitoring the situation. Further details are expected to be released at a press briefing scheduled for later this week.",left-news,2017-04-13
University study links ultra-processed foods to higher mortality risk,"In a statement released Wednesday, officials confirmed that university study links ultra-processed foods to higher mortality risk. The decision follows months of negotiations and represents a significant policy shift. Experts said the move was expected given recent economic indicators and geopolitical developments. Spokesperson for the agency noted: ""We are committed to transparency and will continue to update the public."" The announcement was welcomed by industry leaders while some advocacy groups called for further review.",left-news,2023-11-18
University study links ultra-processed foods to higher mortality risk,"In a statement released Monday, officials confirmed that university study links ultra-processed foods to higher mortality risk. The decision follows months of negotiations and represents a significant policy shift. Experts said the move was expected given recent economic indicators and geopolitical developments. Spokesperson for the agency noted: ""We are committed to transparency and will continue to update the public."" The announcement was welcomed by industry leaders while some advocacy groups called for further review.",worldnews,2017-07-25
NATO allies agree to increase defense spending commitments,"nato allies agree to increase defense spending commitments, according to data released by the agency on Thursday. The figures mark a notable change compared to the same period last year. Analysts attributed the shift to several macroeconomic factors including supply chain normalization. A senior official speaking on background said policymakers are closely monitoring the situation. Further details are expected to be released at a press briefing scheduled for later this week.",News,2017-06-11
Central bank governor testifies before Senate banking committee,"The administration announced Tuesday that central bank governor testifies before senate banking committee. Officials cited data showing consistent trends in the relevant sectors over the past quarter. Congressional leaders from both parties acknowledged the significance of the development. The press secretary stated: ""This reflects our ongoing commitment to evidence-based policymaking."" International observers noted the decision aligns with broader global economic trends.",Government News,2023-02-09
University study links ultra-processed foods to higher mortality risk,"In a statement released Friday, officials confirmed that university study links ultra-processed foods to higher mortality risk. The decision follows months of negotiations and represents a significant policy shift. Experts said the move was expected given recent economic indicators and geopolitical developments. Spokesperson for the agency noted: ""We are committed to transparency and will continue to update the public."" The announcement was welcomed by industry leaders while some advocacy groups called for further review.",worldnews,2023-03-21
Senate confirms new ambassador to key ally in diplomatic shift,"Researchers at a leading institution published findings Friday showing that senate confirms new ambassador to key ally in diplomatic shift. The peer-reviewed study, conducted over 18 months, analyzed data from more than 10,000 participants. Lead author stated the results have important implications for public policy and future research. The methodology was independently verified by two external review boards before publication. Government agencies said they would consider the findings in upcoming regulatory reviews.",politicsNews,2022-01-26
Congressional hearing examines social media impact on teen mental health,"The administration announced Thursday that congressional hearing examines social media impact on teen mental health. Officials cited data showing consistent trends in the relevant sectors over the past quarter. Congressional leaders from both parties acknowledged the significance of the development. The press secretary stated: ""This reflects our ongoing commitment to evidence-based policymaking."" International observers noted the decision aligns with broader global economic trends.",worldnews,2016-04-28
Scientists achieve breakthrough in Alzheimer's disease treatment in new study,"The administration announced Wednesday that scientists achieve breakthrough in alzheimer's disease treatment in new study. Officials cited data showing consistent trends in the relevant sectors over the past quarter. Congressional leaders from both parties acknowledged the significance of the development. The press secretary stated: ""This reflects our ongoing commitment to evidence-based policymaking."" International observers noted the decision aligns with broader global economic trends.",News,2018-02-05
NASA successfully launches Artemis mission to lunar orbit,"Researchers at a leading institution published findings Thursday showing that nasa successfully launches artemis mission to lunar orbit. The peer-reviewed study, conducted over 18 months, analyzed data from more than 10,000 participants. Lead author stated the results have important implications for public policy and future research. The methodology was independently verified by two external review boards before publication. Government agencies said they would consider the findings in upcoming regulatory reviews.",politicsNews,2020-12-15
Researchers publish findings on sleep deprivation and cognitive decline,"According to a report published Tuesday, researchers publish findings on sleep deprivation and cognitive decline. The findings were based on a comprehensive review of publicly available data and expert testimony. Committee members questioned agency officials for several hours before releasing the final report. Independent economists described the assessment as thorough and methodologically sound. The report will now be reviewed by the relevant oversight body before any formal policy action is taken.",Government News,2020-03-27
Apple reports record quarterly earnings driven by iPhone sales,"In a statement released Thursday, officials confirmed that apple reports record quarterly earnings driven by iphone sales. The decision follows months of negotiations and represents a significant policy shift. Experts said the move was expected given recent economic indicators and geopolitical developments. Spokesperson for the agency noted: ""We are committed to transparency and will continue to update the public."" The announcement was welcomed by industry leaders while some advocacy groups called for further review.",News,2020-03-07
Federal budget deficit widens as spending outpaces revenue growth,"The administration announced Thursday that federal budget deficit widens as spending outpaces revenue growth. Officials cited data showing consistent trends in the relevant sectors over the past quarter. Congressional leaders from both parties acknowledged the significance of the development. The press secretary stated: ""This reflects our ongoing commitment to evidence-based policymaking."" International observers noted the decision aligns with broader global economic trends.",left-news,2018-12-14
Federal budget deficit widens as spending outpaces revenue growth,"According to a report published Thursday, federal budget deficit widens as spending outpaces revenue growth. The findings were based on a comprehensive review of publicly available data and expert testimony. Committee members questioned agency officials for several hours before releasing the final report. Independent economists described the assessment as thorough and methodologically sound. The report will now be reviewed by the relevant oversight body before any formal policy action is taken.",politicsNews,2019-02-24
Labor Department reports strong job gains across manufacturing sector,"According to a report published Friday, labor department reports strong job gains across manufacturing sector. The findings were based on a comprehensive review of publicly available data and expert testimony. Committee members questioned agency officials for several hours before releasing the final report. Independent economists described the assessment as thorough and methodologically sound. The report will now be reviewed by the relevant oversight body before any formal policy action is taken.",worldnews,2021-11-27
Presidential press secretary addresses reporters on foreign policy,"Researchers at a leading institution published findings Monday showing that presidential press secretary addresses reporters on foreign policy. The peer-reviewed study, conducted over 18 months, analyzed data from more than 10,000 participants. Lead author stated the results have important implications for public policy and future research. The methodology was independently verified by two external review boards before publication. Government agencies said they would consider the findings in upcoming regulatory reviews.",worldnews,2023-03-16
G20 leaders agree on framework for global minimum corporate tax,"In a statement released Thursday, officials confirmed that g20 leaders agree on framework for global minimum corporate tax. The decision follows months of negotiations and represents a significant policy shift. Experts said the move was expected given recent economic indicators and geopolitical developments. Spokesperson for the agency noted: ""We are committed to transparency and will continue to update the public."" The announcement was welcomed by industry leaders while some advocacy groups called for further review.",News,2016-08-27
Stock markets decline as investors react to rising bond yields,"The administration announced Friday that stock markets decline as investors react to rising bond yields. Officials cited data showing consistent trends in the relevant sectors over the past quarter. Congressional leaders from both parties acknowledged the significance of the development. The press secretary stated: ""This reflects our ongoing commitment to evidence-based policymaking."" International observers noted the decision aligns with broader global economic trends.",politicsNews,2016-04-24
CDC updates COVID-19 guidelines for healthcare workers,"The administration announced Friday that cdc updates covid-19 guidelines for healthcare workers. Officials cited data showing consistent trends in the relevant sectors over the past quarter. Congressional leaders from both parties acknowledged the significance of the development. The press secretary stated: ""This reflects our ongoing commitment to evidence-based policymaking."" International observers noted the decision aligns with broader global economic trends.",worldnews,2022-04-12
Senate confirms new ambassador to key ally in diplomatic shift,"senate confirms new ambassador to key ally in diplomatic shift, according to data released by the agency on Friday. The figures mark a notable change compared to the same period last year. Analysts attributed the shift to several macroeconomic factors including supply chain normalization. A senior official speaking on background said policymakers are closely monitoring the situation. Further details are expected to be released at a press briefing scheduled for later this week.",politicsNews,2021-06-01
New cancer screening program launches in several US states,"Researchers at a leading institution published findings Friday showing that new cancer screening program launches in several us states. The peer-reviewed study, conducted over 18 months, analyzed data from more than 10,000 participants. Lead author stated the results have important implications for public policy and future research. The methodology was independently verified by two external review boards before publication. Government agencies said they would consider the findings in upcoming regulatory reviews.",politicsNews,2023-11-15
Researchers publish findings on sleep deprivation and cognitive decline,"The administration announced Wednesday that researchers publish findings on sleep deprivation and cognitive decline. Officials cited data showing consistent trends in the relevant sectors over the past quarter. Congressional leaders from both parties acknowledged the significance of the development. The press secretary stated: ""This reflects our ongoing commitment to evidence-based policymaking."" International observers noted the decision aligns with broader global economic trends.",News,2022-09-25
SpaceX successfully lands booster for record fifteenth time,"In a statement released Tuesday, officials confirmed that spacex successfully lands booster for record fifteenth time. The decision follows months of negotiations and represents a significant policy shift. Experts said the move was expected given recent economic indicators and geopolitical developments. Spokesperson for the agency noted: ""We are committed to transparency and will continue to update the public."" The announcement was welcomed by industry leaders while some advocacy groups called for further review.",left-news,2022-06-06
Health officials report significant decline in childhood obesity rates,"According to a report published Tuesday, health officials report significant decline in childhood obesity rates. The findings were based on a comprehensive review of publicly available data and expert testimony. Committee members questioned agency officials for several hours before releasing the final report. Independent economists described the assessment as thorough and methodologically sound. The report will now be reviewed by the relevant oversight body before any formal policy action is taken.",politics,2022-07-10
Labor Department reports strong job gains across manufacturing sector,"The administration announced Wednesday that labor department reports strong job gains across manufacturing sector. Officials cited data showing consistent trends in the relevant sectors over the past quarter. Congressional leaders from both parties acknowledged the significance of the development. The press secretary stated: ""This reflects our ongoing commitment to evidence-based policymaking."" International observers noted the decision aligns with broader global economic trends.",Government News,2017-02-26
Congress passes bipartisan infrastructure bill worth 1.2 trillion dollars,"In a statement released Monday, officials confirmed that congress passes bipartisan infrastructure bill worth 1.2 trillion dollars. The decision follows months of negotiations and represents a significant policy shift. Experts said the move was expected given recent economic indicators and geopolitical developments. Spokesperson for the agency noted: ""We are committed to transparency and will continue to update the public."" The announcement was welcomed by industry leaders while some advocacy groups called for further review.",politics,2022-02-16
National Institutes of Health announces increased funding for cancer research,"According to a report published Friday, national institutes of health announces increased funding for cancer research. The findings were based on a comprehensive review of publicly available data and expert testimony. Committee members questioned agency officials for several hours before releasing the final report. Independent economists described the assessment as thorough and methodologically sound. The report will now be reviewed by the relevant oversight body before any formal policy action is taken.",politicsNews,2023-09-19
United Nations calls for ceasefire as conflict in region intensifies,"Researchers at a leading institution published findings Thursday showing that united nations calls for ceasefire as conflict in region intensifies. The peer-reviewed study, conducted over 18 months, analyzed data from more than 10,000 participants. Lead author stated the results have important implications for public policy and future research. The methodology was independently verified by two external review boards before publication. Government agencies said they would consider the findings in upcoming regulatory reviews.",worldnews,2019-08-18
World Bank approves emergency loans to three developing nations,"In a statement released Tuesday, officials confirmed that world bank approves emergency loans to three developing nations. The decision follows months of negotiations and represents a significant policy shift. Experts said the move was expected given recent economic indicators and geopolitical developments. Spokesperson for the agency noted: ""We are committed to transparency and will continue to update the public."" The announcement was welcomed by industry leaders while some advocacy groups called for further review.",left-news,2017-06-26
University study links ultra-processed foods to higher mortality risk,"The administration announced Thursday that university study links ultra-processed foods to higher mortality risk. Officials cited data showing consistent trends in the relevant sectors over the past quarter. Congressional leaders from both parties acknowledged the significance of the development. The press secretary stated: ""This reflects our ongoing commitment to evidence-based policymaking."" International observers noted the decision aligns with broader global economic trends.",politicsNews,2021-04-17
Oil prices fall after OPEC announces production increase,"Researchers at a leading institution published findings Wednesday showing that oil prices fall after opec announces production increase. The peer-reviewed study, conducted over 18 months, analyzed data from more than 10,000 participants. Lead author stated the results have important implications for public policy and future research. The methodology was independently verified by two external review boards before publication. Government agencies said they would consider the findings in upcoming regulatory reviews.",News,2022-11-08
Federal Reserve raises interest rates by 25 basis points amid inflation concerns,"The administration announced Monday that federal reserve raises interest rates by 25 basis points amid inflation concerns. Officials cited data showing consistent trends in the relevant sectors over the past quarter. Congressional leaders from both parties acknowledged the significance of the development. The press secretary stated: ""This reflects our ongoing commitment to evidence-based policymaking."" International observers noted the decision aligns with broader global economic trends.",politicsNews,2016-03-26
Congressional hearing examines social media impact on teen mental health,"According to a report published Friday, congressional hearing examines social media impact on teen mental health. The findings were based on a comprehensive review of publicly available data and expert testimony. Committee members questioned agency officials for several hours before releasing the final report. Independent economists described the assessment as thorough and methodologically sound. The report will now be reviewed by the relevant oversight body before any formal policy action is taken.",News,2021-03-19
NATO allies agree to increase defense spending commitments,"nato allies agree to increase defense spending commitments, according to data released by the agency on Friday. The figures mark a notable change compared to the same period last year. Analysts attributed the shift to several macroeconomic factors including supply chain normalization. A senior official speaking on background said policymakers are closely monitoring the situation. Further details are expected to be released at a press briefing scheduled for later this week.",left-news,2019-10-21
Unemployment rate falls to lowest level in two years,"In a statement released Friday, officials confirmed that unemployment rate falls to lowest level in two years. The decision follows months of negotiations and represents a significant policy shift. Experts said the move was expected given recent economic indicators and geopolitical developments. Spokesperson for the agency noted: ""We are committed to transparency and will continue to update the public."" The announcement was welcomed by industry leaders while some advocacy groups called for further review.",left-news,2018-11-13
Presidential press secretary addresses reporters on foreign policy,"presidential press secretary addresses reporters on foreign policy, according to data released by the agency on Thursday. The figures mark a notable change compared to the same period last year. Analysts attributed the shift to several macroeconomic factors including supply chain normalization. A senior official speaking on background said policymakers are closely monitoring the situation. Further details are expected to be released at a press briefing scheduled for later this week.",News,2018-07-08
Congress passes bipartisan infrastructure bill worth 1.2 trillion dollars,"congress passes bipartisan infrastructure bill worth 1.2 trillion dollars, according to data released by the agency on Friday. The figures mark a notable change compared to the same period last year. Analysts attributed the shift to several macroeconomic factors including supply chain normalization. A senior official speaking on background said policymakers are closely monitoring the situation. Further details are expected to be released at a press briefing scheduled for later this week.",politicsNews,2022-11-09
Health officials report significant decline in childhood obesity rates,"health officials report significant decline in childhood obesity rates, according to data released by the agency on Wednesday. The figures mark a notable change compared to the same period last year. Analysts attributed the shift to several macroeconomic factors including supply chain normalization. A senior official speaking on background said policymakers are closely monitoring the situation. Further details are expected to be released at a press briefing scheduled for later this week.",worldnews,2017-02-01
NATO allies agree to increase defense spending commitments,"In a statement released Friday, officials confirmed that nato allies agree to increase defense spending commitments. The decision follows months of negotiations and represents a significant policy shift. Experts said the move was expected given recent economic indicators and geopolitical developments. Spokesperson for the agency noted: ""We are committed to transparency and will continue to update the public."" The announcement was welcomed by industry leaders while some advocacy groups called for further review.",worldnews,2016-10-23
Consumer confidence index rises for third consecutive month,"In a statement released Friday, officials confirmed that consumer confidence index rises for third consecutive month. The decision follows months of negotiations and represents a significant policy shift. Experts said the move was expected given recent economic indicators and geopolitical developments. Spokesperson for the agency noted: ""We are committed to transparency and will continue to update the public."" The announcement was welcomed by industry leaders while some advocacy groups called for further review.",left-news,2016-12-24
Stock markets decline as investors react to rising bond yields,"The administration announced Wednesday that stock markets decline as investors react to rising bond yields. Officials cited data showing consistent trends in the relevant sectors over the past quarter. Congressional leaders from both parties acknowledged the significance of the development. The press secretary stated: ""This reflects our ongoing commitment to evidence-based policymaking."" International observers noted the decision aligns with broader global economic trends.",worldnews,2019-11-08
New cancer screening program launches in several US states,"new cancer screening program launches in several us states, according to data released by the agency on Friday. The figures mark a notable change compared to the same period last year. Analysts attributed the shift to several macroeconomic factors including supply chain normalization. A senior official speaking on background said policymakers are closely monitoring the situation. Further details are expected to be released at a press briefing scheduled for later this week.",worldnews,2022-05-22
Apple reports record quarterly earnings driven by iPhone sales,"Researchers at a leading institution published findings Monday showing that apple reports record quarterly earnings driven by iphone sales. The peer-reviewed study, conducted over 18 months, analyzed data from more than 10,000 participants. Lead author stated the results have important implications for public policy and future research. The methodology was independently verified by two external review boards before publication. Government agencies said they would consider the findings in upcoming regulatory reviews.",worldnews,2016-11-19
Congress passes bipartisan infrastructure bill worth 1.2 trillion dollars,"In a statement released Thursday, officials confirmed that congress passes bipartisan infrastructure bill worth 1.2 trillion dollars. The decision follows months of negotiations and represents a significant policy shift. Experts said the move was expected given recent economic indicators and geopolitical developments. Spokesperson for the agency noted: ""We are committed to transparency and will continue to update the public."" The announcement was welcomed by industry leaders while some advocacy groups called for further review.",politics,2017-02-05
Oil prices fall after OPEC announces production increase,"Researchers at a leading institution published findings Tuesday showing that oil prices fall after opec announces production increase. The peer-reviewed study, conducted over 18 months, analyzed data from more than 10,000 participants. Lead author stated the results have important implications for public policy and future research. The methodology was independently verified by two external review boards before publication. Government agencies said they would consider the findings in upcoming regulatory reviews.",politicsNews,2017-08-28
Congressional hearing examines social media impact on teen mental health,"congressional hearing examines social media impact on teen mental health, according to data released by the agency on Thursday. The figures mark a notable change compared to the same period last year. Analysts attributed the shift to several macroeconomic factors including supply chain normalization. A senior official speaking on background said policymakers are closely monitoring the situation. Further details are expected to be released at a press briefing scheduled for later this week.",politicsNews,2023-01-14
NASA successfully launches Artemis mission to lunar orbit,"The administration announced Monday that nasa successfully launches artemis mission to lunar orbit. Officials cited data showing consistent trends in the relevant sectors over the past quarter. Congressional leaders from both parties acknowledged the significance of the development. The press secretary stated: ""This reflects our ongoing commitment to evidence-based policymaking."" International observers noted the decision aligns with broader global economic trends.",worldnews,2022-07-11
Transportation Secretary unveils plan to modernize air traffic control,"The administration announced Tuesday that transportation secretary unveils plan to modernize air traffic control. Officials cited data showing consistent trends in the relevant sectors over the past quarter. Congressional leaders from both parties acknowledged the significance of the development. The press secretary stated: ""This reflects our ongoing commitment to evidence-based policymaking."" International observers noted the decision aligns with broader global economic trends.",worldnews,2020-01-06
Labor Department reports strong job gains across manufacturing sector,"According to a report published Friday, labor department reports strong job gains across manufacturing sector. The findings were based on a comprehensive review of publicly available data and expert testimony. Committee members questioned agency officials for several hours before releasing the final report. Independent economists described the assessment as thorough and methodologically sound. The report will now be reviewed by the relevant oversight body before any formal policy action is taken.",politicsNews,2017-06-12
Treasury Department proposes new tax reform package for small businesses,"According to a report published Friday, treasury department proposes new tax reform package for small businesses. The findings were based on a comprehensive review of publicly available data and expert testimony. Committee members questioned agency officials for several hours before releasing the final report. Independent economists described the assessment as thorough and methodologically sound. The report will now be reviewed by the relevant oversight body before any formal policy action is taken.",politics,2016-03-17
National Institutes of Health announces increased funding for cancer research,"Researchers at a leading institution published findings Monday showing that national institutes of health announces increased funding for cancer research. The peer-reviewed study, conducted over 18 months, analyzed data from more than 10,000 participants. Lead author stated the results have important implications for public policy and future research. The methodology was independently verified by two external review boards before publication. Government agencies said they would consider the findings in upcoming regulatory reviews.",worldnews,2016-09-01
Defense Secretary meets with allies to discuss regional security threats,"According to a report published Tuesday, defense secretary meets with allies to discuss regional security threats. The findings were based on a comprehensive review of publicly available data and expert testimony. Committee members questioned agency officials for several hours before releasing the final report. Independent economists described the assessment as thorough and methodologically sound. The report will now be reviewed by the relevant oversight body before any formal policy action is taken.",worldnews,2021-02-07
Scientists achieve breakthrough in Alzheimer's disease treatment in new study,"Researchers at a leading institution published findings Tuesday showing that scientists achieve breakthrough in alzheimer's disease treatment in new study. The peer-reviewed study, conducted over 18 months, analyzed data from more than 10,000 participants. Lead author stated the results have important implications for public policy and future research. The methodology was independently verified by two external review boards before publication. Government agencies said they would consider the findings in upcoming regulatory reviews.",worldnews,2017-12-23
Stock markets decline as investors react to rising bond yields,"Researchers at a leading institution published findings Wednesday showing that stock markets decline as investors react to rising bond yields. The peer-reviewed study, conducted over 18 months, analyzed data from more than 10,000 participants. Lead author stated the results have important implications for public policy and future research. The methodology was independently verified by two external review boards before publication. Government agencies said they would consider the findings in upcoming regulatory reviews.",left-news,2019-02-12
Science journal publishes breakthrough research on gene editing safety,"According to a report published Wednesday, science journal publishes breakthrough research on gene editing safety. The findings were based on a comprehensive review of publicly available data and expert testimony. Committee members questioned agency officials for several hours before releasing the final report. Independent economists described the assessment as thorough and methodologically sound. The report will now be reviewed by the relevant oversight body before any formal policy action is taken.",left-news,2023-07-17
Unemployment rate falls to lowest level in two years,"unemployment rate falls to lowest level in two years, according to data released by the agency on Wednesday. The figures mark a notable change compared to the same period last year. Analysts attributed the shift to several macroeconomic factors including supply chain normalization. A senior official speaking on background said policymakers are closely monitoring the situation. Further details are expected to be released at a press briefing scheduled for later this week.",worldnews,2019-11-28
Science journal publishes breakthrough research on gene editing safety,"Researchers at a leading institution published findings Thursday showing that science journal publishes breakthrough research on gene editing safety. The peer-reviewed study, conducted over 18 months, analyzed data from more than 10,000 participants. Lead author stated the results have important implications for public policy and future research. The methodology was independently verified by two external review boards before publication. Government agencies said they would consider the findings in upcoming regulatory reviews.",politicsNews,2020-03-26
Senate confirms new ambassador to key ally in diplomatic shift,"The administration announced Thursday that senate confirms new ambassador to key ally in diplomatic shift. Officials cited data showing consistent trends in the relevant sectors over the past quarter. Congressional leaders from both parties acknowledged the significance of the development. The press secretary stated: ""This reflects our ongoing commitment to evidence-based policymaking."" International observers noted the decision aligns with broader global economic trends.",left-news,2022-10-24
President signs executive order on artificial intelligence regulation,"Researchers at a leading institution published findings Friday showing that president signs executive order on artificial intelligence regulation. The peer-reviewed study, conducted over 18 months, analyzed data from more than 10,000 participants. Lead author stated the results have important implications for public policy and future research. The methodology was independently verified by two external review boards before publication. Government agencies said they would consider the findings in upcoming regulatory reviews.",politicsNews,2022-07-07
House passes bipartisan legislation on prescription drug pricing reform,"Researchers at a leading institution published findings Wednesday showing that house passes bipartisan legislation on prescription drug pricing reform. The peer-reviewed study, conducted over 18 months, analyzed data from more than 10,000 participants. Lead author stated the results have important implications for public policy and future research. The methodology was independently verified by two external review boards before publication. Government agencies said they would consider the findings in upcoming regulatory reviews.",Government News,2017-08-06
United Nations calls for ceasefire as conflict in region intensifies,"According to a report published Wednesday, united nations calls for ceasefire as conflict in region intensifies. The findings were based on a comprehensive review of publicly available data and expert testimony. Committee members questioned agency officials for several hours before releasing the final report. Independent economists described the assessment as thorough and methodologically sound. The report will now be reviewed by the relevant oversight body before any formal policy action is taken.",politics,2022-05-20
Census Bureau releases updated population projections for next decade,"According to a report published Wednesday, census bureau releases updated population projections for next decade. The findings were based on a comprehensive review of publicly available data and expert testimony. Committee members questioned agency officials for several hours before releasing the final report. Independent economists described the assessment as thorough and methodologically sound. The report will now be reviewed by the relevant oversight body before any formal policy action is taken.",left-news,2016-02-06
G20 leaders agree on framework for global minimum corporate tax,"The administration announced Tuesday that g20 leaders agree on framework for global minimum corporate tax. Officials cited data showing consistent trends in the relevant sectors over the past quarter. Congressional leaders from both parties acknowledged the significance of the development. The press secretary stated: ""This reflects our ongoing commitment to evidence-based policymaking."" International observers noted the decision aligns with broader global economic trends.",News,2019-02-07
Labor Department reports strong job gains across manufacturing sector,"Researchers at a leading institution published findings Wednesday showing that labor department reports strong job gains across manufacturing sector. The peer-reviewed study, conducted over 18 months, analyzed data from more than 10,000 participants. Lead author stated the results have important implications for public policy and future research. The methodology was independently verified by two external review boards before publication. Government agencies said they would consider the findings in upcoming regulatory reviews.",worldnews,2021-02-01
G20 leaders agree on framework for global minimum corporate tax,"In a statement released Wednesday, officials confirmed that g20 leaders agree on framework for global minimum corporate tax. The decision follows months of negotiations and represents a significant policy shift. Experts said the move was expected given recent economic indicators and geopolitical developments. Spokesperson for the agency noted: ""We are committed to transparency and will continue to update the public."" The announcement was welcomed by industry leaders while some advocacy groups called for further review.",worldnews,2023-10-26
G20 leaders agree on framework for global minimum corporate tax,"g20 leaders agree on framework for global minimum corporate tax, according to data released by the agency on Friday. The figures mark a notable change compared to the same period last year. Analysts attributed the shift to several macroeconomic factors including supply chain normalization. A senior official speaking on background said policymakers are closely monitoring the situation. Further details are expected to be released at a press briefing scheduled for later this week.",politicsNews,2022-05-20
Senate confirms new ambassador to key ally in diplomatic shift,"According to a report published Tuesday, senate confirms new ambassador to key ally in diplomatic shift. The findings were based on a comprehensive review of publicly available data and expert testimony. Committee members questioned agency officials for several hours before releasing the final report. Independent economists described the assessment as thorough and methodologically sound. The report will now be reviewed by the relevant oversight body before any formal policy action is taken.",politicsNews,2020-12-20
Labor Department reports strong job gains across manufacturing sector,"In a statement released Friday, officials confirmed that labor department reports strong job gains across manufacturing sector. The decision follows months of negotiations and represents a significant policy shift. Experts said the move was expected given recent economic indicators and geopolitical developments. Spokesperson for the agency noted: ""We are committed to transparency and will continue to update the public."" The announcement was welcomed by industry leaders while some advocacy groups called for further review.",Government News,2022-11-25
NATO allies agree to increase defense spending commitments,"Researchers at a leading institution published findings Wednesday showing that nato allies agree to increase defense spending commitments. The peer-reviewed study, conducted over 18 months, analyzed data from more than 10,000 participants. Lead author stated the results have important implications for public policy and future research. The methodology was independently verified by two external review boards before publication. Government agencies said they would consider the findings in upcoming regulatory reviews.",worldnews,2019-01-26
Federal court rules against merger of two major airline carriers,"The administration announced Monday that federal court rules against merger of two major airline carriers. Officials cited data showing consistent trends in the relevant sectors over the past quarter. Congressional leaders from both parties acknowledged the significance of the development. The press secretary stated: ""This reflects our ongoing commitment to evidence-based policymaking."" International observers noted the decision aligns with broader global economic trends.",News,2022-02-04
State department issues travel advisory for Southeast Asian region,"state department issues travel advisory for southeast asian region, according to data released by the agency on Friday. The figures mark a notable change compared to the same period last year. Analysts attributed the shift to several macroeconomic factors including supply chain normalization. A senior official speaking on background said policymakers are closely monitoring the situation. Further details are expected to be released at a press briefing scheduled for later this week.",News,2022-04-19
Scientists achieve breakthrough in Alzheimer's disease treatment in new study,"Researchers at a leading institution published findings Monday showing that scientists achieve breakthrough in alzheimer's disease treatment in new study. The peer-reviewed study, conducted over 18 months, analyzed data from more than 10,000 participants. Lead author stated the results have important implications for public policy and future research. The methodology was independently verified by two external review boards before publication. Government agencies said they would consider the findings in upcoming regulatory reviews.",Government News,2016-08-10
Stock markets decline as investors react to rising bond yields,"The administration announced Monday that stock markets decline as investors react to rising bond yields. Officials cited data showing consistent trends in the relevant sectors over the past quarter. Congressional leaders from both parties acknowledged the significance of the development. The press secretary stated: ""This reflects our ongoing commitment to evidence-based policymaking."" International observers noted the decision aligns with broader global economic trends.",politics,2016-06-21
Scientists achieve breakthrough in Alzheimer's disease treatment in new study,"In a statement released Thursday, officials confirmed that scientists achieve breakthrough in alzheimer's disease treatment in new study. The decision follows months of negotiations and represents a significant policy shift. Experts said the move was expected given recent economic indicators and geopolitical developments. Spokesperson for the agency noted: ""We are committed to transparency and will continue to update the public."" The announcement was welcomed by industry leaders while some advocacy groups called for further review.",politicsNews,2022-12-10
President signs executive order on artificial intelligence regulation,"Researchers at a leading institution published findings Wednesday showing that president signs executive order on artificial intelligence regulation. The peer-reviewed study, conducted over 18 months, analyzed data from more than 10,000 participants. Lead author stated the results have important implications for public policy and future research. The methodology was independently verified by two external review boards before publication. Government agencies said they would consider the findings in upcoming regulatory reviews.",left-news,2017-09-25
G20 leaders agree on framework for global minimum corporate tax,"The administration announced Friday that g20 leaders agree on framework for global minimum corporate tax. Officials cited data showing consistent trends in the relevant sectors over the past quarter. Congressional leaders from both parties acknowledged the significance of the development. The press secretary stated: ""This reflects our ongoing commitment to evidence-based policymaking."" International observers noted the decision aligns with broader global economic trends.",politicsNews,2022-05-23
University study links ultra-processed foods to higher mortality risk,"The administration announced Monday that university study links ultra-processed foods to higher mortality risk. Officials cited data showing consistent trends in the relevant sectors over the past quarter. Congressional leaders from both parties acknowledged the significance of the development. The press secretary stated: ""This reflects our ongoing commitment to evidence-based policymaking."" International observers noted the decision aligns with broader global economic trends.",News,2017-01-08
Apple reports record quarterly earnings driven by iPhone sales,"In a statement released Tuesday, officials confirmed that apple reports record quarterly earnings driven by iphone sales. The decision follows months of negotiations and represents a significant policy shift. Experts said the move was expected given recent economic indicators and geopolitical developments. Spokesperson for the agency noted: ""We are committed to transparency and will continue to update the public."" The announcement was welcomed by industry leaders while some advocacy groups called for further review.",politicsNews,2021-12-24
NATO allies agree to increase defense spending commitments,"nato allies agree to increase defense spending commitments, according to data released by the agency on Tuesday. The figures mark a notable change compared to the same period last year. Analysts attributed the shift to several macroeconomic factors including supply chain normalization. A senior official speaking on background said policymakers are closely monitoring the situation. Further details are expected to be released at a press briefing scheduled for later this week.",politicsNews,2019-12-26
Congressional hearing examines social media impact on teen mental health,"According to a report published Monday, congressional hearing examines social media impact on teen mental health. The findings were based on a comprehensive review of publicly available data and expert testimony. Committee members questioned agency officials for several hours before releasing the final report. Independent economists described the assessment as thorough and methodologically sound. The report will now be reviewed by the relevant oversight body before any formal policy action is taken.",Government News,2016-05-26
United Nations calls for ceasefire as conflict in region intensifies,"In a statement released Monday, officials confirmed that united nations calls for ceasefire as conflict in region intensifies. The decision follows months of negotiations and represents a significant policy shift. Experts said the move was expected given recent economic indicators and geopolitical developments. Spokesperson for the agency noted: ""We are committed to transparency and will continue to update the public."" The announcement was welcomed by industry leaders while some advocacy groups called for further review.",News,2017-05-11
Federal Reserve chair says inflation showing signs of gradual easing,"According to a report published Thursday, federal reserve chair says inflation showing signs of gradual easing. The findings were based on a comprehensive review of publicly available data and expert testimony. Committee members questioned agency officials for several hours before releasing the final report. Independent economists described the assessment as thorough and methodologically sound. The report will now be reviewed by the relevant oversight body before any formal policy action is taken.",News,2018-03-19
University study links ultra-processed foods to higher mortality risk,"In a statement released Tuesday, officials confirmed that university study links ultra-processed foods to higher mortality risk. The decision follows months of negotiations and represents a significant policy shift. Experts said the move was expected given recent economic indicators and geopolitical developments. Spokesperson for the agency noted: ""We are committed to transparency and will continue to update the public."" The announcement was welcomed by industry leaders while some advocacy groups called for further review.",News,2018-10-28
Researchers publish findings on sleep deprivation and cognitive decline,"The administration announced Monday that researchers publish findings on sleep deprivation and cognitive decline. Officials cited data showing consistent trends in the relevant sectors over the past quarter. Congressional leaders from both parties acknowledged the significance of the development. The press secretary stated: ""This reflects our ongoing commitment to evidence-based policymaking."" International observers noted the decision aligns with broader global economic trends.",politics,2019-10-16
Labor Department reports strong job gains across manufacturing sector,"The administration announced Wednesday that labor department reports strong job gains across manufacturing sector. Officials cited data showing consistent trends in the relevant sectors over the past quarter. Congressional leaders from both parties acknowledged the significance of the development. The press secretary stated: ""This reflects our ongoing commitment to evidence-based policymaking."" International observers noted the decision aligns with broader global economic trends.",News,2023-04-03
International Monetary Fund revises global growth forecast downward,"Researchers at a leading institution published findings Monday showing that international monetary fund revises global growth forecast downward. The peer-reviewed study, conducted over 18 months, analyzed data from more than 10,000 participants. Lead author stated the results have important implications for public policy and future research. The methodology was independently verified by two external review boards before publication. Government agencies said they would consider the findings in upcoming regulatory reviews.",News,2019-11-21
National Institutes of Health announces increased funding for cancer research,"national institutes of health announces increased funding for cancer research, according to data released by the agency on Monday. The figures mark a notable change compared to the same period last year. Analysts attributed the shift to several macroeconomic factors including supply chain normalization. A senior official speaking on background said policymakers are closely monitoring the situation. Further details are expected to be released at a press briefing scheduled for later this week.",politicsNews,2023-01-07
Federal Reserve raises interest rates by 25 basis points amid inflation concerns,"federal reserve raises interest rates by 25 basis points amid inflation concerns, according to data released by the agency on Thursday. The figures mark a notable change compared to the same period last year. Analysts attributed the shift to several macroeconomic factors including supply chain normalization. A senior official speaking on background said policymakers are closely monitoring the situation. Further details are expected to be released at a press briefing scheduled for later this week.",left-news,2019-08-04
SpaceX successfully lands booster for record fifteenth time,"spacex successfully lands booster for record fifteenth time, according to data released by the agency on Friday. The figures mark a notable change compared to the same period last year. Analysts attributed the shift to several macroeconomic factors including supply chain normalization. A senior official speaking on background said policymakers are closely monitoring the situation. Further details are expected to be released at a press briefing scheduled for later this week.",politics,2021-05-23
University study links ultra-processed foods to higher mortality risk,"university study links ultra-processed foods to higher mortality risk, according to data released by the agency on Friday. The figures mark a notable change compared to the same period last year. Analysts attributed the shift to several macroeconomic factors including supply chain normalization. A senior official speaking on background said policymakers are closely monitoring the situation. Further details are expected to be released at a press briefing scheduled for later this week.",politicsNews,2018-04-12
World Bank approves emergency loans to three developing nations,"The administration announced Friday that world bank approves emergency loans to three developing nations. Officials cited data showing consistent trends in the relevant sectors over the past quarter. Congressional leaders from both parties acknowledged the significance of the development. The press secretary stated: ""This reflects our ongoing commitment to evidence-based policymaking."" International observers noted the decision aligns with broader global economic trends.",politics,2019-07-07
NASA successfully launches Artemis mission to lunar orbit,"Researchers at a leading institution published findings Thursday showing that nasa successfully launches artemis mission to lunar orbit. The peer-reviewed study, conducted over 18 months, analyzed data from more than 10,000 participants. Lead author stated the results have important implications for public policy and future research. The methodology was independently verified by two external review boards before publication. Government agencies said they would consider the findings in upcoming regulatory reviews.",worldnews,2020-10-21
Congress passes bipartisan infrastructure bill worth 1.2 trillion dollars,"congress passes bipartisan infrastructure bill worth 1.2 trillion dollars, according to data released by the agency on Thursday. The figures mark a notable change compared to the same period last year. Analysts attributed the shift to several macroeconomic factors including supply chain normalization. A senior official speaking on background said policymakers are closely monitoring the situation. Further details are expected to be released at a press briefing scheduled for later this week.",politicsNews,2017-04-01
University study links ultra-processed foods to higher mortality risk,"university study links ultra-processed foods to higher mortality risk, according to data released by the agency on Wednesday. The figures mark a notable change compared to the same period last year. Analysts attributed the shift to several macroeconomic factors including supply chain normalization. A senior official speaking on background said policymakers are closely monitoring the situation. Further details are expected to be released at a press briefing scheduled for later this week.",politicsNews,2023-11-17
State department issues travel advisory for Southeast Asian region,"Researchers at a leading institution published findings Wednesday showing that state department issues travel advisory for southeast asian region. The peer-reviewed study, conducted over 18 months, analyzed data from more than 10,000 participants. Lead author stated the results have important implications for public policy and future research. The methodology was independently verified by two external review boards before publication. Government agencies said they would consider the findings in upcoming regulatory reviews.",politicsNews,2017-06-14
Senate confirms new ambassador to key ally in diplomatic shift,"senate confirms new ambassador to key ally in diplomatic shift, according to data released by the agency on Thursday. The figures mark a notable change compared to the same period last year. Analysts attributed the shift to several macroeconomic factors including supply chain normalization. A senior official speaking on background said policymakers are closely monitoring the situation. Further details are expected to be released at a press briefing scheduled for later this week.",politics,2022-09-11
Apple reports record quarterly earnings driven by iPhone sales,"The administration announced Wednesday that apple reports record quarterly earnings driven by iphone sales. Officials cited data showing consistent trends in the relevant sectors over the past quarter. Congressional leaders from both parties acknowledged the significance of the development. The press secretary stated: ""This reflects our ongoing commitment to evidence-based policymaking."" International observers noted the decision aligns with broader global economic trends.",News,2017-01-21
World Bank approves emergency loans to three developing nations,"The administration announced Tuesday that world bank approves emergency loans to three developing nations. Officials cited data showing consistent trends in the relevant sectors over the past quarter. Congressional leaders from both parties acknowledged the significance of the development. The press secretary stated: ""This reflects our ongoing commitment to evidence-based policymaking."" International observers noted the decision aligns with broader global economic trends.",News,2019-07-06
Central bank governor testifies before Senate banking committee,"Researchers at a leading institution published findings Friday showing that central bank governor testifies before senate banking committee. The peer-reviewed study, conducted over 18 months, analyzed data from more than 10,000 participants. Lead author stated the results have important implications for public policy and future research. The methodology was independently verified by two external review boards before publication. Government agencies said they would consider the findings in upcoming regulatory reviews.",politics,2023-09-14
Congress passes bipartisan infrastructure bill worth 1.2 trillion dollars,"In a statement released Tuesday, officials confirmed that congress passes bipartisan infrastructure bill worth 1.2 trillion dollars. The decision follows months of negotiations and represents a significant policy shift. Experts said the move was expected given recent economic indicators and geopolitical developments. Spokesperson for the agency noted: ""We are committed to transparency and will continue to update the public."" The announcement was welcomed by industry leaders while some advocacy groups called for further review.",politicsNews,2019-02-02
United Nations calls for ceasefire as conflict in region intensifies,"According to a report published Wednesday, united nations calls for ceasefire as conflict in region intensifies. The findings were based on a comprehensive review of publicly available data and expert testimony. Committee members questioned agency officials for several hours before releasing the final report. Independent economists described the assessment as thorough and methodologically sound. The report will now be reviewed by the relevant oversight body before any formal policy action is taken.",worldnews,2017-09-04
President signs executive order on artificial intelligence regulation,"president signs executive order on artificial intelligence regulation, according to data released by the agency on Friday. The figures mark a notable change compared to the same period last year. Analysts attributed the shift to several macroeconomic factors including supply chain normalization. A senior official speaking on background said policymakers are closely monitoring the situation. Further details are expected to be released at a press briefing scheduled for later this week.",Government News,2022-07-13
Congress passes bipartisan infrastructure bill worth 1.2 trillion dollars,"congress passes bipartisan infrastructure bill worth 1.2 trillion dollars, according to data released by the agency on Wednesday. The figures mark a notable change compared to the same period last year. Analysts attributed the shift to several macroeconomic factors including supply chain normalization. A senior official speaking on background said policymakers are closely monitoring the situation. Further details are expected to be released at a press briefing scheduled for later this week.",left-news,2019-03-26
Senate confirms new ambassador to key ally in diplomatic shift,"Researchers at a leading institution published findings Wednesday showing that senate confirms new ambassador to key ally in diplomatic shift. The peer-reviewed study, conducted over 18 months, analyzed data from more than 10,000 participants. Lead author stated the results have important implications for public policy and future research. The methodology was independently verified by two external review boards before publication. Government agencies said they would consider the findings in upcoming regulatory reviews.",Government News,2020-12-01
Congress passes bipartisan infrastructure bill worth 1.2 trillion dollars,"congress passes bipartisan infrastructure bill worth 1.2 trillion dollars, according to data released by the agency on Friday. The figures mark a notable change compared to the same period last year. Analysts attributed the shift to several macroeconomic factors including supply chain normalization. A senior official speaking on background said policymakers are closely monitoring the situation. Further details are expected to be released at a press briefing scheduled for later this week.",Government News,2023-12-10
Federal Reserve chair says inflation showing signs of gradual easing,"federal reserve chair says inflation showing signs of gradual easing, according to data released by the agency on Tuesday. The figures mark a notable change compared to the same period last year. Analysts attributed the shift to several macroeconomic factors including supply chain normalization. A senior official speaking on background said policymakers are closely monitoring the situation. Further details are expected to be released at a press briefing scheduled for later this week.",News,2017-03-06
SpaceX successfully lands booster for record fifteenth time,"The administration announced Tuesday that spacex successfully lands booster for record fifteenth time. Officials cited data showing consistent trends in the relevant sectors over the past quarter. Congressional leaders from both parties acknowledged the significance of the development. The press secretary stated: ""This reflects our ongoing commitment to evidence-based policymaking."" International observers noted the decision aligns with broader global economic trends.",politicsNews,2023-07-11
Scientists achieve breakthrough in Alzheimer's disease treatment in new study,"scientists achieve breakthrough in alzheimer's disease treatment in new study, according to data released by the agency on Wednesday. The figures mark a notable change compared to the same period last year. Analysts attributed the shift to several macroeconomic factors including supply chain normalization. A senior official speaking on background said policymakers are closely monitoring the situation. Further details are expected to be released at a press briefing scheduled for later this week.",politicsNews,2018-11-25
Federal Reserve raises interest rates by 25 basis points amid inflation concerns,"According to a report published Wednesday, federal reserve raises interest rates by 25 basis points amid inflation concerns. The findings were based on a comprehensive review of publicly available data and expert testimony. Committee members questioned agency officials for several hours before releasing the final report. Independent economists described the assessment as thorough and methodologically sound. The report will now be reviewed by the relevant oversight body before any formal policy action is taken.",left-news,2016-08-28
Global food prices rise as drought affects major agricultural regions,"The administration announced Monday that global food prices rise as drought affects major agricultural regions. Officials cited data showing consistent trends in the relevant sectors over the past quarter. Congressional leaders from both parties acknowledged the significance of the development. The press secretary stated: ""This reflects our ongoing commitment to evidence-based policymaking."" International observers noted the decision aligns with broader global economic trends.",politicsNews,2016-10-22
Oil prices fall after OPEC announces production increase,"oil prices fall after opec announces production increase, according to data released by the agency on Friday. The figures mark a notable change compared to the same period last year. Analysts attributed the shift to several macroeconomic factors including supply chain normalization. A senior official speaking on background said policymakers are closely monitoring the situation. Further details are expected to be released at a press briefing scheduled for later this week.",politics,2018-03-25
Congress passes bipartisan infrastructure bill worth 1.2 trillion dollars,"In a statement released Wednesday, officials confirmed that congress passes bipartisan infrastructure bill worth 1.2 trillion dollars. The decision follows months of negotiations and represents a significant policy shift. Experts said the move was expected given recent economic indicators and geopolitical developments. Spokesperson for the agency noted: ""We are committed to transparency and will continue to update the public."" The announcement was welcomed by industry leaders while some advocacy groups called for further review.",Government News,2021-08-16
National Institutes of Health announces increased funding for cancer research,"Researchers at a leading institution published findings Friday showing that national institutes of health announces increased funding for cancer research. The peer-reviewed study, conducted over 18 months, analyzed data from more than 10,000 participants. Lead author stated the results have important implications for public policy and future research. The methodology was independently verified by two external review boards before publication. Government agencies said they would consider the findings in upcoming regulatory reviews.",News,2023-05-12
University study links ultra-processed foods to higher mortality risk,"In a statement released Wednesday, officials confirmed that university study links ultra-processed foods to higher mortality risk. The decision follows months of negotiations and represents a significant policy shift. Experts said the move was expected given recent economic indicators and geopolitical developments. Spokesperson for the agency noted: ""We are committed to transparency and will continue to update the public."" The announcement was welcomed by industry leaders while some advocacy groups called for further review.",News,2021-09-25
Labor Department reports strong job gains across manufacturing sector,"According to a report published Thursday, labor department reports strong job gains across manufacturing sector. The findings were based on a comprehensive review of publicly available data and expert testimony. Committee members questioned agency officials for several hours before releasing the final report. Independent economists described the assessment as thorough and methodologically sound. The report will now be reviewed by the relevant oversight body before any formal policy action is taken.",politicsNews,2020-11-17
Presidential press secretary addresses reporters on foreign policy,"In a statement released Tuesday, officials confirmed that presidential press secretary addresses reporters on foreign policy. The decision follows months of negotiations and represents a significant policy shift. Experts said the move was expected given recent economic indicators and geopolitical developments. Spokesperson for the agency noted: ""We are committed to transparency and will continue to update the public."" The announcement was welcomed by industry leaders while some advocacy groups called for further review.",left-news,2019-11-05
Federal budget deficit widens as spending outpaces revenue growth,"The administration announced Monday that federal budget deficit widens as spending outpaces revenue growth. Officials cited data showing consistent trends in the relevant sectors over the past quarter. Congressional leaders from both parties acknowledged the significance of the development. The press secretary stated: ""This reflects our ongoing commitment to evidence-based policymaking."" International observers noted the decision aligns with broader global economic trends.",worldnews,2022-06-07
National Institutes of Health announces increased funding for cancer research,"In a statement released Tuesday, officials confirmed that national institutes of health announces increased funding for cancer research. The decision follows months of negotiations and represents a significant policy shift. Experts said the move was expected given recent economic indicators and geopolitical developments. Spokesperson for the agency noted: ""We are committed to transparency and will continue to update the public."" The announcement was welcomed by industry leaders while some advocacy groups called for further review.",left-news,2017-05-21
Justice Department files antitrust suit against major technology firm,"According to a report published Thursday, justice department files antitrust suit against major technology firm. The findings were based on a comprehensive review of publicly available data and expert testimony. Committee members questioned agency officials for several hours before releasing the final report. Independent economists described the assessment as thorough and methodologically sound. The report will now be reviewed by the relevant oversight body before any formal policy action is taken.",politics,2018-05-22
Federal budget deficit widens as spending outpaces revenue growth,"Researchers at a leading institution published findings Thursday showing that federal budget deficit widens as spending outpaces revenue growth. The peer-reviewed study, conducted over 18 months, analyzed data from more than 10,000 participants. Lead author stated the results have important implications for public policy and future research. The methodology was independently verified by two external review boards before publication. Government agencies said they would consider the findings in upcoming regulatory reviews.",politics,2022-05-10
CDC updates COVID-19 guidelines for healthcare workers,"In a statement released Friday, officials confirmed that cdc updates covid-19 guidelines for healthcare workers. The decision follows months of negotiations and represents a significant policy shift. Experts said the move was expected given recent economic indicators and geopolitical developments. Spokesperson for the agency noted: ""We are committed to transparency and will continue to update the public."" The announcement was welcomed by industry leaders while some advocacy groups called for further review.",politics,2021-10-04
NATO allies agree to increase defense spending commitments,"The administration announced Friday that nato allies agree to increase defense spending commitments. Officials cited data showing consistent trends in the relevant sectors over the past quarter. Congressional leaders from both parties acknowledged the significance of the development. The press secretary stated: ""This reflects our ongoing commitment to evidence-based policymaking."" International observers noted the decision aligns with broader global economic trends.",News,2020-02-01
Federal court rules against merger of two major airline carriers,"federal court rules against merger of two major airline carriers, according to data released by the agency on Thursday. The figures mark a notable change compared to the same period last year. Analysts attributed the shift to several macroeconomic factors including supply chain normalization. A senior official speaking on background said policymakers are closely monitoring the situation. Further details are expected to be released at a press briefing scheduled for later this week.",Government News,2018-09-10
Environmental Protection Agency announces new clean air standards,"According to a report published Tuesday, environmental protection agency announces new clean air standards. The findings were based on a comprehensive review of publicly available data and expert testimony. Committee members questioned agency officials for several hours before releasing the final report. Independent economists described the assessment as thorough and methodologically sound. The report will now be reviewed by the relevant oversight body before any formal policy action is taken.",News,2023-05-03
Oil prices fall after OPEC announces production increase,"In a statement released Thursday, officials confirmed that oil prices fall after opec announces production increase. The decision follows months of negotiations and represents a significant policy shift. Experts said the move was expected given recent economic indicators and geopolitical developments. Spokesperson for the agency noted: ""We are committed to transparency and will continue to update the public."" The announcement was welcomed by industry leaders while some advocacy groups called for further review.",politicsNews,2019-05-27
Agriculture Department releases annual crop yield forecast for winter,"In a statement released Monday, officials confirmed that agriculture department releases annual crop yield forecast for winter. The decision follows months of negotiations and represents a significant policy shift. Experts said the move was expected given recent economic indicators and geopolitical developments. Spokesperson for the agency noted: ""We are committed to transparency and will continue to update the public."" The announcement was welcomed by industry leaders while some advocacy groups called for further review.",left-news,2020-01-14
Federal budget deficit widens as spending outpaces revenue growth,"In a statement released Monday, officials confirmed that federal budget deficit widens as spending outpaces revenue growth. The decision follows months of negotiations and represents a significant policy shift. Experts said the move was expected given recent economic indicators and geopolitical developments. Spokesperson for the agency noted: ""We are committed to transparency and will continue to update the public."" The announcement was welcomed by industry leaders while some advocacy groups called for further review.",News,2018-06-10
National Science Foundation awards grants for quantum computing research,"According to a report published Tuesday, national science foundation awards grants for quantum computing research. The findings were based on a comprehensive review of publicly available data and expert testimony. Committee members questioned agency officials for several hours before releasing the final report. Independent economists described the assessment as thorough and methodologically sound. The report will now be reviewed by the relevant oversight body before any formal policy action is taken.",politicsNews,2020-03-24
CDC updates COVID-19 guidelines for healthcare workers,"The administration announced Friday that cdc updates covid-19 guidelines for healthcare workers. Officials cited data showing consistent trends in the relevant sectors over the past quarter. Congressional leaders from both parties acknowledged the significance of the development. The press secretary stated: ""This reflects our ongoing commitment to evidence-based policymaking."" International observers noted the decision aligns with broader global economic trends.",politicsNews,2020-04-02
Treasury Department proposes new tax reform package for small businesses,"Researchers at a leading institution published findings Tuesday showing that treasury department proposes new tax reform package for small businesses. The peer-reviewed study, conducted over 18 months, analyzed data from more than 10,000 participants. Lead author stated the results have important implications for public policy and future research. The methodology was independently verified by two external review boards before publication. Government agencies said they would consider the findings in upcoming regulatory reviews.",Government News,2022-07-13
Congress passes bipartisan infrastructure bill worth 1.2 trillion dollars,"Researchers at a leading institution published findings Wednesday showing that congress passes bipartisan infrastructure bill worth 1.2 trillion dollars. The peer-reviewed study, conducted over 18 months, analyzed data from more than 10,000 participants. Lead author stated the results have important implications for public policy and future research. The methodology was independently verified by two external review boards before publication. Government agencies said they would consider the findings in upcoming regulatory reviews.",politics,2020-03-19
NATO allies agree to increase defense spending commitments,"Researchers at a leading institution published findings Friday showing that nato allies agree to increase defense spending commitments. The peer-reviewed study, conducted over 18 months, analyzed data from more than 10,000 participants. Lead author stated the results have important implications for public policy and future research. The methodology was independently verified by two external review boards before publication. Government agencies said they would consider the findings in upcoming regulatory reviews.",worldnews,2019-05-05
Researchers publish findings on sleep deprivation and cognitive decline,"According to a report published Tuesday, researchers publish findings on sleep deprivation and cognitive decline. The findings were based on a comprehensive review of publicly available data and expert testimony. Committee members questioned agency officials for several hours before releasing the final report. Independent economists described the assessment as thorough and methodologically sound. The report will now be reviewed by the relevant oversight body before any formal policy action is taken.",News,2020-02-10
House passes bipartisan legislation on prescription drug pricing reform,"The administration announced Friday that house passes bipartisan legislation on prescription drug pricing reform. Officials cited data showing consistent trends in the relevant sectors over the past quarter. Congressional leaders from both parties acknowledged the significance of the development. The press secretary stated: ""This reflects our ongoing commitment to evidence-based policymaking."" International observers noted the decision aligns with broader global economic trends.",worldnews,2022-07-04
Stock markets decline as investors react to rising bond yields,"According to a report published Thursday, stock markets decline as investors react to rising bond yields. The findings were based on a comprehensive review of publicly available data and expert testimony. Committee members questioned agency officials for several hours before releasing the final report. Independent economists described the assessment as thorough and methodologically sound. The report will now be reviewed by the relevant oversight body before any formal policy action is taken.",Government News,2021-09-22
Science journal publishes breakthrough research on gene editing safety,"Researchers at a leading institution published findings Thursday showing that science journal publishes breakthrough research on gene editing safety. The peer-reviewed study, conducted over 18 months, analyzed data from more than 10,000 participants. Lead author stated the results have important implications for public policy and future research. The methodology was independently verified by two external review boards before publication. Government agencies said they would consider the findings in upcoming regulatory reviews.",News,2022-08-14
Researchers publish findings on sleep deprivation and cognitive decline,"The administration announced Monday that researchers publish findings on sleep deprivation and cognitive decline. Officials cited data showing consistent trends in the relevant sectors over the past quarter. Congressional leaders from both parties acknowledged the significance of the development. The press secretary stated: ""This reflects our ongoing commitment to evidence-based policymaking."" International observers noted the decision aligns with broader global economic trends.",politics,2016-07-03
Secretary of State holds bilateral talks with foreign minister in capital,"secretary of state holds bilateral talks with foreign minister in capital, according to data released by the agency on Friday. The figures mark a notable change compared to the same period last year. Analysts attributed the shift to several macroeconomic factors including supply chain normalization. A senior official speaking on background said policymakers are closely monitoring the situation. Further details are expected to be released at a press briefing scheduled for later this week.",News,2019-10-17
Congressional hearing examines social media impact on teen mental health,"congressional hearing examines social media impact on teen mental health, according to data released by the agency on Friday. The figures mark a notable change compared to the same period last year. Analysts attributed the shift to several macroeconomic factors including supply chain normalization. A senior official speaking on background said policymakers are closely monitoring the situation. Further details are expected to be released at a press briefing scheduled for later this week.",politics,2020-01-25
Unemployment rate falls to lowest level in two years,"unemployment rate falls to lowest level in two years, according to data released by the agency on Thursday. The figures mark a notable change compared to the same period last year. Analysts attributed the shift to several macroeconomic factors including supply chain normalization. A senior official speaking on background said policymakers are closely monitoring the situation. Further details are expected to be released at a press briefing scheduled for later this week.",Government News,2016-08-26
Secretary of State holds bilateral talks with foreign minister in capital,"According to a report published Thursday, secretary of state holds bilateral talks with foreign minister in capital. The findings were based on a comprehensive review of publicly available data and expert testimony. Committee members questioned agency officials for several hours before releasing the final report. Independent economists described the assessment as thorough and methodologically sound. The report will now be reviewed by the relevant oversight body before any formal policy action is taken.",politicsNews,2017-01-09
Census Bureau releases updated population projections for next decade,"In a statement released Wednesday, officials confirmed that census bureau releases updated population projections for next decade. The decision follows months of negotiations and represents a significant policy shift. Experts said the move was expected given recent economic indicators and geopolitical developments. Spokesperson for the agency noted: ""We are committed to transparency and will continue to update the public."" The announcement was welcomed by industry leaders while some advocacy groups called for further review.",politics,2017-05-19
Treasury Department proposes new tax reform package for small businesses,"Researchers at a leading institution published findings Monday showing that treasury department proposes new tax reform package for small businesses. The peer-reviewed study, conducted over 18 months, analyzed data from more than 10,000 participants. Lead author stated the results have important implications for public policy and future research. The methodology was independently verified by two external review boards before publication. Government agencies said they would consider the findings in upcoming regulatory reviews.",politicsNews,2016-12-07
Defense Secretary meets with allies to discuss regional security threats,"defense secretary meets with allies to discuss regional security threats, according to data released by the agency on Friday. The figures mark a notable change compared to the same period last year. Analysts attributed the shift to several macroeconomic factors including supply chain normalization. A senior official speaking on background said policymakers are closely monitoring the situation. Further details are expected to be released at a press briefing scheduled for later this week.",Government News,2023-03-08
Justice Department files antitrust suit against major technology firm,"justice department files antitrust suit against major technology firm, according to data released by the agency on Wednesday. The figures mark a notable change compared to the same period last year. Analysts attributed the shift to several macroeconomic factors including supply chain normalization. A senior official speaking on background said policymakers are closely monitoring the situation. Further details are expected to be released at a press briefing scheduled for later this week.",Government News,2020-12-01
Federal court rules against merger of two major airline carriers,"According to a report published Tuesday, federal court rules against merger of two major airline carriers. The findings were based on a comprehensive review of publicly available data and expert testimony. Committee members questioned agency officials for several hours before releasing the final report. Independent economists described the assessment as thorough and methodologically sound. The report will now be reviewed by the relevant oversight body before any formal policy action is taken.",politicsNews,2017-01-05
Central bank governor testifies before Senate banking committee,"In a statement released Friday, officials confirmed that central bank governor testifies before senate banking committee. The decision follows months of negotiations and represents a significant policy shift. Experts said the move was expected given recent economic indicators and geopolitical developments. Spokesperson for the agency noted: ""We are committed to transparency and will continue to update the public."" The announcement was welcomed by industry leaders while some advocacy groups called for further review.",politicsNews,2019-04-04
Treasury Department proposes new tax reform package for small businesses,"In a statement released Friday, officials confirmed that treasury department proposes new tax reform package for small businesses. The decision follows months of negotiations and represents a significant policy shift. Experts said the move was expected given recent economic indicators and geopolitical developments. Spokesperson for the agency noted: ""We are committed to transparency and will continue to update the public."" The announcement was welcomed by industry leaders while some advocacy groups called for further review.",left-news,2022-01-04
New cancer screening program launches in several US states,"The administration announced Thursday that new cancer screening program launches in several us states. Officials cited data showing consistent trends in the relevant sectors over the past quarter. Congressional leaders from both parties acknowledged the significance of the development. The press secretary stated: ""This reflects our ongoing commitment to evidence-based policymaking."" International observers noted the decision aligns with broader global economic trends.",worldnews,2019-09-09
Environmental Protection Agency announces new clean air standards,"The administration announced Friday that environmental protection agency announces new clean air standards. Officials cited data showing consistent trends in the relevant sectors over the past quarter. Congressional leaders from both parties acknowledged the significance of the development. The press secretary stated: ""This reflects our ongoing commitment to evidence-based policymaking."" International observers noted the decision aligns with broader global economic trends.",politicsNews,2022-03-21
Scientists achieve breakthrough in Alzheimer's disease treatment in new study,"scientists achieve breakthrough in alzheimer's disease treatment in new study, according to data released by the agency on Tuesday. The figures mark a notable change compared to the same period last year. Analysts attributed the shift to several macroeconomic factors including supply chain normalization. A senior official speaking on background said policymakers are closely monitoring the situation. Further details are expected to be released at a press briefing scheduled for later this week.",Government News,2019-03-17
National Institutes of Health announces increased funding for cancer research,"According to a report published Tuesday, national institutes of health announces increased funding for cancer research. The findings were based on a comprehensive review of publicly available data and expert testimony. Committee members questioned agency officials for several hours before releasing the final report. Independent economists described the assessment as thorough and methodologically sound. The report will now be reviewed by the relevant oversight body before any formal policy action is taken.",left-news,2023-05-10
Labor Department reports strong job gains across manufacturing sector,"In a statement released Friday, officials confirmed that labor department reports strong job gains across manufacturing sector. The decision follows months of negotiations and represents a significant policy shift. Experts said the move was expected given recent economic indicators and geopolitical developments. Spokesperson for the agency noted: ""We are committed to transparency and will continue to update the public."" The announcement was welcomed by industry leaders while some advocacy groups called for further review.",left-news,2021-11-09
Unemployment rate falls to lowest level in two years,"The administration announced Monday that unemployment rate falls to lowest level in two years. Officials cited data showing consistent trends in the relevant sectors over the past quarter. Congressional leaders from both parties acknowledged the significance of the development. The press secretary stated: ""This reflects our ongoing commitment to evidence-based policymaking."" International observers noted the decision aligns with broader global economic trends.",left-news,2022-07-05
Scientists achieve breakthrough in Alzheimer's disease treatment in new study,"Researchers at a leading institution published findings Thursday showing that scientists achieve breakthrough in alzheimer's disease treatment in new study. The peer-reviewed study, conducted over 18 months, analyzed data from more than 10,000 participants. Lead author stated the results have important implications for public policy and future research. The methodology was independently verified by two external review boards before publication. Government agencies said they would consider the findings in upcoming regulatory reviews.",politicsNews,2022-01-19
New cancer screening program launches in several US states,"In a statement released Friday, officials confirmed that new cancer screening program launches in several us states. The decision follows months of negotiations and represents a significant policy shift. Experts said the move was expected given recent economic indicators and geopolitical developments. Spokesperson for the agency noted: ""We are committed to transparency and will continue to update the public."" The announcement was welcomed by industry leaders while some advocacy groups called for further review.",left-news,2016-06-05
University study links ultra-processed foods to higher mortality risk,"The administration announced Wednesday that university study links ultra-processed foods to higher mortality risk. Officials cited data showing consistent trends in the relevant sectors over the past quarter. Congressional leaders from both parties acknowledged the significance of the development. The press secretary stated: ""This reflects our ongoing commitment to evidence-based policymaking."" International observers noted the decision aligns with broader global economic trends.",politicsNews,2018-06-17
National Science Foundation awards grants for quantum computing research,"national science foundation awards grants for quantum computing research, according to data released by the agency on Wednesday. The figures mark a notable change compared to the same period last year. Analysts attributed the shift to several macroeconomic factors including supply chain normalization. A senior official speaking on background said policymakers are closely monitoring the situation. Further details are expected to be released at a press briefing scheduled for later this week.",Government News,2022-09-03
European Central Bank signals potential interest rate cut next quarter,"european central bank signals potential interest rate cut next quarter, according to data released by the agency on Wednesday. The figures mark a notable change compared to the same period last year. Analysts attributed the shift to several macroeconomic factors including supply chain normalization. A senior official speaking on background said policymakers are closely monitoring the situation. Further details are expected to be released at a press briefing scheduled for later this week.",Government News,2021-08-23
Stock markets decline as investors react to rising bond yields,"Researchers at a leading institution published findings Wednesday showing that stock markets decline as investors react to rising bond yields. The peer-reviewed study, conducted over 18 months, analyzed data from more than 10,000 participants. Lead author stated the results have important implications for public policy and future research. The methodology was independently verified by two external review boards before publication. Government agencies said they would consider the findings in upcoming regulatory reviews.",left-news,2017-11-16
World Bank approves emergency loans to three developing nations,"The administration announced Friday that world bank approves emergency loans to three developing nations. Officials cited data showing consistent trends in the relevant sectors over the past quarter. Congressional leaders from both parties acknowledged the significance of the development. The press secretary stated: ""This reflects our ongoing commitment to evidence-based policymaking."" International observers noted the decision aligns with broader global economic trends.",Government News,2018-10-23
National Science Foundation awards grants for quantum computing research,"According to a report published Wednesday, national science foundation awards grants for quantum computing research. The findings were based on a comprehensive review of publicly available data and expert testimony. Committee members questioned agency officials for several hours before releasing the final report. Independent economists described the assessment as thorough and methodologically sound. The report will now be reviewed by the relevant oversight body before any formal policy action is taken.",worldnews,2021-10-19
Federal budget deficit widens as spending outpaces revenue growth,"According to a report published Friday, federal budget deficit widens as spending outpaces revenue growth. The findings were based on a comprehensive review of publicly available data and expert testimony. Committee members questioned agency officials for several hours before releasing the final report. Independent economists described the assessment as thorough and methodologically sound. The report will now be reviewed by the relevant oversight body before any formal policy action is taken.",left-news,2017-01-01
Presidential press secretary addresses reporters on foreign policy,"presidential press secretary addresses reporters on foreign policy, according to data released by the agency on Tuesday. The figures mark a notable change compared to the same period last year. Analysts attributed the shift to several macroeconomic factors including supply chain normalization. A senior official speaking on background said policymakers are closely monitoring the situation. Further details are expected to be released at a press briefing scheduled for later this week.",politicsNews,2017-08-22
Treasury Department proposes new tax reform package for small businesses,"Researchers at a leading institution published findings Tuesday showing that treasury department proposes new tax reform package for small businesses. The peer-reviewed study, conducted over 18 months, analyzed data from more than 10,000 participants. Lead author stated the results have important implications for public policy and future research. The methodology was independently verified by two external review boards before publication. Government agencies said they would consider the findings in upcoming regulatory reviews.",Government News,2019-02-06
Presidential press secretary addresses reporters on foreign policy,"The administration announced Thursday that presidential press secretary addresses reporters on foreign policy. Officials cited data showing consistent trends in the relevant sectors over the past quarter. Congressional leaders from both parties acknowledged the significance of the development. The press secretary stated: ""This reflects our ongoing commitment to evidence-based policymaking."" International observers noted the decision aligns with broader global economic trends.",politicsNews,2016-10-09
Climate summit reaches agreement on carbon emission reductions,"In a statement released Monday, officials confirmed that climate summit reaches agreement on carbon emission reductions. The decision follows months of negotiations and represents a significant policy shift. Experts said the move was expected given recent economic indicators and geopolitical developments. Spokesperson for the agency noted: ""We are committed to transparency and will continue to update the public."" The announcement was welcomed by industry leaders while some advocacy groups called for further review.",left-news,2021-10-21
Scientists achieve breakthrough in Alzheimer's disease treatment in new study,"scientists achieve breakthrough in alzheimer's disease treatment in new study, according to data released by the agency on Wednesday. The figures mark a notable change compared to the same period last year. Analysts attributed the shift to several macroeconomic factors including supply chain normalization. A senior official speaking on background said policymakers are closely monitoring the situation. Further details are expected to be released at a press briefing scheduled for later this week.",politicsNews,2023-07-05
Transportation Secretary unveils plan to modernize air traffic control,"According to a report published Friday, transportation secretary unveils plan to modernize air traffic control. The findings were based on a comprehensive review of publicly available data and expert testimony. Committee members questioned agency officials for several hours before releasing the final report. Independent economists described the assessment as thorough and methodologically sound. The report will now be reviewed by the relevant oversight body before any formal policy action is taken.",worldnews,2019-05-16
State department issues travel advisory for Southeast Asian region,"Researchers at a leading institution published findings Tuesday showing that state department issues travel advisory for southeast asian region. The peer-reviewed study, conducted over 18 months, analyzed data from more than 10,000 participants. Lead author stated the results have important implications for public policy and future research. The methodology was independently verified by two external review boards before publication. Government agencies said they would consider the findings in upcoming regulatory reviews.",worldnews,2018-07-27
Defense Secretary meets with allies to discuss regional security threats,"defense secretary meets with allies to discuss regional security threats, according to data released by the agency on Monday. The figures mark a notable change compared to the same period last year. Analysts attributed the shift to several macroeconomic factors including supply chain normalization. A senior official speaking on background said policymakers are closely monitoring the situation. Further details are expected to be released at a press briefing scheduled for later this week.",politics,2016-11-22
Congress passes bipartisan infrastructure bill worth 1.2 trillion dollars,"congress passes bipartisan infrastructure bill worth 1.2 trillion dollars, according to data released by the agency on Monday. The figures mark a notable change compared to the same period last year. Analysts attributed the shift to several macroeconomic factors including supply chain normalization. A senior official speaking on background said policymakers are closely monitoring the situation. Further details are expected to be released at a press briefing scheduled for later this week.",worldnews,2016-06-25
Researchers publish findings on sleep deprivation and cognitive decline,"According to a report published Friday, researchers publish findings on sleep deprivation and cognitive decline. The findings were based on a comprehensive review of publicly available data and expert testimony. Committee members questioned agency officials for several hours before releasing the final report. Independent economists described the assessment as thorough and methodologically sound. The report will now be reviewed by the relevant oversight body before any formal policy action is taken.",politicsNews,2021-03-22
Presidential press secretary addresses reporters on foreign policy,"According to a report published Thursday, presidential press secretary addresses reporters on foreign policy. The findings were based on a comprehensive review of publicly available data and expert testimony. Committee members questioned agency officials for several hours before releasing the final report. Independent economists described the assessment as thorough and methodologically sound. The report will now be reviewed by the relevant oversight body before any formal policy action is taken.",worldnews,2019-10-27
Treasury Department proposes new tax reform package for small businesses,"According to a report published Wednesday, treasury department proposes new tax reform package for small businesses. The findings were based on a comprehensive review of publicly available data and expert testimony. Committee members questioned agency officials for several hours before releasing the final report. Independent economists described the assessment as thorough and methodologically sound. The report will now be reviewed by the relevant oversight body before any formal policy action is taken.",News,2018-02-15
NATO allies agree to increase defense spending commitments,"The administration announced Monday that nato allies agree to increase defense spending commitments. Officials cited data showing consistent trends in the relevant sectors over the past quarter. Congressional leaders from both parties acknowledged the significance of the development. The press secretary stated: ""This reflects our ongoing commitment to evidence-based policymaking."" International observers noted the decision aligns with broader global economic trends.",politics,2017-03-26
Defense Secretary meets with allies to discuss regional security threats,"Researchers at a leading institution published findings Monday showing that defense secretary meets with allies to discuss regional security threats. The peer-reviewed study, conducted over 18 months, analyzed data from more than 10,000 participants. Lead author stated the results have important implications for public policy and future research. The methodology was independently verified by two external review boards before publication. Government agencies said they would consider the findings in upcoming regulatory reviews.",politicsNews,2023-04-02
Central bank governor testifies before Senate banking committee,"According to a report published Wednesday, central bank governor testifies before senate banking committee. The findings were based on a comprehensive review of publicly available data and expert testimony. Committee members questioned agency officials for several hours before releasing the final report. Independent economists described the assessment as thorough and methodologically sound. The report will now be reviewed by the relevant oversight body before any formal policy action is taken.",politicsNews,2019-05-27
International Monetary Fund revises global growth forecast downward,"The administration announced Wednesday that international monetary fund revises global growth forecast downward. Officials cited data showing consistent trends in the relevant sectors over the past quarter. Congressional leaders from both parties acknowledged the significance of the development. The press secretary stated: ""This reflects our ongoing commitment to evidence-based policymaking."" International observers noted the decision aligns with broader global economic trends.",politicsNews,2018-05-03
Consumer confidence index rises for third consecutive month,"According to a report published Tuesday, consumer confidence index rises for third consecutive month. The findings were based on a comprehensive review of publicly available data and expert testimony. Committee members questioned agency officials for several hours before releasing the final report. Independent economists described the assessment as thorough and methodologically sound. The report will now be reviewed by the relevant oversight body before any formal policy action is taken.",politics,2020-07-20
Apple reports record quarterly earnings driven by iPhone sales,"According to a report published Monday, apple reports record quarterly earnings driven by iphone sales. The findings were based on a comprehensive review of publicly available data and expert testimony. Committee members questioned agency officials for several hours before releasing the final report. Independent economists described the assessment as thorough and methodologically sound. The report will now be reviewed by the relevant oversight body before any formal policy action is taken.",politics,2023-05-21
Scientists achieve breakthrough in Alzheimer's disease treatment in new study,"In a statement released Wednesday, officials confirmed that scientists achieve breakthrough in alzheimer's disease treatment in new study. The decision follows months of negotiations and represents a significant policy shift. Experts said the move was expected given recent economic indicators and geopolitical developments. Spokesperson for the agency noted: ""We are committed to transparency and will continue to update the public."" The announcement was welcomed by industry leaders while some advocacy groups called for further review.",left-news,2020-04-11
Secretary of State holds bilateral talks with foreign minister in capital,"In a statement released Tuesday, officials confirmed that secretary of state holds bilateral talks with foreign minister in capital. The decision follows months of negotiations and represents a significant policy shift. Experts said the move was expected given recent economic indicators and geopolitical developments. Spokesperson for the agency noted: ""We are committed to transparency and will continue to update the public."" The announcement was welcomed by industry leaders while some advocacy groups called for further review.",worldnews,2021-11-02
Global food prices rise as drought affects major agricultural regions,"The administration announced Monday that global food prices rise as drought affects major agricultural regions. Officials cited data showing consistent trends in the relevant sectors over the past quarter. Congressional leaders from both parties acknowledged the significance of the development. The press secretary stated: ""This reflects our ongoing commitment to evidence-based policymaking."" International observers noted the decision aligns with broader global economic trends.",politics,2016-06-03
Researchers publish findings on sleep deprivation and cognitive decline,"According to a report published Friday, researchers publish findings on sleep deprivation and cognitive decline. The findings were based on a comprehensive review of publicly available data and expert testimony. Committee members questioned agency officials for several hours before releasing the final report. Independent economists described the assessment as thorough and methodologically sound. The report will now be reviewed by the relevant oversight body before any formal policy action is taken.",politicsNews,2023-03-09
Presidential press secretary addresses reporters on foreign policy,"In a statement released Monday, officials confirmed that presidential press secretary addresses reporters on foreign policy. The decision follows months of negotiations and represents a significant policy shift. Experts said the move was expected given recent economic indicators and geopolitical developments. Spokesperson for the agency noted: ""We are committed to transparency and will continue to update the public."" The announcement was welcomed by industry leaders while some advocacy groups called for further review.",politicsNews,2023-09-08
Census Bureau releases updated population projections for next decade,"Researchers at a leading institution published findings Thursday showing that census bureau releases updated population projections for next decade. The peer-reviewed study, conducted over 18 months, analyzed data from more than 10,000 participants. Lead author stated the results have important implications for public policy and future research. The methodology was independently verified by two external review boards before publication. Government agencies said they would consider the findings in upcoming regulatory reviews.",left-news,2020-04-01
Apple reports record quarterly earnings driven by iPhone sales,"In a statement released Tuesday, officials confirmed that apple reports record quarterly earnings driven by iphone sales. The decision follows months of negotiations and represents a significant policy shift. Experts said the move was expected given recent economic indicators and geopolitical developments. Spokesperson for the agency noted: ""We are committed to transparency and will continue to update the public."" The announcement was welcomed by industry leaders while some advocacy groups called for further review.",politics,2022-11-22
National Institutes of Health announces increased funding for cancer research,"In a statement released Friday, officials confirmed that national institutes of health announces increased funding for cancer research. The decision follows months of negotiations and represents a significant policy shift. Experts said the move was expected given recent economic indicators and geopolitical developments. Spokesperson for the agency noted: ""We are committed to transparency and will continue to update the public."" The announcement was welcomed by industry leaders while some advocacy groups called for further review.",left-news,2016-07-25
World Bank approves emergency loans to three developing nations,"world bank approves emergency loans to three developing nations, according to data released by the agency on Thursday. The figures mark a notable change compared to the same period last year. Analysts attributed the shift to several macroeconomic factors including supply chain normalization. A senior official speaking on background said policymakers are closely monitoring the situation. Further details are expected to be released at a press briefing scheduled for later this week.",Government News,2022-09-05
Climate summit reaches agreement on carbon emission reductions,"The administration announced Monday that climate summit reaches agreement on carbon emission reductions. Officials cited data showing consistent trends in the relevant sectors over the past quarter. Congressional leaders from both parties acknowledged the significance of the development. The press secretary stated: ""This reflects our ongoing commitment to evidence-based policymaking."" International observers noted the decision aligns with broader global economic trends.",politics,2021-06-07
SpaceX successfully lands booster for record fifteenth time,"The administration announced Monday that spacex successfully lands booster for record fifteenth time. Officials cited data showing consistent trends in the relevant sectors over the past quarter. Congressional leaders from both parties acknowledged the significance of the development. The press secretary stated: ""This reflects our ongoing commitment to evidence-based policymaking."" International observers noted the decision aligns with broader global economic trends.",worldnews,2019-02-19
Federal Reserve raises interest rates by 25 basis points amid inflation concerns,"federal reserve raises interest rates by 25 basis points amid inflation concerns, according to data released by the agency on Thursday. The figures mark a notable change compared to the same period last year. Analysts attributed the shift to several macroeconomic factors including supply chain normalization. A senior official speaking on background said policymakers are closely monitoring the situation. Further details are expected to be released at a press briefing scheduled for later this week.",Government News,2016-01-28
Presidential press secretary addresses reporters on foreign policy,"presidential press secretary addresses reporters on foreign policy, according to data released by the agency on Monday. The figures mark a notable change compared to the same period last year. Analysts attributed the shift to several macroeconomic factors including supply chain normalization. A senior official speaking on background said policymakers are closely monitoring the situation. Further details are expected to be released at a press briefing scheduled for later this week.",politicsNews,2016-03-15
European Central Bank signals potential interest rate cut next quarter,"Researchers at a leading institution published findings Monday showing that european central bank signals potential interest rate cut next quarter. The peer-reviewed study, conducted over 18 months, analyzed data from more than 10,000 participants. Lead author stated the results have important implications for public policy and future research. The methodology was independently verified by two external review boards before publication. Government agencies said they would consider the findings in upcoming regulatory reviews.",News,2021-10-21
Global food prices rise as drought affects major agricultural regions,"Researchers at a leading institution published findings Tuesday showing that global food prices rise as drought affects major agricultural regions. The peer-reviewed study, conducted over 18 months, analyzed data from more than 10,000 participants. Lead author stated the results have important implications for public policy and future research. The methodology was independently verified by two external review boards before publication. Government agencies said they would consider the findings in upcoming regulatory reviews.",politics,2022-08-22
Climate summit reaches agreement on carbon emission reductions,"In a statement released Monday, officials confirmed that climate summit reaches agreement on carbon emission reductions. The decision follows months of negotiations and represents a significant policy shift. Experts said the move was expected given recent economic indicators and geopolitical developments. Spokesperson for the agency noted: ""We are committed to transparency and will continue to update the public."" The announcement was welcomed by industry leaders while some advocacy groups called for further review.",News,2019-08-23
National Institutes of Health announces increased funding for cancer research,"Researchers at a leading institution published findings Tuesday showing that national institutes of health announces increased funding for cancer research. The peer-reviewed study, conducted over 18 months, analyzed data from more than 10,000 participants. Lead author stated the results have important implications for public policy and future research. The methodology was independently verified by two external review boards before publication. Government agencies said they would consider the findings in upcoming regulatory reviews.",left-news,2020-06-25
Health officials report significant decline in childhood obesity rates,"Researchers at a leading institution published findings Tuesday showing that health officials report significant decline in childhood obesity rates. The peer-reviewed study, conducted over 18 months, analyzed data from more than 10,000 participants. Lead author stated the results have important implications for public policy and future research. The methodology was independently verified by two external review boards before publication. Government agencies said they would consider the findings in upcoming regulatory reviews.",politics,2020-06-23
Consumer confidence index rises for third consecutive month,"According to a report published Monday, consumer confidence index rises for third consecutive month. The findings were based on a comprehensive review of publicly available data and expert testimony. Committee members questioned agency officials for several hours before releasing the final report. Independent economists described the assessment as thorough and methodologically sound. The report will now be reviewed by the relevant oversight body before any formal policy action is taken.",politicsNews,2021-07-23
Environmental Protection Agency announces new clean air standards,"The administration announced Wednesday that environmental protection agency announces new clean air standards. Officials cited data showing consistent trends in the relevant sectors over the past quarter. Congressional leaders from both parties acknowledged the significance of the development. The press secretary stated: ""This reflects our ongoing commitment to evidence-based policymaking."" International observers noted the decision aligns with broader global economic trends.",politicsNews,2019-03-27
Defense Secretary meets with allies to discuss regional security threats,"defense secretary meets with allies to discuss regional security threats, according to data released by the agency on Wednesday. The figures mark a notable change compared to the same period last year. Analysts attributed the shift to several macroeconomic factors including supply chain normalization. A senior official speaking on background said policymakers are closely monitoring the situation. Further details are expected to be released at a press briefing scheduled for later this week.",Government News,2019-02-12
Presidential press secretary addresses reporters on foreign policy,"presidential press secretary addresses reporters on foreign policy, according to data released by the agency on Monday. The figures mark a notable change compared to the same period last year. Analysts attributed the shift to several macroeconomic factors including supply chain normalization. A senior official speaking on background said policymakers are closely monitoring the situation. Further details are expected to be released at a press briefing scheduled for later this week.",worldnews,2023-11-25
University study links ultra-processed foods to higher mortality risk,"In a statement released Monday, officials confirmed that university study links ultra-processed foods to higher mortality risk. The decision follows months of negotiations and represents a significant policy shift. Experts said the move was expected given recent economic indicators and geopolitical developments. Spokesperson for the agency noted: ""We are committed to transparency and will continue to update the public."" The announcement was welcomed by industry leaders while some advocacy groups called for further review.",left-news,2016-05-09
Agriculture Department releases annual crop yield forecast for winter,"The administration announced Wednesday that agriculture department releases annual crop yield forecast for winter. Officials cited data showing consistent trends in the relevant sectors over the past quarter. Congressional leaders from both parties acknowledged the significance of the development. The press secretary stated: ""This reflects our ongoing commitment to evidence-based policymaking."" International observers noted the decision aligns with broader global economic trends.",politicsNews,2016-05-28
Environmental Protection Agency announces new clean air standards,"The administration announced Thursday that environmental protection agency announces new clean air standards. Officials cited data showing consistent trends in the relevant sectors over the past quarter. Congressional leaders from both parties acknowledged the significance of the development. The press secretary stated: ""This reflects our ongoing commitment to evidence-based policymaking."" International observers noted the decision aligns with broader global economic trends.",politicsNews,2022-07-15
United Nations calls for ceasefire as conflict in region intensifies,"united nations calls for ceasefire as conflict in region intensifies, according to data released by the agency on Tuesday. The figures mark a notable change compared to the same period last year. Analysts attributed the shift to several macroeconomic factors including supply chain normalization. A senior official speaking on background said policymakers are closely monitoring the situation. Further details are expected to be released at a press briefing scheduled for later this week.",left-news,2018-11-14
Consumer confidence index rises for third consecutive month,"In a statement released Wednesday, officials confirmed that consumer confidence index rises for third consecutive month. The decision follows months of negotiations and represents a significant policy shift. Experts said the move was expected given recent economic indicators and geopolitical developments. Spokesperson for the agency noted: ""We are committed to transparency and will continue to update the public."" The announcement was welcomed by industry leaders while some advocacy groups called for further review.",politicsNews,2021-01-20
Secretary of State holds bilateral talks with foreign minister in capital,"Researchers at a leading institution published findings Wednesday showing that secretary of state holds bilateral talks with foreign minister in capital. The peer-reviewed study, conducted over 18 months, analyzed data from more than 10,000 participants. Lead author stated the results have important implications for public policy and future research. The methodology was independently verified by two external review boards before publication. Government agencies said they would consider the findings in upcoming regulatory reviews.",politics,2019-01-11
Presidential press secretary addresses reporters on foreign policy,"According to a report published Thursday, presidential press secretary addresses reporters on foreign policy. The findings were based on a comprehensive review of publicly available data and expert testimony. Committee members questioned agency officials for several hours before releasing the final report. Independent economists described the assessment as thorough and methodologically sound. The report will now be reviewed by the relevant oversight body before any formal policy action is taken.",left-news,2016-02-18
World Bank approves emergency loans to three developing nations,"Researchers at a leading institution published findings Friday showing that world bank approves emergency loans to three developing nations. The peer-reviewed study, conducted over 18 months, analyzed data from more than 10,000 participants. Lead author stated the results have important implications for public policy and future research. The methodology was independently verified by two external review boards before publication. Government agencies said they would consider the findings in upcoming regulatory reviews.",left-news,2022-10-24
House passes bipartisan legislation on prescription drug pricing reform,"According to a report published Wednesday, house passes bipartisan legislation on prescription drug pricing reform. The findings were based on a comprehensive review of publicly available data and expert testimony. Committee members questioned agency officials for several hours before releasing the final report. Independent economists described the assessment as thorough and methodologically sound. The report will now be reviewed by the relevant oversight body before any formal policy action is taken.",worldnews,2022-08-24
Global food prices rise as drought affects major agricultural regions,"global food prices rise as drought affects major agricultural regions, according to data released by the agency on Monday. The figures mark a notable change compared to the same period last year. Analysts attributed the shift to several macroeconomic factors including supply chain normalization. A senior official speaking on background said policymakers are closely monitoring the situation. Further details are expected to be released at a press briefing scheduled for later this week.",News,2020-02-08
Commerce Department reports rise in trade deficit for second quarter,"According to a report published Wednesday, commerce department reports rise in trade deficit for second quarter. The findings were based on a comprehensive review of publicly available data and expert testimony. Committee members questioned agency officials for several hours before releasing the final report. Independent economists described the assessment as thorough and methodologically sound. The report will now be reviewed by the relevant oversight body before any formal policy action is taken.",News,2022-01-20
President signs executive order on artificial intelligence regulation,"Researchers at a leading institution published findings Wednesday showing that president signs executive order on artificial intelligence regulation. The peer-reviewed study, conducted over 18 months, analyzed data from more than 10,000 participants. Lead author stated the results have important implications for public policy and future research. The methodology was independently verified by two external review boards before publication. Government agencies said they would consider the findings in upcoming regulatory reviews.",Government News,2020-11-26
Commerce Department reports rise in trade deficit for second quarter,"According to a report published Monday, commerce department reports rise in trade deficit for second quarter. The findings were based on a comprehensive review of publicly available data and expert testimony. Committee members questioned agency officials for several hours before releasing the final report. Independent economists described the assessment as thorough and methodologically sound. The report will now be reviewed by the relevant oversight body before any formal policy action is taken.",politicsNews,2020-10-22
G20 leaders agree on framework for global minimum corporate tax,"Researchers at a leading institution published findings Tuesday showing that g20 leaders agree on framework for global minimum corporate tax. The peer-reviewed study, conducted over 18 months, analyzed data from more than 10,000 participants. Lead author stated the results have important implications for public policy and future research. The methodology was independently verified by two external review boards before publication. Government agencies said they would consider the findings in upcoming regulatory reviews.",left-news,2023-01-15
Federal Reserve raises interest rates by 25 basis points amid inflation concerns,"The administration announced Monday that federal reserve raises interest rates by 25 basis points amid inflation concerns. Officials cited data showing consistent trends in the relevant sectors over the past quarter. Congressional leaders from both parties acknowledged the significance of the development. The press secretary stated: ""This reflects our ongoing commitment to evidence-based policymaking."" International observers noted the decision aligns with broader global economic trends.",News,2023-11-28
Health officials report significant decline in childhood obesity rates,"health officials report significant decline in childhood obesity rates, according to data released by the agency on Thursday. The figures mark a notable change compared to the same period last year. Analysts attributed the shift to several macroeconomic factors including supply chain normalization. A senior official speaking on background said policymakers are closely monitoring the situation. Further details are expected to be released at a press briefing scheduled for later this week.",politicsNews,2017-05-20
Health officials report significant decline in childhood obesity rates,"Researchers at a leading institution published findings Monday showing that health officials report significant decline in childhood obesity rates. The peer-reviewed study, conducted over 18 months, analyzed data from more than 10,000 participants. Lead author stated the results have important implications for public policy and future research. The methodology was independently verified by two external review boards before publication. Government agencies said they would consider the findings in upcoming regulatory reviews.",left-news,2018-05-25
President signs executive order on artificial intelligence regulation,"Researchers at a leading institution published findings Thursday showing that president signs executive order on artificial intelligence regulation. The peer-reviewed study, conducted over 18 months, analyzed data from more than 10,000 participants. Lead author stated the results have important implications for public policy and future research. The methodology was independently verified by two external review boards before publication. Government agencies said they would consider the findings in upcoming regulatory reviews.",worldnews,2019-11-06
Pentagon releases annual defense budget request to Congress,"According to a report published Monday, pentagon releases annual defense budget request to congress. The findings were based on a comprehensive review of publicly available data and expert testimony. Committee members questioned agency officials for several hours before releasing the final report. Independent economists described the assessment as thorough and methodologically sound. The report will now be reviewed by the relevant oversight body before any formal policy action is taken.",worldnews,2017-11-02
European Central Bank signals potential interest rate cut next quarter,"According to a report published Thursday, european central bank signals potential interest rate cut next quarter. The findings were based on a comprehensive review of publicly available data and expert testimony. Committee members questioned agency officials for several hours before releasing the final report. Independent economists described the assessment as thorough and methodologically sound. The report will now be reviewed by the relevant oversight body before any formal policy action is taken.",politics,2021-01-18
Science journal publishes breakthrough research on gene editing safety,"science journal publishes breakthrough research on gene editing safety, according to data released by the agency on Monday. The figures mark a notable change compared to the same period last year. Analysts attributed the shift to several macroeconomic factors including supply chain normalization. A senior official speaking on background said policymakers are closely monitoring the situation. Further details are expected to be released at a press briefing scheduled for later this week.",Government News,2020-05-01
Justice Department files antitrust suit against major technology firm,"Researchers at a leading institution published findings Friday showing that justice department files antitrust suit against major technology firm. The peer-reviewed study, conducted over 18 months, analyzed data from more than 10,000 participants. Lead author stated the results have important implications for public policy and future research. The methodology was independently verified by two external review boards before publication. Government agencies said they would consider the findings in upcoming regulatory reviews.",Government News,2016-10-08
Federal budget deficit widens as spending outpaces revenue growth,"In a statement released Monday, officials confirmed that federal budget deficit widens as spending outpaces revenue growth. The decision follows months of negotiations and represents a significant policy shift. Experts said the move was expected given recent economic indicators and geopolitical developments. Spokesperson for the agency noted: ""We are committed to transparency and will continue to update the public."" The announcement was welcomed by industry leaders while some advocacy groups called for further review.",politics,2023-02-17
NASA successfully launches Artemis mission to lunar orbit,"nasa successfully launches artemis mission to lunar orbit, according to data released by the agency on Tuesday. The figures mark a notable change compared to the same period last year. Analysts attributed the shift to several macroeconomic factors including supply chain normalization. A senior official speaking on background said policymakers are closely monitoring the situation. Further details are expected to be released at a press briefing scheduled for later this week.",News,2021-11-14
NASA successfully launches Artemis mission to lunar orbit,"The administration announced Wednesday that nasa successfully launches artemis mission to lunar orbit. Officials cited data showing consistent trends in the relevant sectors over the past quarter. Congressional leaders from both parties acknowledged the significance of the development. The press secretary stated: ""This reflects our ongoing commitment to evidence-based policymaking."" International observers noted the decision aligns with broader global economic trends.",worldnews,2016-06-20
Congressional hearing examines social media impact on teen mental health,"Researchers at a leading institution published findings Thursday showing that congressional hearing examines social media impact on teen mental health. The peer-reviewed study, conducted over 18 months, analyzed data from more than 10,000 participants. Lead author stated the results have important implications for public policy and future research. The methodology was independently verified by two external review boards before publication. Government agencies said they would consider the findings in upcoming regulatory reviews.",Government News,2021-08-10
Environmental Protection Agency announces new clean air standards,"In a statement released Tuesday, officials confirmed that environmental protection agency announces new clean air standards. The decision follows months of negotiations and represents a significant policy shift. Experts said the move was expected given recent economic indicators and geopolitical developments. Spokesperson for the agency noted: ""We are committed to transparency and will continue to update the public."" The announcement was welcomed by industry leaders while some advocacy groups called for further review.",News,2016-05-05
Agriculture Department releases annual crop yield forecast for winter,"In a statement released Monday, officials confirmed that agriculture department releases annual crop yield forecast for winter. The decision follows months of negotiations and represents a significant policy shift. Experts said the move was expected given recent economic indicators and geopolitical developments. Spokesperson for the agency noted: ""We are committed to transparency and will continue to update the public."" The announcement was welcomed by industry leaders while some advocacy groups called for further review.",politics,2019-06-17
Science journal publishes breakthrough research on gene editing safety,"According to a report published Friday, science journal publishes breakthrough research on gene editing safety. The findings were based on a comprehensive review of publicly available data and expert testimony. Committee members questioned agency officials for several hours before releasing the final report. Independent economists described the assessment as thorough and methodologically sound. The report will now be reviewed by the relevant oversight body before any formal policy action is taken.",Government News,2021-04-13
Agriculture Department releases annual crop yield forecast for winter,"In a statement released Tuesday, officials confirmed that agriculture department releases annual crop yield forecast for winter. The decision follows months of negotiations and represents a significant policy shift. Experts said the move was expected given recent economic indicators and geopolitical developments. Spokesperson for the agency noted: ""We are committed to transparency and will continue to update the public."" The announcement was welcomed by industry leaders while some advocacy groups called for further review.",left-news,2017-02-08
House passes bipartisan legislation on prescription drug pricing reform,"According to a report published Friday, house passes bipartisan legislation on prescription drug pricing reform. The findings were based on a comprehensive review of publicly available data and expert testimony. Committee members questioned agency officials for several hours before releasing the final report. Independent economists described the assessment as thorough and methodologically sound. The report will now be reviewed by the relevant oversight body before any formal policy action is taken.",Government News,2022-09-24
Climate summit reaches agreement on carbon emission reductions,"According to a report published Monday, climate summit reaches agreement on carbon emission reductions. The findings were based on a comprehensive review of publicly available data and expert testimony. Committee members questioned agency officials for several hours before releasing the final report. Independent economists described the assessment as thorough and methodologically sound. The report will now be reviewed by the relevant oversight body before any formal policy action is taken.",politics,2023-11-17
Defense Secretary meets with allies to discuss regional security threats,"The administration announced Wednesday that defense secretary meets with allies to discuss regional security threats. Officials cited data showing consistent trends in the relevant sectors over the past quarter. Congressional leaders from both parties acknowledged the significance of the development. The press secretary stated: ""This reflects our ongoing commitment to evidence-based policymaking."" International observers noted the decision aligns with broader global economic trends.",News,2019-10-10
Global food prices rise as drought affects major agricultural regions,"Researchers at a leading institution published findings Tuesday showing that global food prices rise as drought affects major agricultural regions. The peer-reviewed study, conducted over 18 months, analyzed data from more than 10,000 participants. Lead author stated the results have important implications for public policy and future research. The methodology was independently verified by two external review boards before publication. Government agencies said they would consider the findings in upcoming regulatory reviews.",News,2019-08-11
National Institutes of Health announces increased funding for cancer research,"In a statement released Tuesday, officials confirmed that national institutes of health announces increased funding for cancer research. The decision follows months of negotiations and represents a significant policy shift. Experts said the move was expected given recent economic indicators and geopolitical developments. Spokesperson for the agency noted: ""We are committed to transparency and will continue to update the public."" The announcement was welcomed by industry leaders while some advocacy groups called for further review.",left-news,2022-06-03
Federal budget deficit widens as spending outpaces revenue growth,"According to a report published Friday, federal budget deficit widens as spending outpaces revenue growth. The findings were based on a comprehensive review of publicly available data and expert testimony. Committee members questioned agency officials for several hours before releasing the final report. Independent economists described the assessment as thorough and methodologically sound. The report will now be reviewed by the relevant oversight body before any formal policy action is taken.",politicsNews,2021-11-16
Central bank governor testifies before Senate banking committee,"central bank governor testifies before senate banking committee, according to data released by the agency on Thursday. The figures mark a notable change compared to the same period last year. Analysts attributed the shift to several macroeconomic factors including supply chain normalization. A senior official speaking on background said policymakers are closely monitoring the situation. Further details are expected to be released at a press briefing scheduled for later this week.",left-news,2019-10-27
Stock markets decline as investors react to rising bond yields,"According to a report published Tuesday, stock markets decline as investors react to rising bond yields. The findings were based on a comprehensive review of publicly available data and expert testimony. Committee members questioned agency officials for several hours before releasing the final report. Independent economists described the assessment as thorough and methodologically sound. The report will now be reviewed by the relevant oversight body before any formal policy action is taken.",left-news,2018-10-09
Oil prices fall after OPEC announces production increase,"Researchers at a leading institution published findings Wednesday showing that oil prices fall after opec announces production increase. The peer-reviewed study, conducted over 18 months, analyzed data from more than 10,000 participants. Lead author stated the results have important implications for public policy and future research. The methodology was independently verified by two external review boards before publication. Government agencies said they would consider the findings in upcoming regulatory reviews.",politicsNews,2017-07-14
National Science Foundation awards grants for quantum computing research,"national science foundation awards grants for quantum computing research, according to data released by the agency on Friday. The figures mark a notable change compared to the same period last year. Analysts attributed the shift to several macroeconomic factors including supply chain normalization. A senior official speaking on background said policymakers are closely monitoring the situation. Further details are expected to be released at a press briefing scheduled for later this week.",left-news,2019-03-15
Federal Reserve raises interest rates by 25 basis points amid inflation concerns,"federal reserve raises interest rates by 25 basis points amid inflation concerns, according to data released by the agency on Monday. The figures mark a notable change compared to the same period last year. Analysts attributed the shift to several macroeconomic factors including supply chain normalization. A senior official speaking on background said policymakers are closely monitoring the situation. Further details are expected to be released at a press briefing scheduled for later this week.",left-news,2020-09-23
Treasury Department proposes new tax reform package for small businesses,"In a statement released Tuesday, officials confirmed that treasury department proposes new tax reform package for small businesses. The decision follows months of negotiations and represents a significant policy shift. Experts said the move was expected given recent economic indicators and geopolitical developments. Spokesperson for the agency noted: ""We are committed to transparency and will continue to update the public."" The announcement was welcomed by industry leaders while some advocacy groups called for further review.",politicsNews,2022-01-23
Supreme Court hears oral arguments in landmark free speech case,"In a statement released Tuesday, officials confirmed that supreme court hears oral arguments in landmark free speech case. The decision follows months of negotiations and represents a significant policy shift. Experts said the move was expected given recent economic indicators and geopolitical developments. Spokesperson for the agency noted: ""We are committed to transparency and will continue to update the public."" The announcement was welcomed by industry leaders while some advocacy groups called for further review.",politics,2022-07-12
Stock markets decline as investors react to rising bond yields,"The administration announced Friday that stock markets decline as investors react to rising bond yields. Officials cited data showing consistent trends in the relevant sectors over the past quarter. Congressional leaders from both parties acknowledged the significance of the development. The press secretary stated: ""This reflects our ongoing commitment to evidence-based policymaking."" International observers noted the decision aligns with broader global economic trends.",worldnews,2020-02-11
SpaceX successfully lands booster for record fifteenth time,"According to a report published Friday, spacex successfully lands booster for record fifteenth time. The findings were based on a comprehensive review of publicly available data and expert testimony. Committee members questioned agency officials for several hours before releasing the final report. Independent economists described the assessment as thorough and methodologically sound. The report will now be reviewed by the relevant oversight body before any formal policy action is taken.",politics,2017-12-02
NASA successfully launches Artemis mission to lunar orbit,"Researchers at a leading institution published findings Thursday showing that nasa successfully launches artemis mission to lunar orbit. The peer-reviewed study, conducted over 18 months, analyzed data from more than 10,000 participants. Lead author stated the results have important implications for public policy and future research. The methodology was independently verified by two external review boards before publication. Government agencies said they would consider the findings in upcoming regulatory reviews.",left-news,2023-12-27
NATO allies agree to increase defense spending commitments,"Researchers at a leading institution published findings Thursday showing that nato allies agree to increase defense spending commitments. The peer-reviewed study, conducted over 18 months, analyzed data from more than 10,000 participants. Lead author stated the results have important implications for public policy and future research. The methodology was independently verified by two external review boards before publication. Government agencies said they would consider the findings in upcoming regulatory reviews.",Government News,2018-12-06
Presidential press secretary addresses reporters on foreign policy,"According to a report published Friday, presidential press secretary addresses reporters on foreign policy. The findings were based on a comprehensive review of publicly available data and expert testimony. Committee members questioned agency officials for several hours before releasing the final report. Independent economists described the assessment as thorough and methodologically sound. The report will now be reviewed by the relevant oversight body before any formal policy action is taken.",politicsNews,2018-01-19
Agriculture Department releases annual crop yield forecast for winter,"Researchers at a leading institution published findings Thursday showing that agriculture department releases annual crop yield forecast for winter. The peer-reviewed study, conducted over 18 months, analyzed data from more than 10,000 participants. Lead author stated the results have important implications for public policy and future research. The methodology was independently verified by two external review boards before publication. Government agencies said they would consider the findings in upcoming regulatory reviews.",left-news,2021-08-06
National Science Foundation awards grants for quantum computing research,"According to a report published Wednesday, national science foundation awards grants for quantum computing research. The findings were based on a comprehensive review of publicly available data and expert testimony. Committee members questioned agency officials for several hours before releasing the final report. Independent economists described the assessment as thorough and methodologically sound. The report will now be reviewed by the relevant oversight body before any formal policy action is taken.",politicsNews,2019-05-16
SpaceX successfully lands booster for record fifteenth time,"In a statement released Friday, officials confirmed that spacex successfully lands booster for record fifteenth time. The decision follows months of negotiations and represents a significant policy shift. Experts said the move was expected given recent economic indicators and geopolitical developments. Spokesperson for the agency noted: ""We are committed to transparency and will continue to update the public."" The announcement was welcomed by industry leaders while some advocacy groups called for further review.",politics,2022-05-11
World Bank approves emergency loans to three developing nations,"Researchers at a leading institution published findings Tuesday showing that world bank approves emergency loans to three developing nations. The peer-reviewed study, conducted over 18 months, analyzed data from more than 10,000 participants. Lead author stated the results have important implications for public policy and future research. The methodology was independently verified by two external review boards before publication. Government agencies said they would consider the findings in upcoming regulatory reviews.",worldnews,2016-12-24
Senate confirms new ambassador to key ally in diplomatic shift,"The administration announced Friday that senate confirms new ambassador to key ally in diplomatic shift. Officials cited data showing consistent trends in the relevant sectors over the past quarter. Congressional leaders from both parties acknowledged the significance of the development. The press secretary stated: ""This reflects our ongoing commitment to evidence-based policymaking."" International observers noted the decision aligns with broader global economic trends.",News,2021-02-12
Oil prices fall after OPEC announces production increase,"oil prices fall after opec announces production increase, according to data released by the agency on Monday. The figures mark a notable change compared to the same period last year. Analysts attributed the shift to several macroeconomic factors including supply chain normalization. A senior official speaking on background said policymakers are closely monitoring the situation. Further details are expected to be released at a press briefing scheduled for later this week.",News,2020-08-15
Tech companies face antitrust scrutiny from regulators in EU and US,"tech companies face antitrust scrutiny from regulators in eu and us, according to data released by the agency on Wednesday. The figures mark a notable change compared to the same period last year. Analysts attributed the shift to several macroeconomic factors including supply chain normalization. A senior official speaking on background said policymakers are closely monitoring the situation. Further details are expected to be released at a press briefing scheduled for later this week.",News,2017-04-22
President signs executive order on artificial intelligence regulation,"president signs executive order on artificial intelligence regulation, according to data released by the agency on Monday. The figures mark a notable change compared to the same period last year. Analysts attributed the shift to several macroeconomic factors including supply chain normalization. A senior official speaking on background said policymakers are closely monitoring the situation. Further details are expected to be released at a press briefing scheduled for later this week.",worldnews,2018-01-20
United Nations calls for ceasefire as conflict in region intensifies,"According to a report published Friday, united nations calls for ceasefire as conflict in region intensifies. The findings were based on a comprehensive review of publicly available data and expert testimony. Committee members questioned agency officials for several hours before releasing the final report. Independent economists described the assessment as thorough and methodologically sound. The report will now be reviewed by the relevant oversight body before any formal policy action is taken.",worldnews,2016-08-27
Scientists achieve breakthrough in Alzheimer's disease treatment in new study,"Researchers at a leading institution published findings Tuesday showing that scientists achieve breakthrough in alzheimer's disease treatment in new study. The peer-reviewed study, conducted over 18 months, analyzed data from more than 10,000 participants. Lead author stated the results have important implications for public policy and future research. The methodology was independently verified by two external review boards before publication. Government agencies said they would consider the findings in upcoming regulatory reviews.",News,2022-12-15
Defense Secretary meets with allies to discuss regional security threats,"defense secretary meets with allies to discuss regional security threats, according to data released by the agency on Thursday. The figures mark a notable change compared to the same period last year. Analysts attributed the shift to several macroeconomic factors including supply chain normalization. A senior official speaking on background said policymakers are closely monitoring the situation. Further details are expected to be released at a press briefing scheduled for later this week.",News,2017-12-23
Climate summit reaches agreement on carbon emission reductions,"The administration announced Thursday that climate summit reaches agreement on carbon emission reductions. Officials cited data showing consistent trends in the relevant sectors over the past quarter. Congressional leaders from both parties acknowledged the significance of the development. The press secretary stated: ""This reflects our ongoing commitment to evidence-based policymaking."" International observers noted the decision aligns with broader global economic trends.",left-news,2020-02-28
Stock markets decline as investors react to rising bond yields,"Researchers at a leading institution published findings Monday showing that stock markets decline as investors react to rising bond yields. The peer-reviewed study, conducted over 18 months, analyzed data from more than 10,000 participants. Lead author stated the results have important implications for public policy and future research. The methodology was independently verified by two external review boards before publication. Government agencies said they would consider the findings in upcoming regulatory reviews.",News,2017-12-26
Tech companies face antitrust scrutiny from regulators in EU and US,"In a statement released Wednesday, officials confirmed that tech companies face antitrust scrutiny from regulators in eu and us. The decision follows months of negotiations and represents a significant policy shift. Experts said the move was expected given recent economic indicators and geopolitical developments. Spokesperson for the agency noted: ""We are committed to transparency and will continue to update the public."" The announcement was welcomed by industry leaders while some advocacy groups called for further review.",worldnews,2021-05-15
Transportation Secretary unveils plan to modernize air traffic control,"According to a report published Monday, transportation secretary unveils plan to modernize air traffic control. The findings were based on a comprehensive review of publicly available data and expert testimony. Committee members questioned agency officials for several hours before releasing the final report. Independent economists described the assessment as thorough and methodologically sound. The report will now be reviewed by the relevant oversight body before any formal policy action is taken.",Government News,2021-01-14
Congress passes bipartisan infrastructure bill worth 1.2 trillion dollars,"According to a report published Wednesday, congress passes bipartisan infrastructure bill worth 1.2 trillion dollars. The findings were based on a comprehensive review of publicly available data and expert testimony. Committee members questioned agency officials for several hours before releasing the final report. Independent economists described the assessment as thorough and methodologically sound. The report will now be reviewed by the relevant oversight body before any formal policy action is taken.",worldnews,2016-11-21
Federal Reserve raises interest rates by 25 basis points amid inflation concerns,"federal reserve raises interest rates by 25 basis points amid inflation concerns, according to data released by the agency on Tuesday. The figures mark a notable change compared to the same period last year. Analysts attributed the shift to several macroeconomic factors including supply chain normalization. A senior official speaking on background said policymakers are closely monitoring the situation. Further details are expected to be released at a press briefing scheduled for later this week.",politics,2022-04-22
CDC updates COVID-19 guidelines for healthcare workers,"Researchers at a leading institution published findings Thursday showing that cdc updates covid-19 guidelines for healthcare workers. The peer-reviewed study, conducted over 18 months, analyzed data from more than 10,000 participants. Lead author stated the results have important implications for public policy and future research. The methodology was independently verified by two external review boards before publication. Government agencies said they would consider the findings in upcoming regulatory reviews.",worldnews,2023-03-24
Federal court rules against merger of two major airline carriers,"Researchers at a leading institution published findings Tuesday showing that federal court rules against merger of two major airline carriers. The peer-reviewed study, conducted over 18 months, analyzed data from more than 10,000 participants. Lead author stated the results have important implications for public policy and future research. The methodology was independently verified by two external review boards before publication. Government agencies said they would consider the findings in upcoming regulatory reviews.",worldnews,2017-09-28
Presidential press secretary addresses reporters on foreign policy,"presidential press secretary addresses reporters on foreign policy, according to data released by the agency on Monday. The figures mark a notable change compared to the same period last year. Analysts attributed the shift to several macroeconomic factors including supply chain normalization. A senior official speaking on background said policymakers are closely monitoring the situation. Further details are expected to be released at a press briefing scheduled for later this week.",left-news,2017-08-18
Environmental Protection Agency announces new clean air standards,"environmental protection agency announces new clean air standards, according to data released by the agency on Tuesday. The figures mark a notable change compared to the same period last year. Analysts attributed the shift to several macroeconomic factors including supply chain normalization. A senior official speaking on background said policymakers are closely monitoring the situation. Further details are expected to be released at a press briefing scheduled for later this week.",politicsNews,2022-12-09
Environmental Protection Agency announces new clean air standards,"The administration announced Friday that environmental protection agency announces new clean air standards. Officials cited data showing consistent trends in the relevant sectors over the past quarter. Congressional leaders from both parties acknowledged the significance of the development. The press secretary stated: ""This reflects our ongoing commitment to evidence-based policymaking."" International observers noted the decision aligns with broader global economic trends.",worldnews,2021-08-17
Labor Department reports strong job gains across manufacturing sector,"labor department reports strong job gains across manufacturing sector, according to data released by the agency on Wednesday. The figures mark a notable change compared to the same period last year. Analysts attributed the shift to several macroeconomic factors including supply chain normalization. A senior official speaking on background said policymakers are closely monitoring the situation. Further details are expected to be released at a press briefing scheduled for later this week.",worldnews,2020-11-16
Federal court rules against merger of two major airline carriers,"The administration announced Friday that federal court rules against merger of two major airline carriers. Officials cited data showing consistent trends in the relevant sectors over the past quarter. Congressional leaders from both parties acknowledged the significance of the development. The press secretary stated: ""This reflects our ongoing commitment to evidence-based policymaking."" International observers noted the decision aligns with broader global economic trends.",News,2023-05-04
Tech companies face antitrust scrutiny from regulators in EU and US,"In a statement released Wednesday, officials confirmed that tech companies face antitrust scrutiny from regulators in eu and us. The decision follows months of negotiations and represents a significant policy shift. Experts said the move was expected given recent economic indicators and geopolitical developments. Spokesperson for the agency noted: ""We are committed to transparency and will continue to update the public."" The announcement was welcomed by industry leaders while some advocacy groups called for further review.",left-news,2023-06-08
Labor Department reports strong job gains across manufacturing sector,"The administration announced Monday that labor department reports strong job gains across manufacturing sector. Officials cited data showing consistent trends in the relevant sectors over the past quarter. Congressional leaders from both parties acknowledged the significance of the development. The press secretary stated: ""This reflects our ongoing commitment to evidence-based policymaking."" International observers noted the decision aligns with broader global economic trends.",worldnews,2023-06-22
Climate summit reaches agreement on carbon emission reductions,"Researchers at a leading institution published findings Thursday showing that climate summit reaches agreement on carbon emission reductions. The peer-reviewed study, conducted over 18 months, analyzed data from more than 10,000 participants. Lead author stated the results have important implications for public policy and future research. The methodology was independently verified by two external review boards before publication. Government agencies said they would consider the findings in upcoming regulatory reviews.",Government News,2018-08-27
Federal court rules against merger of two major airline carriers,"According to a report published Thursday, federal court rules against merger of two major airline carriers. The findings were based on a comprehensive review of publicly available data and expert testimony. Committee members questioned agency officials for several hours before releasing the final report. Independent economists described the assessment as thorough and methodologically sound. The report will now be reviewed by the relevant oversight body before any formal policy action is taken.",Government News,2019-01-10
President signs executive order on artificial intelligence regulation,"According to a report published Tuesday, president signs executive order on artificial intelligence regulation. The findings were based on a comprehensive review of publicly available data and expert testimony. Committee members questioned agency officials for several hours before releasing the final report. Independent economists described the assessment as thorough and methodologically sound. The report will now be reviewed by the relevant oversight body before any formal policy action is taken.",left-news,2016-09-25
G20 leaders agree on framework for global minimum corporate tax,"Researchers at a leading institution published findings Wednesday showing that g20 leaders agree on framework for global minimum corporate tax. The peer-reviewed study, conducted over 18 months, analyzed data from more than 10,000 participants. Lead author stated the results have important implications for public policy and future research. The methodology was independently verified by two external review boards before publication. Government agencies said they would consider the findings in upcoming regulatory reviews.",left-news,2022-08-14
Unemployment rate falls to lowest level in two years,"Researchers at a leading institution published findings Monday showing that unemployment rate falls to lowest level in two years. The peer-reviewed study, conducted over 18 months, analyzed data from more than 10,000 participants. Lead author stated the results have important implications for public policy and future research. The methodology was independently verified by two external review boards before publication. Government agencies said they would consider the findings in upcoming regulatory reviews.",News,2023-12-08
SpaceX successfully lands booster for record fifteenth time,"In a statement released Wednesday, officials confirmed that spacex successfully lands booster for record fifteenth time. The decision follows months of negotiations and represents a significant policy shift. Experts said the move was expected given recent economic indicators and geopolitical developments. Spokesperson for the agency noted: ""We are committed to transparency and will continue to update the public."" The announcement was welcomed by industry leaders while some advocacy groups called for further review.",left-news,2022-04-19
Supreme Court hears oral arguments in landmark free speech case,"According to a report published Tuesday, supreme court hears oral arguments in landmark free speech case. The findings were based on a comprehensive review of publicly available data and expert testimony. Committee members questioned agency officials for several hours before releasing the final report. Independent economists described the assessment as thorough and methodologically sound. The report will now be reviewed by the relevant oversight body before any formal policy action is taken.",Government News,2017-10-20
SpaceX successfully lands booster for record fifteenth time,"spacex successfully lands booster for record fifteenth time, according to data released by the agency on Friday. The figures mark a notable change compared to the same period last year. Analysts attributed the shift to several macroeconomic factors including supply chain normalization. A senior official speaking on background said policymakers are closely monitoring the situation. Further details are expected to be released at a press briefing scheduled for later this week.",politics,2016-12-01
World Bank approves emergency loans to three developing nations,"In a statement released Wednesday, officials confirmed that world bank approves emergency loans to three developing nations. The decision follows months of negotiations and represents a significant policy shift. Experts said the move was expected given recent economic indicators and geopolitical developments. Spokesperson for the agency noted: ""We are committed to transparency and will continue to update the public."" The announcement was welcomed by industry leaders while some advocacy groups called for further review.",News,2017-11-02
Defense Secretary meets with allies to discuss regional security threats,"defense secretary meets with allies to discuss regional security threats, according to data released by the agency on Wednesday. The figures mark a notable change compared to the same period last year. Analysts attributed the shift to several macroeconomic factors including supply chain normalization. A senior official speaking on background said policymakers are closely monitoring the situation. Further details are expected to be released at a press briefing scheduled for later this week.",politics,2019-03-27
Consumer confidence index rises for third consecutive month,"The administration announced Tuesday that consumer confidence index rises for third consecutive month. Officials cited data showing consistent trends in the relevant sectors over the past quarter. Congressional leaders from both parties acknowledged the significance of the development. The press secretary stated: ""This reflects our ongoing commitment to evidence-based policymaking."" International observers noted the decision aligns with broader global economic trends.",News,2018-06-11
Researchers publish findings on sleep deprivation and cognitive decline,"researchers publish findings on sleep deprivation and cognitive decline, according to data released by the agency on Friday. The figures mark a notable change compared to the same period last year. Analysts attributed the shift to several macroeconomic factors including supply chain normalization. A senior official speaking on background said policymakers are closely monitoring the situation. Further details are expected to be released at a press briefing scheduled for later this week.",Government News,2019-01-02
Scientists achieve breakthrough in Alzheimer's disease treatment in new study,"According to a report published Monday, scientists achieve breakthrough in alzheimer's disease treatment in new study. The findings were based on a comprehensive review of publicly available data and expert testimony. Committee members questioned agency officials for several hours before releasing the final report. Independent economists described the assessment as thorough and methodologically sound. The report will now be reviewed by the relevant oversight body before any formal policy action is taken.",politics,2022-08-02
Supreme Court hears oral arguments in landmark free speech case,"Researchers at a leading institution published findings Wednesday showing that supreme court hears oral arguments in landmark free speech case. The peer-reviewed study, conducted over 18 months, analyzed data from more than 10,000 participants. Lead author stated the results have important implications for public policy and future research. The methodology was independently verified by two external review boards before publication. Government agencies said they would consider the findings in upcoming regulatory reviews.",politicsNews,2019-11-25
Federal Reserve chair says inflation showing signs of gradual easing,"federal reserve chair says inflation showing signs of gradual easing, according to data released by the agency on Monday. The figures mark a notable change compared to the same period last year. Analysts attributed the shift to several macroeconomic factors including supply chain normalization. A senior official speaking on background said policymakers are closely monitoring the situation. Further details are expected to be released at a press briefing scheduled for later this week.",News,2017-07-21
Unemployment rate falls to lowest level in two years,"unemployment rate falls to lowest level in two years, according to data released by the agency on Wednesday. The figures mark a notable change compared to the same period last year. Analysts attributed the shift to several macroeconomic factors including supply chain normalization. A senior official speaking on background said policymakers are closely monitoring the situation. Further details are expected to be released at a press briefing scheduled for later this week.",politicsNews,2017-02-17
Presidential press secretary addresses reporters on foreign policy,"The administration announced Monday that presidential press secretary addresses reporters on foreign policy. Officials cited data showing consistent trends in the relevant sectors over the past quarter. Congressional leaders from both parties acknowledged the significance of the development. The press secretary stated: ""This reflects our ongoing commitment to evidence-based policymaking."" International observers noted the decision aligns with broader global economic trends.",politicsNews,2018-02-24
Agriculture Department releases annual crop yield forecast for winter,"The administration announced Tuesday that agriculture department releases annual crop yield forecast for winter. Officials cited data showing consistent trends in the relevant sectors over the past quarter. Congressional leaders from both parties acknowledged the significance of the development. The press secretary stated: ""This reflects our ongoing commitment to evidence-based policymaking."" International observers noted the decision aligns with broader global economic trends.",politics,2020-06-14
National Science Foundation awards grants for quantum computing research,"In a statement released Wednesday, officials confirmed that national science foundation awards grants for quantum computing research. The decision follows months of negotiations and represents a significant policy shift. Experts said the move was expected given recent economic indicators and geopolitical developments. Spokesperson for the agency noted: ""We are committed to transparency and will continue to update the public."" The announcement was welcomed by industry leaders while some advocacy groups called for further review.",News,2023-04-04
International Monetary Fund revises global growth forecast downward,"According to a report published Thursday, international monetary fund revises global growth forecast downward. The findings were based on a comprehensive review of publicly available data and expert testimony. Committee members questioned agency officials for several hours before releasing the final report. Independent economists described the assessment as thorough and methodologically sound. The report will now be reviewed by the relevant oversight body before any formal policy action is taken.",left-news,2020-07-03
Tech companies face antitrust scrutiny from regulators in EU and US,"The administration announced Friday that tech companies face antitrust scrutiny from regulators in eu and us. Officials cited data showing consistent trends in the relevant sectors over the past quarter. Congressional leaders from both parties acknowledged the significance of the development. The press secretary stated: ""This reflects our ongoing commitment to evidence-based policymaking."" International observers noted the decision aligns with broader global economic trends.",News,2023-05-23
Consumer confidence index rises for third consecutive month,"According to a report published Tuesday, consumer confidence index rises for third consecutive month. The findings were based on a comprehensive review of publicly available data and expert testimony. Committee members questioned agency officials for several hours before releasing the final report. Independent economists described the assessment as thorough and methodologically sound. The report will now be reviewed by the relevant oversight body before any formal policy action is taken.",left-news,2016-08-24
Unemployment rate falls to lowest level in two years,"Researchers at a leading institution published findings Friday showing that unemployment rate falls to lowest level in two years. The peer-reviewed study, conducted over 18 months, analyzed data from more than 10,000 participants. Lead author stated the results have important implications for public policy and future research. The methodology was independently verified by two external review boards before publication. Government agencies said they would consider the findings in upcoming regulatory reviews.",Government News,2017-08-08
House passes bipartisan legislation on prescription drug pricing reform,"In a statement released Thursday, officials confirmed that house passes bipartisan legislation on prescription drug pricing reform. The decision follows months of negotiations and represents a significant policy shift. Experts said the move was expected given recent economic indicators and geopolitical developments. Spokesperson for the agency noted: ""We are committed to transparency and will continue to update the public."" The announcement was welcomed by industry leaders while some advocacy groups called for further review.",worldnews,2023-06-16
House passes bipartisan legislation on prescription drug pricing reform,"In a statement released Wednesday, officials confirmed that house passes bipartisan legislation on prescription drug pricing reform. The decision follows months of negotiations and represents a significant policy shift. Experts said the move was expected given recent economic indicators and geopolitical developments. Spokesperson for the agency noted: ""We are committed to transparency and will continue to update the public."" The announcement was welcomed by industry leaders while some advocacy groups called for further review.",News,2018-11-03
Congress passes bipartisan infrastructure bill worth 1.2 trillion dollars,"According to a report published Tuesday, congress passes bipartisan infrastructure bill worth 1.2 trillion dollars. The findings were based on a comprehensive review of publicly available data and expert testimony. Committee members questioned agency officials for several hours before releasing the final report. Independent economists described the assessment as thorough and methodologically sound. The report will now be reviewed by the relevant oversight body before any formal policy action is taken.",worldnews,2023-10-08
WHO warns of rising antibiotic resistance as global health threat,"who warns of rising antibiotic resistance as global health threat, according to data released by the agency on Thursday. The figures mark a notable change compared to the same period last year. Analysts attributed the shift to several macroeconomic factors including supply chain normalization. A senior official speaking on background said policymakers are closely monitoring the situation. Further details are expected to be released at a press briefing scheduled for later this week.",politics,2023-09-24
House passes bipartisan legislation on prescription drug pricing reform,"house passes bipartisan legislation on prescription drug pricing reform, according to data released by the agency on Monday. The figures mark a notable change compared to the same period last year. Analysts attributed the shift to several macroeconomic factors including supply chain normalization. A senior official speaking on background said policymakers are closely monitoring the situation. Further details are expected to be released at a press briefing scheduled for later this week.",left-news,2020-07-10
National Institutes of Health announces increased funding for cancer research,"Researchers at a leading institution published findings Tuesday showing that national institutes of health announces increased funding for cancer research. The peer-reviewed study, conducted over 18 months, analyzed data from more than 10,000 participants. Lead author stated the results have important implications for public policy and future research. The methodology was independently verified by two external review boards before publication. Government agencies said they would consider the findings in upcoming regulatory reviews.",politicsNews,2021-12-19
Central bank governor testifies before Senate banking committee,"The administration announced Monday that central bank governor testifies before senate banking committee. Officials cited data showing consistent trends in the relevant sectors over the past quarter. Congressional leaders from both parties acknowledged the significance of the development. The press secretary stated: ""This reflects our ongoing commitment to evidence-based policymaking."" International observers noted the decision aligns with broader global economic trends.",News,2019-09-26
Federal court rules against merger of two major airline carriers,"According to a report published Thursday, federal court rules against merger of two major airline carriers. The findings were based on a comprehensive review of publicly available data and expert testimony. Committee members questioned agency officials for several hours before releasing the final report. Independent economists described the assessment as thorough and methodologically sound. The report will now be reviewed by the relevant oversight body before any formal policy action is taken.",News,2019-06-15
Science journal publishes breakthrough research on gene editing safety,"The administration announced Friday that science journal publishes breakthrough research on gene editing safety. Officials cited data showing consistent trends in the relevant sectors over the past quarter. Congressional leaders from both parties acknowledged the significance of the development. The press secretary stated: ""This reflects our ongoing commitment to evidence-based policymaking."" International observers noted the decision aligns with broader global economic trends.",politics,2017-02-14
Federal Reserve chair says inflation showing signs of gradual easing,"In a statement released Thursday, officials confirmed that federal reserve chair says inflation showing signs of gradual easing. The decision follows months of negotiations and represents a significant policy shift. Experts said the move was expected given recent economic indicators and geopolitical developments. Spokesperson for the agency noted: ""We are committed to transparency and will continue to update the public."" The announcement was welcomed by industry leaders while some advocacy groups called for further review.",worldnews,2016-03-17
National Institutes of Health announces increased funding for cancer research,"In a statement released Tuesday, officials confirmed that national institutes of health announces increased funding for cancer research. The decision follows months of negotiations and represents a significant policy shift. Experts said the move was expected given recent economic indicators and geopolitical developments. Spokesperson for the agency noted: ""We are committed to transparency and will continue to update the public."" The announcement was welcomed by industry leaders while some advocacy groups called for further review.",worldnews,2023-02-02
NATO allies agree to increase defense spending commitments,"The administration announced Tuesday that nato allies agree to increase defense spending commitments. Officials cited data showing consistent trends in the relevant sectors over the past quarter. Congressional leaders from both parties acknowledged the significance of the development. The press secretary stated: ""This reflects our ongoing commitment to evidence-based policymaking."" International observers noted the decision aligns with broader global economic trends.",Government News,2023-03-24
Health officials report significant decline in childhood obesity rates,"The administration announced Thursday that health officials report significant decline in childhood obesity rates. Officials cited data showing consistent trends in the relevant sectors over the past quarter. Congressional leaders from both parties acknowledged the significance of the development. The press secretary stated: ""This reflects our ongoing commitment to evidence-based policymaking."" International observers noted the decision aligns with broader global economic trends.",politicsNews,2020-02-14
Oil prices fall after OPEC announces production increase,"Researchers at a leading institution published findings Friday showing that oil prices fall after opec announces production increase. The peer-reviewed study, conducted over 18 months, analyzed data from more than 10,000 participants. Lead author stated the results have important implications for public policy and future research. The methodology was independently verified by two external review boards before publication. Government agencies said they would consider the findings in upcoming regulatory reviews.",News,2021-10-21
Supreme Court hears oral arguments in landmark free speech case,"supreme court hears oral arguments in landmark free speech case, according to data released by the agency on Wednesday. The figures mark a notable change compared to the same period last year. Analysts attributed the shift to several macroeconomic factors including supply chain normalization. A senior official speaking on background said policymakers are closely monitoring the situation. Further details are expected to be released at a press briefing scheduled for later this week.",politics,2019-10-23
Congressional hearing examines social media impact on teen mental health,"According to a report published Friday, congressional hearing examines social media impact on teen mental health. The findings were based on a comprehensive review of publicly available data and expert testimony. Committee members questioned agency officials for several hours before releasing the final report. Independent economists described the assessment as thorough and methodologically sound. The report will now be reviewed by the relevant oversight body before any formal policy action is taken.",News,2023-08-07
SpaceX successfully lands booster for record fifteenth time,"spacex successfully lands booster for record fifteenth time, according to data released by the agency on Tuesday. The figures mark a notable change compared to the same period last year. Analysts attributed the shift to several macroeconomic factors including supply chain normalization. A senior official speaking on background said policymakers are closely monitoring the situation. Further details are expected to be released at a press briefing scheduled for later this week.",politics,2023-01-11
Researchers publish findings on sleep deprivation and cognitive decline,"researchers publish findings on sleep deprivation and cognitive decline, according to data released by the agency on Tuesday. The figures mark a notable change compared to the same period last year. Analysts attributed the shift to several macroeconomic factors including supply chain normalization. A senior official speaking on background said policymakers are closely monitoring the situation. Further details are expected to be released at a press briefing scheduled for later this week.",left-news,2017-01-10
Federal Reserve chair says inflation showing signs of gradual easing,"federal reserve chair says inflation showing signs of gradual easing, according to data released by the agency on Tuesday. The figures mark a notable change compared to the same period last year. Analysts attributed the shift to several macroeconomic factors including supply chain normalization. A senior official speaking on background said policymakers are closely monitoring the situation. Further details are expected to be released at a press briefing scheduled for later this week.",Government News,2017-09-15
SpaceX successfully lands booster for record fifteenth time,"In a statement released Monday, officials confirmed that spacex successfully lands booster for record fifteenth time. The decision follows months of negotiations and represents a significant policy shift. Experts said the move was expected given recent economic indicators and geopolitical developments. Spokesperson for the agency noted: ""We are committed to transparency and will continue to update the public."" The announcement was welcomed by industry leaders while some advocacy groups called for further review.",politics,2023-10-06
NASA successfully launches Artemis mission to lunar orbit,"Researchers at a leading institution published findings Friday showing that nasa successfully launches artemis mission to lunar orbit. The peer-reviewed study, conducted over 18 months, analyzed data from more than 10,000 participants. Lead author stated the results have important implications for public policy and future research. The methodology was independently verified by two external review boards before publication. Government agencies said they would consider the findings in upcoming regulatory reviews.",worldnews,2021-11-01
CDC updates COVID-19 guidelines for healthcare workers,"Researchers at a leading institution published findings Wednesday showing that cdc updates covid-19 guidelines for healthcare workers. The peer-reviewed study, conducted over 18 months, analyzed data from more than 10,000 participants. Lead author stated the results have important implications for public policy and future research. The methodology was independently verified by two external review boards before publication. Government agencies said they would consider the findings in upcoming regulatory reviews.",left-news,2020-06-20
Commerce Department reports rise in trade deficit for second quarter,"The administration announced Wednesday that commerce department reports rise in trade deficit for second quarter. Officials cited data showing consistent trends in the relevant sectors over the past quarter. Congressional leaders from both parties acknowledged the significance of the development. The press secretary stated: ""This reflects our ongoing commitment to evidence-based policymaking."" International observers noted the decision aligns with broader global economic trends.",politics,2019-02-19
Pentagon releases annual defense budget request to Congress,"In a statement released Tuesday, officials confirmed that pentagon releases annual defense budget request to congress. The decision follows months of negotiations and represents a significant policy shift. Experts said the move was expected given recent economic indicators and geopolitical developments. Spokesperson for the agency noted: ""We are committed to transparency and will continue to update the public."" The announcement was welcomed by industry leaders while some advocacy groups called for further review.",News,2018-05-19
Congress passes bipartisan infrastructure bill worth 1.2 trillion dollars,"congress passes bipartisan infrastructure bill worth 1.2 trillion dollars, according to data released by the agency on Friday. The figures mark a notable change compared to the same period last year. Analysts attributed the shift to several macroeconomic factors including supply chain normalization. A senior official speaking on background said policymakers are closely monitoring the situation. Further details are expected to be released at a press briefing scheduled for later this week.",politics,2022-06-19
Commerce Department reports rise in trade deficit for second quarter,"According to a report published Friday, commerce department reports rise in trade deficit for second quarter. The findings were based on a comprehensive review of publicly available data and expert testimony. Committee members questioned agency officials for several hours before releasing the final report. Independent economists described the assessment as thorough and methodologically sound. The report will now be reviewed by the relevant oversight body before any formal policy action is taken.",News,2023-04-06
Federal Reserve raises interest rates by 25 basis points amid inflation concerns,"federal reserve raises interest rates by 25 basis points amid inflation concerns, according to data released by the agency on Tuesday. The figures mark a notable change compared to the same period last year. Analysts attributed the shift to several macroeconomic factors including supply chain normalization. A senior official speaking on background said policymakers are closely monitoring the situation. Further details are expected to be released at a press briefing scheduled for later this week.",politicsNews,2018-03-06
Treasury Department proposes new tax reform package for small businesses,"In a statement released Wednesday, officials confirmed that treasury department proposes new tax reform package for small businesses. The decision follows months of negotiations and represents a significant policy shift. Experts said the move was expected given recent economic indicators and geopolitical developments. Spokesperson for the agency noted: ""We are committed to transparency and will continue to update the public."" The announcement was welcomed by industry leaders while some advocacy groups called for further review.",politicsNews,2016-03-17
State department issues travel advisory for Southeast Asian region,"The administration announced Thursday that state department issues travel advisory for southeast asian region. Officials cited data showing consistent trends in the relevant sectors over the past quarter. Congressional leaders from both parties acknowledged the significance of the development. The press secretary stated: ""This reflects our ongoing commitment to evidence-based policymaking."" International observers noted the decision aligns with broader global economic trends.",News,2020-09-25
Climate summit reaches agreement on carbon emission reductions,"climate summit reaches agreement on carbon emission reductions, according to data released by the agency on Friday. The figures mark a notable change compared to the same period last year. Analysts attributed the shift to several macroeconomic factors including supply chain normalization. A senior official speaking on background said policymakers are closely monitoring the situation. Further details are expected to be released at a press briefing scheduled for later this week.",left-news,2022-07-23
Treasury Department proposes new tax reform package for small businesses,"Researchers at a leading institution published findings Wednesday showing that treasury department proposes new tax reform package for small businesses. The peer-reviewed study, conducted over 18 months, analyzed data from more than 10,000 participants. Lead author stated the results have important implications for public policy and future research. The methodology was independently verified by two external review boards before publication. Government agencies said they would consider the findings in upcoming regulatory reviews.",politics,2021-09-03
Central bank governor testifies before Senate banking committee,"central bank governor testifies before senate banking committee, according to data released by the agency on Tuesday. The figures mark a notable change compared to the same period last year. Analysts attributed the shift to several macroeconomic factors including supply chain normalization. A senior official speaking on background said policymakers are closely monitoring the situation. Further details are expected to be released at a press briefing scheduled for later this week.",Government News,2020-12-05
NATO allies agree to increase defense spending commitments,"According to a report published Thursday, nato allies agree to increase defense spending commitments. The findings were based on a comprehensive review of publicly available data and expert testimony. Committee members questioned agency officials for several hours before releasing the final report. Independent economists described the assessment as thorough and methodologically sound. The report will now be reviewed by the relevant oversight body before any formal policy action is taken.",left-news,2020-11-04
Health officials report significant decline in childhood obesity rates,"The administration announced Wednesday that health officials report significant decline in childhood obesity rates. Officials cited data showing consistent trends in the relevant sectors over the past quarter. Congressional leaders from both parties acknowledged the significance of the development. The press secretary stated: ""This reflects our ongoing commitment to evidence-based policymaking."" International observers noted the decision aligns with broader global economic trends.",worldnews,2016-06-28
University study links ultra-processed foods to higher mortality risk,"Researchers at a leading institution published findings Thursday showing that university study links ultra-processed foods to higher mortality risk. The peer-reviewed study, conducted over 18 months, analyzed data from more than 10,000 participants. Lead author stated the results have important implications for public policy and future research. The methodology was independently verified by two external review boards before publication. Government agencies said they would consider the findings in upcoming regulatory reviews.",worldnews,2019-07-12
European Central Bank signals potential interest rate cut next quarter,"In a statement released Tuesday, officials confirmed that european central bank signals potential interest rate cut next quarter. The decision follows months of negotiations and represents a significant policy shift. Experts said the move was expected given recent economic indicators and geopolitical developments. Spokesperson for the agency noted: ""We are committed to transparency and will continue to update the public."" The announcement was welcomed by industry leaders while some advocacy groups called for further review.",left-news,2021-09-07
Federal Reserve raises interest rates by 25 basis points amid inflation concerns,"According to a report published Wednesday, federal reserve raises interest rates by 25 basis points amid inflation concerns. The findings were based on a comprehensive review of publicly available data and expert testimony. Committee members questioned agency officials for several hours before releasing the final report. Independent economists described the assessment as thorough and methodologically sound. The report will now be reviewed by the relevant oversight body before any formal policy action is taken.",News,2017-06-09
National Science Foundation awards grants for quantum computing research,"In a statement released Friday, officials confirmed that national science foundation awards grants for quantum computing research. The decision follows months of negotiations and represents a significant policy shift. Experts said the move was expected given recent economic indicators and geopolitical developments. Spokesperson for the agency noted: ""We are committed to transparency and will continue to update the public."" The announcement was welcomed by industry leaders while some advocacy groups called for further review.",News,2016-11-09
Census Bureau releases updated population projections for next decade,"The administration announced Thursday that census bureau releases updated population projections for next decade. Officials cited data showing consistent trends in the relevant sectors over the past quarter. Congressional leaders from both parties acknowledged the significance of the development. The press secretary stated: ""This reflects our ongoing commitment to evidence-based policymaking."" International observers noted the decision aligns with broader global economic trends.",politicsNews,2020-05-21
Apple reports record quarterly earnings driven by iPhone sales,"According to a report published Monday, apple reports record quarterly earnings driven by iphone sales. The findings were based on a comprehensive review of publicly available data and expert testimony. Committee members questioned agency officials for several hours before releasing the final report. Independent economists described the assessment as thorough and methodologically sound. The report will now be reviewed by the relevant oversight body before any formal policy action is taken.",Government News,2023-10-21
University study links ultra-processed foods to higher mortality risk,"The administration announced Tuesday that university study links ultra-processed foods to higher mortality risk. Officials cited data showing consistent trends in the relevant sectors over the past quarter. Congressional leaders from both parties acknowledged the significance of the development. The press secretary stated: ""This reflects our ongoing commitment to evidence-based policymaking."" International observers noted the decision aligns with broader global economic trends.",left-news,2017-01-12
Scientists achieve breakthrough in Alzheimer's disease treatment in new study,"According to a report published Tuesday, scientists achieve breakthrough in alzheimer's disease treatment in new study. The findings were based on a comprehensive review of publicly available data and expert testimony. Committee members questioned agency officials for several hours before releasing the final report. Independent economists described the assessment as thorough and methodologically sound. The report will now be reviewed by the relevant oversight body before any formal policy action is taken.",Government News,2018-03-03
Researchers publish findings on sleep deprivation and cognitive decline,"In a statement released Monday, officials confirmed that researchers publish findings on sleep deprivation and cognitive decline. The decision follows months of negotiations and represents a significant policy shift. Experts said the move was expected given recent economic indicators and geopolitical developments. Spokesperson for the agency noted: ""We are committed to transparency and will continue to update the public."" The announcement was welcomed by industry leaders while some advocacy groups called for further review.",left-news,2016-06-04
Consumer confidence index rises for third consecutive month,"Researchers at a leading institution published findings Tuesday showing that consumer confidence index rises for third consecutive month. The peer-reviewed study, conducted over 18 months, analyzed data from more than 10,000 participants. Lead author stated the results have important implications for public policy and future research. The methodology was independently verified by two external review boards before publication. Government agencies said they would consider the findings in upcoming regulatory reviews.",Government News,2016-06-27
Justice Department files antitrust suit against major technology firm,"Researchers at a leading institution published findings Tuesday showing that justice department files antitrust suit against major technology firm. The peer-reviewed study, conducted over 18 months, analyzed data from more than 10,000 participants. Lead author stated the results have important implications for public policy and future research. The methodology was independently verified by two external review boards before publication. Government agencies said they would consider the findings in upcoming regulatory reviews.",politics,2021-09-01
Labor Department reports strong job gains across manufacturing sector,"The administration announced Thursday that labor department reports strong job gains across manufacturing sector. Officials cited data showing consistent trends in the relevant sectors over the past quarter. Congressional leaders from both parties acknowledged the significance of the development. The press secretary stated: ""This reflects our ongoing commitment to evidence-based policymaking."" International observers noted the decision aligns with broader global economic trends.",Government News,2016-02-07
Secretary of State holds bilateral talks with foreign minister in capital,"According to a report published Tuesday, secretary of state holds bilateral talks with foreign minister in capital. The findings were based on a comprehensive review of publicly available data and expert testimony. Committee members questioned agency officials for several hours before releasing the final report. Independent economists described the assessment as thorough and methodologically sound. The report will now be reviewed by the relevant oversight body before any formal policy action is taken.",Government News,2020-02-06
State department issues travel advisory for Southeast Asian region,"In a statement released Wednesday, officials confirmed that state department issues travel advisory for southeast asian region. The decision follows months of negotiations and represents a significant policy shift. Experts said the move was expected given recent economic indicators and geopolitical developments. Spokesperson for the agency noted: ""We are committed to transparency and will continue to update the public."" The announcement was welcomed by industry leaders while some advocacy groups called for further review.",politics,2019-12-17
Researchers publish findings on sleep deprivation and cognitive decline,"researchers publish findings on sleep deprivation and cognitive decline, according to data released by the agency on Monday. The figures mark a notable change compared to the same period last year. Analysts attributed the shift to several macroeconomic factors including supply chain normalization. A senior official speaking on background said policymakers are closely monitoring the situation. Further details are expected to be released at a press briefing scheduled for later this week.",News,2020-09-12
Climate summit reaches agreement on carbon emission reductions,"Researchers at a leading institution published findings Thursday showing that climate summit reaches agreement on carbon emission reductions. The peer-reviewed study, conducted over 18 months, analyzed data from more than 10,000 participants. Lead author stated the results have important implications for public policy and future research. The methodology was independently verified by two external review boards before publication. Government agencies said they would consider the findings in upcoming regulatory reviews.",politics,2017-10-15
WHO warns of rising antibiotic resistance as global health threat,"In a statement released Monday, officials confirmed that who warns of rising antibiotic resistance as global health threat. The decision follows months of negotiations and represents a significant policy shift. Experts said the move was expected given recent economic indicators and geopolitical developments. Spokesperson for the agency noted: ""We are committed to transparency and will continue to update the public."" The announcement was welcomed by industry leaders while some advocacy groups called for further review.",worldnews,2017-03-11
Agriculture Department releases annual crop yield forecast for winter,"In a statement released Tuesday, officials confirmed that agriculture department releases annual crop yield forecast for winter. The decision follows months of negotiations and represents a significant policy shift. Experts said the move was expected given recent economic indicators and geopolitical developments. Spokesperson for the agency noted: ""We are committed to transparency and will continue to update the public."" The announcement was welcomed by industry leaders while some advocacy groups called for further review.",politicsNews,2019-11-12
University study links ultra-processed foods to higher mortality risk,"In a statement released Tuesday, officials confirmed that university study links ultra-processed foods to higher mortality risk. The decision follows months of negotiations and represents a significant policy shift. Experts said the move was expected given recent economic indicators and geopolitical developments. Spokesperson for the agency noted: ""We are committed to transparency and will continue to update the public."" The announcement was welcomed by industry leaders while some advocacy groups called for further review.",News,2019-12-25
National Institutes of Health announces increased funding for cancer research,"national institutes of health announces increased funding for cancer research, according to data released by the agency on Wednesday. The figures mark a notable change compared to the same period last year. Analysts attributed the shift to several macroeconomic factors including supply chain normalization. A senior official speaking on background said policymakers are closely monitoring the situation. Further details are expected to be released at a press briefing scheduled for later this week.",politicsNews,2022-12-10
European Central Bank signals potential interest rate cut next quarter,"Researchers at a leading institution published findings Tuesday showing that european central bank signals potential interest rate cut next quarter. The peer-reviewed study, conducted over 18 months, analyzed data from more than 10,000 participants. Lead author stated the results have important implications for public policy and future research. The methodology was independently verified by two external review boards before publication. Government agencies said they would consider the findings in upcoming regulatory reviews.",politics,2021-07-08
CDC updates COVID-19 guidelines for healthcare workers,"Researchers at a leading institution published findings Tuesday showing that cdc updates covid-19 guidelines for healthcare workers. The peer-reviewed study, conducted over 18 months, analyzed data from more than 10,000 participants. Lead author stated the results have important implications for public policy and future research. The methodology was independently verified by two external review boards before publication. Government agencies said they would consider the findings in upcoming regulatory reviews.",worldnews,2020-05-23
State department issues travel advisory for Southeast Asian region,"Researchers at a leading institution published findings Monday showing that state department issues travel advisory for southeast asian region. The peer-reviewed study, conducted over 18 months, analyzed data from more than 10,000 participants. Lead author stated the results have important implications for public policy and future research. The methodology was independently verified by two external review boards before publication. Government agencies said they would consider the findings in upcoming regulatory reviews.",left-news,2021-10-12
Federal budget deficit widens as spending outpaces revenue growth,"According to a report published Thursday, federal budget deficit widens as spending outpaces revenue growth. The findings were based on a comprehensive review of publicly available data and expert testimony. Committee members questioned agency officials for several hours before releasing the final report. Independent economists described the assessment as thorough and methodologically sound. The report will now be reviewed by the relevant oversight body before any formal policy action is taken.",Government News,2018-01-27
Agriculture Department releases annual crop yield forecast for winter,"The administration announced Tuesday that agriculture department releases annual crop yield forecast for winter. Officials cited data showing consistent trends in the relevant sectors over the past quarter. Congressional leaders from both parties acknowledged the significance of the development. The press secretary stated: ""This reflects our ongoing commitment to evidence-based policymaking."" International observers noted the decision aligns with broader global economic trends.",politics,2019-12-14
Federal budget deficit widens as spending outpaces revenue growth,"Researchers at a leading institution published findings Tuesday showing that federal budget deficit widens as spending outpaces revenue growth. The peer-reviewed study, conducted over 18 months, analyzed data from more than 10,000 participants. Lead author stated the results have important implications for public policy and future research. The methodology was independently verified by two external review boards before publication. Government agencies said they would consider the findings in upcoming regulatory reviews.",News,2020-02-17
Commerce Department reports rise in trade deficit for second quarter,"commerce department reports rise in trade deficit for second quarter, according to data released by the agency on Wednesday. The figures mark a notable change compared to the same period last year. Analysts attributed the shift to several macroeconomic factors including supply chain normalization. A senior official speaking on background said policymakers are closely monitoring the situation. Further details are expected to be released at a press briefing scheduled for later this week.",worldnews,2023-05-02
Climate summit reaches agreement on carbon emission reductions,"According to a report published Tuesday, climate summit reaches agreement on carbon emission reductions. The findings were based on a comprehensive review of publicly available data and expert testimony. Committee members questioned agency officials for several hours before releasing the final report. Independent economists described the assessment as thorough and methodologically sound. The report will now be reviewed by the relevant oversight body before any formal policy action is taken.",left-news,2018-08-19
G20 leaders agree on framework for global minimum corporate tax,"Researchers at a leading institution published findings Friday showing that g20 leaders agree on framework for global minimum corporate tax. The peer-reviewed study, conducted over 18 months, analyzed data from more than 10,000 participants. Lead author stated the results have important implications for public policy and future research. The methodology was independently verified by two external review boards before publication. Government agencies said they would consider the findings in upcoming regulatory reviews.",left-news,2016-06-23
Congress passes bipartisan infrastructure bill worth 1.2 trillion dollars,"Researchers at a leading institution published findings Monday showing that congress passes bipartisan infrastructure bill worth 1.2 trillion dollars. The peer-reviewed study, conducted over 18 months, analyzed data from more than 10,000 participants. Lead author stated the results have important implications for public policy and future research. The methodology was independently verified by two external review boards before publication. Government agencies said they would consider the findings in upcoming regulatory reviews.",worldnews,2022-08-11
SpaceX successfully lands booster for record fifteenth time,"In a statement released Tuesday, officials confirmed that spacex successfully lands booster for record fifteenth time. The decision follows months of negotiations and represents a significant policy shift. Experts said the move was expected given recent economic indicators and geopolitical developments. Spokesperson for the agency noted: ""We are committed to transparency and will continue to update the public."" The announcement was welcomed by industry leaders while some advocacy groups called for further review.",News,2020-03-15
Consumer confidence index rises for third consecutive month,"consumer confidence index rises for third consecutive month, according to data released by the agency on Monday. The figures mark a notable change compared to the same period last year. Analysts attributed the shift to several macroeconomic factors including supply chain normalization. A senior official speaking on background said policymakers are closely monitoring the situation. Further details are expected to be released at a press briefing scheduled for later this week.",left-news,2023-10-19
Federal Reserve chair says inflation showing signs of gradual easing,"The administration announced Thursday that federal reserve chair says inflation showing signs of gradual easing. Officials cited data showing consistent trends in the relevant sectors over the past quarter. Congressional leaders from both parties acknowledged the significance of the development. The press secretary stated: ""This reflects our ongoing commitment to evidence-based policymaking."" International observers noted the decision aligns with broader global economic trends.",left-news,2019-05-24
Congressional hearing examines social media impact on teen mental health,"According to a report published Wednesday, congressional hearing examines social media impact on teen mental health. The findings were based on a comprehensive review of publicly available data and expert testimony. Committee members questioned agency officials for several hours before releasing the final report. Independent economists described the assessment as thorough and methodologically sound. The report will now be reviewed by the relevant oversight body before any formal policy action is taken.",left-news,2022-05-02
Tech companies face antitrust scrutiny from regulators in EU and US,"According to a report published Monday, tech companies face antitrust scrutiny from regulators in eu and us. The findings were based on a comprehensive review of publicly available data and expert testimony. Committee members questioned agency officials for several hours before releasing the final report. Independent economists described the assessment as thorough and methodologically sound. The report will now be reviewed by the relevant oversight body before any formal policy action is taken.",left-news,2022-05-19
Unemployment rate falls to lowest level in two years,"According to a report published Monday, unemployment rate falls to lowest level in two years. The findings were based on a comprehensive review of publicly available data and expert testimony. Committee members questioned agency officials for several hours before releasing the final report. Independent economists described the assessment as thorough and methodologically sound. The report will now be reviewed by the relevant oversight body before any formal policy action is taken.",worldnews,2018-05-20
Federal Reserve chair says inflation showing signs of gradual easing,"According to a report published Tuesday, federal reserve chair says inflation showing signs of gradual easing. The findings were based on a comprehensive review of publicly available data and expert testimony. Committee members questioned agency officials for several hours before releasing the final report. Independent economists described the assessment as thorough and methodologically sound. The report will now be reviewed by the relevant oversight body before any formal policy action is taken.",politics,2018-03-22
SpaceX successfully lands booster for record fifteenth time,"In a statement released Monday, officials confirmed that spacex successfully lands booster for record fifteenth time. The decision follows months of negotiations and represents a significant policy shift. Experts said the move was expected given recent economic indicators and geopolitical developments. Spokesperson for the agency noted: ""We are committed to transparency and will continue to update the public."" The announcement was welcomed by industry leaders while some advocacy groups called for further review.",News,2018-06-15
Unemployment rate falls to lowest level in two years,"unemployment rate falls to lowest level in two years, according to data released by the agency on Thursday. The figures mark a notable change compared to the same period last year. Analysts attributed the shift to several macroeconomic factors including supply chain normalization. A senior official speaking on background said policymakers are closely monitoring the situation. Further details are expected to be released at a press briefing scheduled for later this week.",politicsNews,2018-04-06
New cancer screening program launches in several US states,"Researchers at a leading institution published findings Monday showing that new cancer screening program launches in several us states. The peer-reviewed study, conducted over 18 months, analyzed data from more than 10,000 participants. Lead author stated the results have important implications for public policy and future research. The methodology was independently verified by two external review boards before publication. Government agencies said they would consider the findings in upcoming regulatory reviews.",worldnews,2019-04-14
WHO warns of rising antibiotic resistance as global health threat,"who warns of rising antibiotic resistance as global health threat, according to data released by the agency on Tuesday. The figures mark a notable change compared to the same period last year. Analysts attributed the shift to several macroeconomic factors including supply chain normalization. A senior official speaking on background said policymakers are closely monitoring the situation. Further details are expected to be released at a press briefing scheduled for later this week.",Government News,2021-01-16
Supreme Court hears oral arguments in landmark free speech case,"Researchers at a leading institution published findings Monday showing that supreme court hears oral arguments in landmark free speech case. The peer-reviewed study, conducted over 18 months, analyzed data from more than 10,000 participants. Lead author stated the results have important implications for public policy and future research. The methodology was independently verified by two external review boards before publication. Government agencies said they would consider the findings in upcoming regulatory reviews.",left-news,2022-12-07
Treasury Department proposes new tax reform package for small businesses,"The administration announced Thursday that treasury department proposes new tax reform package for small businesses. Officials cited data showing consistent trends in the relevant sectors over the past quarter. Congressional leaders from both parties acknowledged the significance of the development. The press secretary stated: ""This reflects our ongoing commitment to evidence-based policymaking."" International observers noted the decision aligns with broader global economic trends.",Government News,2019-02-13
Stock markets decline as investors react to rising bond yields,"Researchers at a leading institution published findings Tuesday showing that stock markets decline as investors react to rising bond yields. The peer-reviewed study, conducted over 18 months, analyzed data from more than 10,000 participants. Lead author stated the results have important implications for public policy and future research. The methodology was independently verified by two external review boards before publication. Government agencies said they would consider the findings in upcoming regulatory reviews.",left-news,2021-05-27
Justice Department files antitrust suit against major technology firm,"The administration announced Friday that justice department files antitrust suit against major technology firm. Officials cited data showing consistent trends in the relevant sectors over the past quarter. Congressional leaders from both parties acknowledged the significance of the development. The press secretary stated: ""This reflects our ongoing commitment to evidence-based policymaking."" International observers noted the decision aligns with broader global economic trends.",left-news,2017-06-16
Labor Department reports strong job gains across manufacturing sector,"According to a report published Monday, labor department reports strong job gains across manufacturing sector. The findings were based on a comprehensive review of publicly available data and expert testimony. Committee members questioned agency officials for several hours before releasing the final report. Independent economists described the assessment as thorough and methodologically sound. The report will now be reviewed by the relevant oversight body before any formal policy action is taken.",worldnews,2018-04-12
Congressional hearing examines social media impact on teen mental health,"Researchers at a leading institution published findings Friday showing that congressional hearing examines social media impact on teen mental health. The peer-reviewed study, conducted over 18 months, analyzed data from more than 10,000 participants. Lead author stated the results have important implications for public policy and future research. The methodology was independently verified by two external review boards before publication. Government agencies said they would consider the findings in upcoming regulatory reviews.",politicsNews,2022-02-21
Tech companies face antitrust scrutiny from regulators in EU and US,"tech companies face antitrust scrutiny from regulators in eu and us, according to data released by the agency on Thursday. The figures mark a notable change compared to the same period last year. Analysts attributed the shift to several macroeconomic factors including supply chain normalization. A senior official speaking on background said policymakers are closely monitoring the situation. Further details are expected to be released at a press briefing scheduled for later this week.",worldnews,2016-04-10
NATO allies agree to increase defense spending commitments,"In a statement released Wednesday, officials confirmed that nato allies agree to increase defense spending commitments. The decision follows months of negotiations and represents a significant policy shift. Experts said the move was expected given recent economic indicators and geopolitical developments. Spokesperson for the agency noted: ""We are committed to transparency and will continue to update the public."" The announcement was welcomed by industry leaders while some advocacy groups called for further review.",left-news,2018-07-05
Oil prices fall after OPEC announces production increase,"Researchers at a leading institution published findings Thursday showing that oil prices fall after opec announces production increase. The peer-reviewed study, conducted over 18 months, analyzed data from more than 10,000 participants. Lead author stated the results have important implications for public policy and future research. The methodology was independently verified by two external review boards before publication. Government agencies said they would consider the findings in upcoming regulatory reviews.",Government News,2023-01-09
Researchers publish findings on sleep deprivation and cognitive decline,"researchers publish findings on sleep deprivation and cognitive decline, according to data released by the agency on Tuesday. The figures mark a notable change compared to the same period last year. Analysts attributed the shift to several macroeconomic factors including supply chain normalization. A senior official speaking on background said policymakers are closely monitoring the situation. Further details are expected to be released at a press briefing scheduled for later this week.",left-news,2017-08-26
WHO warns of rising antibiotic resistance as global health threat,"Researchers at a leading institution published findings Monday showing that who warns of rising antibiotic resistance as global health threat. The peer-reviewed study, conducted over 18 months, analyzed data from more than 10,000 participants. Lead author stated the results have important implications for public policy and future research. The methodology was independently verified by two external review boards before publication. Government agencies said they would consider the findings in upcoming regulatory reviews.",Government News,2022-01-06
G20 leaders agree on framework for global minimum corporate tax,"g20 leaders agree on framework for global minimum corporate tax, according to data released by the agency on Friday. The figures mark a notable change compared to the same period last year. Analysts attributed the shift to several macroeconomic factors including supply chain normalization. A senior official speaking on background said policymakers are closely monitoring the situation. Further details are expected to be released at a press briefing scheduled for later this week.",politics,2022-11-15
Federal Reserve raises interest rates by 25 basis points amid inflation concerns,"The administration announced Thursday that federal reserve raises interest rates by 25 basis points amid inflation concerns. Officials cited data showing consistent trends in the relevant sectors over the past quarter. Congressional leaders from both parties acknowledged the significance of the development. The press secretary stated: ""This reflects our ongoing commitment to evidence-based policymaking."" International observers noted the decision aligns with broader global economic trends.",left-news,2016-05-14
International Monetary Fund revises global growth forecast downward,"In a statement released Friday, officials confirmed that international monetary fund revises global growth forecast downward. The decision follows months of negotiations and represents a significant policy shift. Experts said the move was expected given recent economic indicators and geopolitical developments. Spokesperson for the agency noted: ""We are committed to transparency and will continue to update the public."" The announcement was welcomed by industry leaders while some advocacy groups called for further review.",left-news,2021-08-23
SpaceX successfully lands booster for record fifteenth time,"According to a report published Wednesday, spacex successfully lands booster for record fifteenth time. The findings were based on a comprehensive review of publicly available data and expert testimony. Committee members questioned agency officials for several hours before releasing the final report. Independent economists described the assessment as thorough and methodologically sound. The report will now be reviewed by the relevant oversight body before any formal policy action is taken.",politicsNews,2018-07-18
Secretary of State holds bilateral talks with foreign minister in capital,"The administration announced Monday that secretary of state holds bilateral talks with foreign minister in capital. Officials cited data showing consistent trends in the relevant sectors over the past quarter. Congressional leaders from both parties acknowledged the significance of the development. The press secretary stated: ""This reflects our ongoing commitment to evidence-based policymaking."" International observers noted the decision aligns with broader global economic trends.",worldnews,2016-06-23
Agriculture Department releases annual crop yield forecast for winter,"Researchers at a leading institution published findings Tuesday showing that agriculture department releases annual crop yield forecast for winter. The peer-reviewed study, conducted over 18 months, analyzed data from more than 10,000 participants. Lead author stated the results have important implications for public policy and future research. The methodology was independently verified by two external review boards before publication. Government agencies said they would consider the findings in upcoming regulatory reviews.",politics,2023-07-02
University study links ultra-processed foods to higher mortality risk,"Researchers at a leading institution published findings Monday showing that university study links ultra-processed foods to higher mortality risk. The peer-reviewed study, conducted over 18 months, analyzed data from more than 10,000 participants. Lead author stated the results have important implications for public policy and future research. The methodology was independently verified by two external review boards before publication. Government agencies said they would consider the findings in upcoming regulatory reviews.",politicsNews,2023-08-12
Apple reports record quarterly earnings driven by iPhone sales,"According to a report published Wednesday, apple reports record quarterly earnings driven by iphone sales. The findings were based on a comprehensive review of publicly available data and expert testimony. Committee members questioned agency officials for several hours before releasing the final report. Independent economists described the assessment as thorough and methodologically sound. The report will now be reviewed by the relevant oversight body before any formal policy action is taken.",News,2022-06-22
Oil prices fall after OPEC announces production increase,"In a statement released Friday, officials confirmed that oil prices fall after opec announces production increase. The decision follows months of negotiations and represents a significant policy shift. Experts said the move was expected given recent economic indicators and geopolitical developments. Spokesperson for the agency noted: ""We are committed to transparency and will continue to update the public."" The announcement was welcomed by industry leaders while some advocacy groups called for further review.",News,2018-05-12
Researchers publish findings on sleep deprivation and cognitive decline,"In a statement released Thursday, officials confirmed that researchers publish findings on sleep deprivation and cognitive decline. The decision follows months of negotiations and represents a significant policy shift. Experts said the move was expected given recent economic indicators and geopolitical developments. Spokesperson for the agency noted: ""We are committed to transparency and will continue to update the public."" The announcement was welcomed by industry leaders while some advocacy groups called for further review.",News,2020-11-02
Central bank governor testifies before Senate banking committee,"In a statement released Wednesday, officials confirmed that central bank governor testifies before senate banking committee. The decision follows months of negotiations and represents a significant policy shift. Experts said the move was expected given recent economic indicators and geopolitical developments. Spokesperson for the agency noted: ""We are committed to transparency and will continue to update the public."" The announcement was welcomed by industry leaders while some advocacy groups called for further review.",Government News,2016-09-24
Unemployment rate falls to lowest level in two years,"unemployment rate falls to lowest level in two years, according to data released by the agency on Tuesday. The figures mark a notable change compared to the same period last year. Analysts attributed the shift to several macroeconomic factors including supply chain normalization. A senior official speaking on background said policymakers are closely monitoring the situation. Further details are expected to be released at a press briefing scheduled for later this week.",politicsNews,2017-03-24
Pentagon releases annual defense budget request to Congress,"The administration announced Thursday that pentagon releases annual defense budget request to congress. Officials cited data showing consistent trends in the relevant sectors over the past quarter. Congressional leaders from both parties acknowledged the significance of the development. The press secretary stated: ""This reflects our ongoing commitment to evidence-based policymaking."" International observers noted the decision aligns with broader global economic trends.",News,2021-08-23
Environmental Protection Agency announces new clean air standards,"environmental protection agency announces new clean air standards, according to data released by the agency on Friday. The figures mark a notable change compared to the same period last year. Analysts attributed the shift to several macroeconomic factors including supply chain normalization. A senior official speaking on background said policymakers are closely monitoring the situation. Further details are expected to be released at a press briefing scheduled for later this week.",politics,2023-01-03
G20 leaders agree on framework for global minimum corporate tax,"Researchers at a leading institution published findings Monday showing that g20 leaders agree on framework for global minimum corporate tax. The peer-reviewed study, conducted over 18 months, analyzed data from more than 10,000 participants. Lead author stated the results have important implications for public policy and future research. The methodology was independently verified by two external review boards before publication. Government agencies said they would consider the findings in upcoming regulatory reviews.",worldnews,2017-07-17
Presidential press secretary addresses reporters on foreign policy,"In a statement released Wednesday, officials confirmed that presidential press secretary addresses reporters on foreign policy. The decision follows months of negotiations and represents a significant policy shift. Experts said the move was expected given recent economic indicators and geopolitical developments. Spokesperson for the agency noted: ""We are committed to transparency and will continue to update the public."" The announcement was welcomed by industry leaders while some advocacy groups called for further review.",Government News,2020-07-13
Scientists achieve breakthrough in Alzheimer's disease treatment in new study,"scientists achieve breakthrough in alzheimer's disease treatment in new study, according to data released by the agency on Wednesday. The figures mark a notable change compared to the same period last year. Analysts attributed the shift to several macroeconomic factors including supply chain normalization. A senior official speaking on background said policymakers are closely monitoring the situation. Further details are expected to be released at a press briefing scheduled for later this week.",Government News,2017-07-04
CDC updates COVID-19 guidelines for healthcare workers,"According to a report published Wednesday, cdc updates covid-19 guidelines for healthcare workers. The findings were based on a comprehensive review of publicly available data and expert testimony. Committee members questioned agency officials for several hours before releasing the final report. Independent economists described the assessment as thorough and methodologically sound. The report will now be reviewed by the relevant oversight body before any formal policy action is taken.",News,2019-12-26
Apple reports record quarterly earnings driven by iPhone sales,"Researchers at a leading institution published findings Friday showing that apple reports record quarterly earnings driven by iphone sales. The peer-reviewed study, conducted over 18 months, analyzed data from more than 10,000 participants. Lead author stated the results have important implications for public policy and future research. The methodology was independently verified by two external review boards before publication. Government agencies said they would consider the findings in upcoming regulatory reviews.",left-news,2019-07-09
National Institutes of Health announces increased funding for cancer research,"national institutes of health announces increased funding for cancer research, according to data released by the agency on Wednesday. The figures mark a notable change compared to the same period last year. Analysts attributed the shift to several macroeconomic factors including supply chain normalization. A senior official speaking on background said policymakers are closely monitoring the situation. Further details are expected to be released at a press briefing scheduled for later this week.",politics,2016-10-13
European Central Bank signals potential interest rate cut next quarter,"Researchers at a leading institution published findings Wednesday showing that european central bank signals potential interest rate cut next quarter. The peer-reviewed study, conducted over 18 months, analyzed data from more than 10,000 participants. Lead author stated the results have important implications for public policy and future research. The methodology was independently verified by two external review boards before publication. Government agencies said they would consider the findings in upcoming regulatory reviews.",politicsNews,2022-04-01
Researchers publish findings on sleep deprivation and cognitive decline,"researchers publish findings on sleep deprivation and cognitive decline, according to data released by the agency on Wednesday. The figures mark a notable change compared to the same period last year. Analysts attributed the shift to several macroeconomic factors including supply chain normalization. A senior official speaking on background said policymakers are closely monitoring the situation. Further details are expected to be released at a press briefing scheduled for later this week.",News,2023-10-26
Transportation Secretary unveils plan to modernize air traffic control,"Researchers at a leading institution published findings Monday showing that transportation secretary unveils plan to modernize air traffic control. The peer-reviewed study, conducted over 18 months, analyzed data from more than 10,000 participants. Lead author stated the results have important implications for public policy and future research. The methodology was independently verified by two external review boards before publication. Government agencies said they would consider the findings in upcoming regulatory reviews.",worldnews,2019-01-23
G20 leaders agree on framework for global minimum corporate tax,"g20 leaders agree on framework for global minimum corporate tax, according to data released by the agency on Monday. The figures mark a notable change compared to the same period last year. Analysts attributed the shift to several macroeconomic factors including supply chain normalization. A senior official speaking on background said policymakers are closely monitoring the situation. Further details are expected to be released at a press briefing scheduled for later this week.",politics,2020-12-23
Central bank governor testifies before Senate banking committee,"The administration announced Friday that central bank governor testifies before senate banking committee. Officials cited data showing consistent trends in the relevant sectors over the past quarter. Congressional leaders from both parties acknowledged the significance of the development. The press secretary stated: ""This reflects our ongoing commitment to evidence-based policymaking."" International observers noted the decision aligns with broader global economic trends.",left-news,2021-09-13
Treasury Department proposes new tax reform package for small businesses,"According to a report published Monday, treasury department proposes new tax reform package for small businesses. The findings were based on a comprehensive review of publicly available data and expert testimony. Committee members questioned agency officials for several hours before releasing the final report. Independent economists described the assessment as thorough and methodologically sound. The report will now be reviewed by the relevant oversight body before any formal policy action is taken.",News,2021-06-12
State department issues travel advisory for Southeast Asian region,"state department issues travel advisory for southeast asian region, according to data released by the agency on Thursday. The figures mark a notable change compared to the same period last year. Analysts attributed the shift to several macroeconomic factors including supply chain normalization. A senior official speaking on background said policymakers are closely monitoring the situation. Further details are expected to be released at a press briefing scheduled for later this week.",Government News,2023-04-18
Federal Reserve chair says inflation showing signs of gradual easing,"federal reserve chair says inflation showing signs of gradual easing, according to data released by the agency on Thursday. The figures mark a notable change compared to the same period last year. Analysts attributed the shift to several macroeconomic factors including supply chain normalization. A senior official speaking on background said policymakers are closely monitoring the situation. Further details are expected to be released at a press briefing scheduled for later this week.",News,2022-01-22
House passes bipartisan legislation on prescription drug pricing reform,"In a statement released Thursday, officials confirmed that house passes bipartisan legislation on prescription drug pricing reform. The decision follows months of negotiations and represents a significant policy shift. Experts said the move was expected given recent economic indicators and geopolitical developments. Spokesperson for the agency noted: ""We are committed to transparency and will continue to update the public."" The announcement was welcomed by industry leaders while some advocacy groups called for further review.",politics,2021-02-07
National Institutes of Health announces increased funding for cancer research,"According to a report published Wednesday, national institutes of health announces increased funding for cancer research. The findings were based on a comprehensive review of publicly available data and expert testimony. Committee members questioned agency officials for several hours before releasing the final report. Independent economists described the assessment as thorough and methodologically sound. The report will now be reviewed by the relevant oversight body before any formal policy action is taken.",News,2020-06-15
Justice Department files antitrust suit against major technology firm,"The administration announced Monday that justice department files antitrust suit against major technology firm. Officials cited data showing consistent trends in the relevant sectors over the past quarter. Congressional leaders from both parties acknowledged the significance of the development. The press secretary stated: ""This reflects our ongoing commitment to evidence-based policymaking."" International observers noted the decision aligns with broader global economic trends.",worldnews,2018-10-12
House passes bipartisan legislation on prescription drug pricing reform,"The administration announced Thursday that house passes bipartisan legislation on prescription drug pricing reform. Officials cited data showing consistent trends in the relevant sectors over the past quarter. Congressional leaders from both parties acknowledged the significance of the development. The press secretary stated: ""This reflects our ongoing commitment to evidence-based policymaking."" International observers noted the decision aligns with broader global economic trends.",politicsNews,2020-09-24
Federal court rules against merger of two major airline carriers,"federal court rules against merger of two major airline carriers, according to data released by the agency on Thursday. The figures mark a notable change compared to the same period last year. Analysts attributed the shift to several macroeconomic factors including supply chain normalization. A senior official speaking on background said policymakers are closely monitoring the situation. Further details are expected to be released at a press briefing scheduled for later this week.",politics,2018-07-20
Climate summit reaches agreement on carbon emission reductions,"In a statement released Thursday, officials confirmed that climate summit reaches agreement on carbon emission reductions. The decision follows months of negotiations and represents a significant policy shift. Experts said the move was expected given recent economic indicators and geopolitical developments. Spokesperson for the agency noted: ""We are committed to transparency and will continue to update the public."" The announcement was welcomed by industry leaders while some advocacy groups called for further review.",worldnews,2019-02-19
Oil prices fall after OPEC announces production increase,"oil prices fall after opec announces production increase, according to data released by the agency on Tuesday. The figures mark a notable change compared to the same period last year. Analysts attributed the shift to several macroeconomic factors including supply chain normalization. A senior official speaking on background said policymakers are closely monitoring the situation. Further details are expected to be released at a press briefing scheduled for later this week.",Government News,2022-09-14
Federal budget deficit widens as spending outpaces revenue growth,"federal budget deficit widens as spending outpaces revenue growth, according to data released by the agency on Thursday. The figures mark a notable change compared to the same period last year. Analysts attributed the shift to several macroeconomic factors including supply chain normalization. A senior official speaking on background said policymakers are closely monitoring the situation. Further details are expected to be released at a press briefing scheduled for later this week.",politics,2020-06-25
Congressional hearing examines social media impact on teen mental health,"In a statement released Wednesday, officials confirmed that congressional hearing examines social media impact on teen mental health. The decision follows months of negotiations and represents a significant policy shift. Experts said the move was expected given recent economic indicators and geopolitical developments. Spokesperson for the agency noted: ""We are committed to transparency and will continue to update the public."" The announcement was welcomed by industry leaders while some advocacy groups called for further review.",politics,2022-04-28
Unemployment rate falls to lowest level in two years,"The administration announced Thursday that unemployment rate falls to lowest level in two years. Officials cited data showing consistent trends in the relevant sectors over the past quarter. Congressional leaders from both parties acknowledged the significance of the development. The press secretary stated: ""This reflects our ongoing commitment to evidence-based policymaking."" International observers noted the decision aligns with broader global economic trends.",News,2023-03-28
European Central Bank signals potential interest rate cut next quarter,"The administration announced Wednesday that european central bank signals potential interest rate cut next quarter. Officials cited data showing consistent trends in the relevant sectors over the past quarter. Congressional leaders from both parties acknowledged the significance of the development. The press secretary stated: ""This reflects our ongoing commitment to evidence-based policymaking."" International observers noted the decision aligns with broader global economic trends.",politicsNews,2021-08-21
European Central Bank signals potential interest rate cut next quarter,"In a statement released Thursday, officials confirmed that european central bank signals potential interest rate cut next quarter. The decision follows months of negotiations and represents a significant policy shift. Experts said the move was expected given recent economic indicators and geopolitical developments. Spokesperson for the agency noted: ""We are committed to transparency and will continue to update the public."" The announcement was welcomed by industry leaders while some advocacy groups called for further review.",politics,2022-07-14
CDC updates COVID-19 guidelines for healthcare workers,"In a statement released Friday, officials confirmed that cdc updates covid-19 guidelines for healthcare workers. The decision follows months of negotiations and represents a significant policy shift. Experts said the move was expected given recent economic indicators and geopolitical developments. Spokesperson for the agency noted: ""We are committed to transparency and will continue to update the public."" The announcement was welcomed by industry leaders while some advocacy groups called for further review.",worldnews,2018-10-20
National Science Foundation awards grants for quantum computing research,"In a statement released Friday, officials confirmed that national science foundation awards grants for quantum computing research. The decision follows months of negotiations and represents a significant policy shift. Experts said the move was expected given recent economic indicators and geopolitical developments. Spokesperson for the agency noted: ""We are committed to transparency and will continue to update the public."" The announcement was welcomed by industry leaders while some advocacy groups called for further review.",politics,2022-01-11
Environmental Protection Agency announces new clean air standards,"environmental protection agency announces new clean air standards, according to data released by the agency on Tuesday. The figures mark a notable change compared to the same period last year. Analysts attributed the shift to several macroeconomic factors including supply chain normalization. A senior official speaking on background said policymakers are closely monitoring the situation. Further details are expected to be released at a press briefing scheduled for later this week.",politics,2023-11-03
Congressional hearing examines social media impact on teen mental health,"In a statement released Friday, officials confirmed that congressional hearing examines social media impact on teen mental health. The decision follows months of negotiations and represents a significant policy shift. Experts said the move was expected given recent economic indicators and geopolitical developments. Spokesperson for the agency noted: ""We are committed to transparency and will continue to update the public."" The announcement was welcomed by industry leaders while some advocacy groups called for further review.",Government News,2022-09-17
CDC updates COVID-19 guidelines for healthcare workers,"cdc updates covid-19 guidelines for healthcare workers, according to data released by the agency on Thursday. The figures mark a notable change compared to the same period last year. Analysts attributed the shift to several macroeconomic factors including supply chain normalization. A senior official speaking on background said policymakers are closely monitoring the situation. Further details are expected to be released at a press briefing scheduled for later this week.",News,2019-03-16
Science journal publishes breakthrough research on gene editing safety,"science journal publishes breakthrough research on gene editing safety, according to data released by the agency on Wednesday. The figures mark a notable change compared to the same period last year. Analysts attributed the shift to several macroeconomic factors including supply chain normalization. A senior official speaking on background said policymakers are closely monitoring the situation. Further details are expected to be released at a press briefing scheduled for later this week.",worldnews,2020-02-01
Senate confirms new ambassador to key ally in diplomatic shift,"According to a report published Thursday, senate confirms new ambassador to key ally in diplomatic shift. The findings were based on a comprehensive review of publicly available data and expert testimony. Committee members questioned agency officials for several hours before releasing the final report. Independent economists described the assessment as thorough and methodologically sound. The report will now be reviewed by the relevant oversight body before any formal policy action is taken.",left-news,2019-11-20
State department issues travel advisory for Southeast Asian region,"state department issues travel advisory for southeast asian region, according to data released by the agency on Tuesday. The figures mark a notable change compared to the same period last year. Analysts attributed the shift to several macroeconomic factors including supply chain normalization. A senior official speaking on background said policymakers are closely monitoring the situation. Further details are expected to be released at a press briefing scheduled for later this week.",left-news,2017-10-27
SpaceX successfully lands booster for record fifteenth time,"spacex successfully lands booster for record fifteenth time, according to data released by the agency on Tuesday. The figures mark a notable change compared to the same period last year. Analysts attributed the shift to several macroeconomic factors including supply chain normalization. A senior official speaking on background said policymakers are closely monitoring the situation. Further details are expected to be released at a press briefing scheduled for later this week.",left-news,2017-01-24
United Nations calls for ceasefire as conflict in region intensifies,"The administration announced Friday that united nations calls for ceasefire as conflict in region intensifies. Officials cited data showing consistent trends in the relevant sectors over the past quarter. Congressional leaders from both parties acknowledged the significance of the development. The press secretary stated: ""This reflects our ongoing commitment to evidence-based policymaking."" International observers noted the decision aligns with broader global economic trends.",left-news,2022-02-26
Researchers publish findings on sleep deprivation and cognitive decline,"Researchers at a leading institution published findings Friday showing that researchers publish findings on sleep deprivation and cognitive decline. The peer-reviewed study, conducted over 18 months, analyzed data from more than 10,000 participants. Lead author stated the results have important implications for public policy and future research. The methodology was independently verified by two external review boards before publication. Government agencies said they would consider the findings in upcoming regulatory reviews.",politicsNews,2016-08-16
Presidential press secretary addresses reporters on foreign policy,"In a statement released Wednesday, officials confirmed that presidential press secretary addresses reporters on foreign policy. The decision follows months of negotiations and represents a significant policy shift. Experts said the move was expected given recent economic indicators and geopolitical developments. Spokesperson for the agency noted: ""We are committed to transparency and will continue to update the public."" The announcement was welcomed by industry leaders while some advocacy groups called for further review.",left-news,2016-06-13
Science journal publishes breakthrough research on gene editing safety,"According to a report published Thursday, science journal publishes breakthrough research on gene editing safety. The findings were based on a comprehensive review of publicly available data and expert testimony. Committee members questioned agency officials for several hours before releasing the final report. Independent economists described the assessment as thorough and methodologically sound. The report will now be reviewed by the relevant oversight body before any formal policy action is taken.",left-news,2017-02-05
International Monetary Fund revises global growth forecast downward,"According to a report published Monday, international monetary fund revises global growth forecast downward. The findings were based on a comprehensive review of publicly available data and expert testimony. Committee members questioned agency officials for several hours before releasing the final report. Independent economists described the assessment as thorough and methodologically sound. The report will now be reviewed by the relevant oversight body before any formal policy action is taken.",Government News,2018-06-14
Labor Department reports strong job gains across manufacturing sector,"Researchers at a leading institution published findings Tuesday showing that labor department reports strong job gains across manufacturing sector. The peer-reviewed study, conducted over 18 months, analyzed data from more than 10,000 participants. Lead author stated the results have important implications for public policy and future research. The methodology was independently verified by two external review boards before publication. Government agencies said they would consider the findings in upcoming regulatory reviews.",worldnews,2023-04-09
Congress passes bipartisan infrastructure bill worth 1.2 trillion dollars,"Researchers at a leading institution published findings Monday showing that congress passes bipartisan infrastructure bill worth 1.2 trillion dollars. The peer-reviewed study, conducted over 18 months, analyzed data from more than 10,000 participants. Lead author stated the results have important implications for public policy and future research. The methodology was independently verified by two external review boards before publication. Government agencies said they would consider the findings in upcoming regulatory reviews.",left-news,2023-04-25
International Monetary Fund revises global growth forecast downward,"Researchers at a leading institution published findings Wednesday showing that international monetary fund revises global growth forecast downward. The peer-reviewed study, conducted over 18 months, analyzed data from more than 10,000 participants. Lead author stated the results have important implications for public policy and future research. The methodology was independently verified by two external review boards before publication. Government agencies said they would consider the findings in upcoming regulatory reviews.",Government News,2023-06-26
State department issues travel advisory for Southeast Asian region,"Researchers at a leading institution published findings Friday showing that state department issues travel advisory for southeast asian region. The peer-reviewed study, conducted over 18 months, analyzed data from more than 10,000 participants. Lead author stated the results have important implications for public policy and future research. The methodology was independently verified by two external review boards before publication. Government agencies said they would consider the findings in upcoming regulatory reviews.",News,2016-03-05
Defense Secretary meets with allies to discuss regional security threats,"Researchers at a leading institution published findings Monday showing that defense secretary meets with allies to discuss regional security threats. The peer-reviewed study, conducted over 18 months, analyzed data from more than 10,000 participants. Lead author stated the results have important implications for public policy and future research. The methodology was independently verified by two external review boards before publication. Government agencies said they would consider the findings in upcoming regulatory reviews.",worldnews,2021-10-12
Science journal publishes breakthrough research on gene editing safety,"Researchers at a leading institution published findings Wednesday showing that science journal publishes breakthrough research on gene editing safety. The peer-reviewed study, conducted over 18 months, analyzed data from more than 10,000 participants. Lead author stated the results have important implications for public policy and future research. The methodology was independently verified by two external review boards before publication. Government agencies said they would consider the findings in upcoming regulatory reviews.",Government News,2018-10-21
New cancer screening program launches in several US states,"The administration announced Thursday that new cancer screening program launches in several us states. Officials cited data showing consistent trends in the relevant sectors over the past quarter. Congressional leaders from both parties acknowledged the significance of the development. The press secretary stated: ""This reflects our ongoing commitment to evidence-based policymaking."" International observers noted the decision aligns with broader global economic trends.",Government News,2020-03-24
Federal Reserve chair says inflation showing signs of gradual easing,"federal reserve chair says inflation showing signs of gradual easing, according to data released by the agency on Tuesday. The figures mark a notable change compared to the same period last year. Analysts attributed the shift to several macroeconomic factors including supply chain normalization. A senior official speaking on background said policymakers are closely monitoring the situation. Further details are expected to be released at a press briefing scheduled for later this week.",politics,2020-07-09
Transportation Secretary unveils plan to modernize air traffic control,"transportation secretary unveils plan to modernize air traffic control, according to data released by the agency on Monday. The figures mark a notable change compared to the same period last year. Analysts attributed the shift to several macroeconomic factors including supply chain normalization. A senior official speaking on background said policymakers are closely monitoring the situation. Further details are expected to be released at a press briefing scheduled for later this week.",worldnews,2020-03-19
Federal Reserve raises interest rates by 25 basis points amid inflation concerns,"Researchers at a leading institution published findings Wednesday showing that federal reserve raises interest rates by 25 basis points amid inflation concerns. The peer-reviewed study, conducted over 18 months, analyzed data from more than 10,000 participants. Lead author stated the results have important implications for public policy and future research. The methodology was independently verified by two external review boards before publication. Government agencies said they would consider the findings in upcoming regulatory reviews.",Government News,2022-08-20
Supreme Court hears oral arguments in landmark free speech case,"Researchers at a leading institution published findings Tuesday showing that supreme court hears oral arguments in landmark free speech case. The peer-reviewed study, conducted over 18 months, analyzed data from more than 10,000 participants. Lead author stated the results have important implications for public policy and future research. The methodology was independently verified by two external review boards before publication. Government agencies said they would consider the findings in upcoming regulatory reviews.",politics,2021-09-12
World Bank approves emergency loans to three developing nations,"The administration announced Tuesday that world bank approves emergency loans to three developing nations. Officials cited data showing consistent trends in the relevant sectors over the past quarter. Congressional leaders from both parties acknowledged the significance of the development. The press secretary stated: ""This reflects our ongoing commitment to evidence-based policymaking."" International observers noted the decision aligns with broader global economic trends.",politics,2023-03-16
World Bank approves emergency loans to three developing nations,"In a statement released Monday, officials confirmed that world bank approves emergency loans to three developing nations. The decision follows months of negotiations and represents a significant policy shift. Experts said the move was expected given recent economic indicators and geopolitical developments. Spokesperson for the agency noted: ""We are committed to transparency and will continue to update the public."" The announcement was welcomed by industry leaders while some advocacy groups called for further review.",News,2019-05-07
Tech companies face antitrust scrutiny from regulators in EU and US,"tech companies face antitrust scrutiny from regulators in eu and us, according to data released by the agency on Wednesday. The figures mark a notable change compared to the same period last year. Analysts attributed the shift to several macroeconomic factors including supply chain normalization. A senior official speaking on background said policymakers are closely monitoring the situation. Further details are expected to be released at a press briefing scheduled for later this week.",politics,2017-11-07
Federal budget deficit widens as spending outpaces revenue growth,"The administration announced Thursday that federal budget deficit widens as spending outpaces revenue growth. Officials cited data showing consistent trends in the relevant sectors over the past quarter. Congressional leaders from both parties acknowledged the significance of the development. The press secretary stated: ""This reflects our ongoing commitment to evidence-based policymaking."" International observers noted the decision aligns with broader global economic trends.",politics,2016-12-28
Defense Secretary meets with allies to discuss regional security threats,"defense secretary meets with allies to discuss regional security threats, according to data released by the agency on Tuesday. The figures mark a notable change compared to the same period last year. Analysts attributed the shift to several macroeconomic factors including supply chain normalization. A senior official speaking on background said policymakers are closely monitoring the situation. Further details are expected to be released at a press briefing scheduled for later this week.",News,2016-07-21
Congress passes bipartisan infrastructure bill worth 1.2 trillion dollars,"Researchers at a leading institution published findings Friday showing that congress passes bipartisan infrastructure bill worth 1.2 trillion dollars. The peer-reviewed study, conducted over 18 months, analyzed data from more than 10,000 participants. Lead author stated the results have important implications for public policy and future research. The methodology was independently verified by two external review boards before publication. Government agencies said they would consider the findings in upcoming regulatory reviews.",politicsNews,2020-09-18
National Institutes of Health announces increased funding for cancer research,"According to a report published Monday, national institutes of health announces increased funding for cancer research. The findings were based on a comprehensive review of publicly available data and expert testimony. Committee members questioned agency officials for several hours before releasing the final report. Independent economists described the assessment as thorough and methodologically sound. The report will now be reviewed by the relevant oversight body before any formal policy action is taken.",politicsNews,2023-10-17
Global food prices rise as drought affects major agricultural regions,"global food prices rise as drought affects major agricultural regions, according to data released by the agency on Wednesday. The figures mark a notable change compared to the same period last year. Analysts attributed the shift to several macroeconomic factors including supply chain normalization. A senior official speaking on background said policymakers are closely monitoring the situation. Further details are expected to be released at a press briefing scheduled for later this week.",Government News,2018-12-21
Global food prices rise as drought affects major agricultural regions,"global food prices rise as drought affects major agricultural regions, according to data released by the agency on Thursday. The figures mark a notable change compared to the same period last year. Analysts attributed the shift to several macroeconomic factors including supply chain normalization. A senior official speaking on background said policymakers are closely monitoring the situation. Further details are expected to be released at a press briefing scheduled for later this week.",worldnews,2016-10-09
Health officials report significant decline in childhood obesity rates,"Researchers at a leading institution published findings Monday showing that health officials report significant decline in childhood obesity rates. The peer-reviewed study, conducted over 18 months, analyzed data from more than 10,000 participants. Lead author stated the results have important implications for public policy and future research. The methodology was independently verified by two external review boards before publication. Government agencies said they would consider the findings in upcoming regulatory reviews.",Government News,2019-12-27
NASA successfully launches Artemis mission to lunar orbit,"nasa successfully launches artemis mission to lunar orbit, according to data released by the agency on Friday. The figures mark a notable change compared to the same period last year. Analysts attributed the shift to several macroeconomic factors including supply chain normalization. A senior official speaking on background said policymakers are closely monitoring the situation. Further details are expected to be released at a press briefing scheduled for later this week.",News,2016-04-08
Global food prices rise as drought affects major agricultural regions,"According to a report published Friday, global food prices rise as drought affects major agricultural regions. The findings were based on a comprehensive review of publicly available data and expert testimony. Committee members questioned agency officials for several hours before releasing the final report. Independent economists described the assessment as thorough and methodologically sound. The report will now be reviewed by the relevant oversight body before any formal policy action is taken.",left-news,2023-02-18
Apple reports record quarterly earnings driven by iPhone sales,"Researchers at a leading institution published findings Monday showing that apple reports record quarterly earnings driven by iphone sales. The peer-reviewed study, conducted over 18 months, analyzed data from more than 10,000 participants. Lead author stated the results have important implications for public policy and future research. The methodology was independently verified by two external review boards before publication. Government agencies said they would consider the findings in upcoming regulatory reviews.",worldnews,2023-02-15
WHO warns of rising antibiotic resistance as global health threat,"The administration announced Tuesday that who warns of rising antibiotic resistance as global health threat. Officials cited data showing consistent trends in the relevant sectors over the past quarter. Congressional leaders from both parties acknowledged the significance of the development. The press secretary stated: ""This reflects our ongoing commitment to evidence-based policymaking."" International observers noted the decision aligns with broader global economic trends.",politicsNews,2019-10-16
New cancer screening program launches in several US states,"According to a report published Monday, new cancer screening program launches in several us states. The findings were based on a comprehensive review of publicly available data and expert testimony. Committee members questioned agency officials for several hours before releasing the final report. Independent economists described the assessment as thorough and methodologically sound. The report will now be reviewed by the relevant oversight body before any formal policy action is taken.",politics,2022-02-24
State department issues travel advisory for Southeast Asian region,"state department issues travel advisory for southeast asian region, according to data released by the agency on Friday. The figures mark a notable change compared to the same period last year. Analysts attributed the shift to several macroeconomic factors including supply chain normalization. A senior official speaking on background said policymakers are closely monitoring the situation. Further details are expected to be released at a press briefing scheduled for later this week.",Government News,2023-01-09
Secretary of State holds bilateral talks with foreign minister in capital,"The administration announced Friday that secretary of state holds bilateral talks with foreign minister in capital. Officials cited data showing consistent trends in the relevant sectors over the past quarter. Congressional leaders from both parties acknowledged the significance of the development. The press secretary stated: ""This reflects our ongoing commitment to evidence-based policymaking."" International observers noted the decision aligns with broader global economic trends.",News,2023-11-06
SpaceX successfully lands booster for record fifteenth time,"According to a report published Thursday, spacex successfully lands booster for record fifteenth time. The findings were based on a comprehensive review of publicly available data and expert testimony. Committee members questioned agency officials for several hours before releasing the final report. Independent economists described the assessment as thorough and methodologically sound. The report will now be reviewed by the relevant oversight body before any formal policy action is taken.",politics,2020-11-10
International Monetary Fund revises global growth forecast downward,"According to a report published Tuesday, international monetary fund revises global growth forecast downward. The findings were based on a comprehensive review of publicly available data and expert testimony. Committee members questioned agency officials for several hours before releasing the final report. Independent economists described the assessment as thorough and methodologically sound. The report will now be reviewed by the relevant oversight body before any formal policy action is taken.",News,2020-11-18
National Science Foundation awards grants for quantum computing research,"Researchers at a leading institution published findings Thursday showing that national science foundation awards grants for quantum computing research. The peer-reviewed study, conducted over 18 months, analyzed data from more than 10,000 participants. Lead author stated the results have important implications for public policy and future research. The methodology was independently verified by two external review boards before publication. Government agencies said they would consider the findings in upcoming regulatory reviews.",politicsNews,2018-08-01
G20 leaders agree on framework for global minimum corporate tax,"According to a report published Thursday, g20 leaders agree on framework for global minimum corporate tax. The findings were based on a comprehensive review of publicly available data and expert testimony. Committee members questioned agency officials for several hours before releasing the final report. Independent economists described the assessment as thorough and methodologically sound. The report will now be reviewed by the relevant oversight body before any formal policy action is taken.",left-news,2018-03-03
Secretary of State holds bilateral talks with foreign minister in capital,"The administration announced Wednesday that secretary of state holds bilateral talks with foreign minister in capital. Officials cited data showing consistent trends in the relevant sectors over the past quarter. Congressional leaders from both parties acknowledged the significance of the development. The press secretary stated: ""This reflects our ongoing commitment to evidence-based policymaking."" International observers noted the decision aligns with broader global economic trends.",politicsNews,2023-06-21
Justice Department files antitrust suit against major technology firm,"According to a report published Tuesday, justice department files antitrust suit against major technology firm. The findings were based on a comprehensive review of publicly available data and expert testimony. Committee members questioned agency officials for several hours before releasing the final report. Independent economists described the assessment as thorough and methodologically sound. The report will now be reviewed by the relevant oversight body before any formal policy action is taken.",worldnews,2017-04-07
New cancer screening program launches in several US states,"According to a report published Wednesday, new cancer screening program launches in several us states. The findings were based on a comprehensive review of publicly available data and expert testimony. Committee members questioned agency officials for several hours before releasing the final report. Independent economists described the assessment as thorough and methodologically sound. The report will now be reviewed by the relevant oversight body before any formal policy action is taken.",News,2023-02-22
New cancer screening program launches in several US states,"According to a report published Tuesday, new cancer screening program launches in several us states. The findings were based on a comprehensive review of publicly available data and expert testimony. Committee members questioned agency officials for several hours before releasing the final report. Independent economists described the assessment as thorough and methodologically sound. The report will now be reviewed by the relevant oversight body before any formal policy action is taken.",politics,2018-06-06
CDC updates COVID-19 guidelines for healthcare workers,"The administration announced Tuesday that cdc updates covid-19 guidelines for healthcare workers. Officials cited data showing consistent trends in the relevant sectors over the past quarter. Congressional leaders from both parties acknowledged the significance of the development. The press secretary stated: ""This reflects our ongoing commitment to evidence-based policymaking."" International observers noted the decision aligns with broader global economic trends.",worldnews,2018-06-17
Treasury Department proposes new tax reform package for small businesses,"According to a report published Thursday, treasury department proposes new tax reform package for small businesses. The findings were based on a comprehensive review of publicly available data and expert testimony. Committee members questioned agency officials for several hours before releasing the final report. Independent economists described the assessment as thorough and methodologically sound. The report will now be reviewed by the relevant oversight body before any formal policy action is taken.",Government News,2020-04-09
Treasury Department proposes new tax reform package for small businesses,"Researchers at a leading institution published findings Wednesday showing that treasury department proposes new tax reform package for small businesses. The peer-reviewed study, conducted over 18 months, analyzed data from more than 10,000 participants. Lead author stated the results have important implications for public policy and future research. The methodology was independently verified by two external review boards before publication. Government agencies said they would consider the findings in upcoming regulatory reviews.",worldnews,2020-06-24
Federal budget deficit widens as spending outpaces revenue growth,"Researchers at a leading institution published findings Thursday showing that federal budget deficit widens as spending outpaces revenue growth. The peer-reviewed study, conducted over 18 months, analyzed data from more than 10,000 participants. Lead author stated the results have important implications for public policy and future research. The methodology was independently verified by two external review boards before publication. Government agencies said they would consider the findings in upcoming regulatory reviews.",News,2022-10-13
Secretary of State holds bilateral talks with foreign minister in capital,"The administration announced Monday that secretary of state holds bilateral talks with foreign minister in capital. Officials cited data showing consistent trends in the relevant sectors over the past quarter. Congressional leaders from both parties acknowledged the significance of the development. The press secretary stated: ""This reflects our ongoing commitment to evidence-based policymaking."" International observers noted the decision aligns with broader global economic trends.",left-news,2016-07-12
Census Bureau releases updated population projections for next decade,"census bureau releases updated population projections for next decade, according to data released by the agency on Thursday. The figures mark a notable change compared to the same period last year. Analysts attributed the shift to several macroeconomic factors including supply chain normalization. A senior official speaking on background said policymakers are closely monitoring the situation. Further details are expected to be released at a press briefing scheduled for later this week.",News,2016-12-07
Senate confirms new ambassador to key ally in diplomatic shift,"Researchers at a leading institution published findings Wednesday showing that senate confirms new ambassador to key ally in diplomatic shift. The peer-reviewed study, conducted over 18 months, analyzed data from more than 10,000 participants. Lead author stated the results have important implications for public policy and future research. The methodology was independently verified by two external review boards before publication. Government agencies said they would consider the findings in upcoming regulatory reviews.",News,2016-06-14
World Bank approves emergency loans to three developing nations,"Researchers at a leading institution published findings Friday showing that world bank approves emergency loans to three developing nations. The peer-reviewed study, conducted over 18 months, analyzed data from more than 10,000 participants. Lead author stated the results have important implications for public policy and future research. The methodology was independently verified by two external review boards before publication. Government agencies said they would consider the findings in upcoming regulatory reviews.",politics,2019-04-20
National Science Foundation awards grants for quantum computing research,"The administration announced Wednesday that national science foundation awards grants for quantum computing research. Officials cited data showing consistent trends in the relevant sectors over the past quarter. Congressional leaders from both parties acknowledged the significance of the development. The press secretary stated: ""This reflects our ongoing commitment to evidence-based policymaking."" International observers noted the decision aligns with broader global economic trends.",politicsNews,2017-04-06
G20 leaders agree on framework for global minimum corporate tax,"The administration announced Friday that g20 leaders agree on framework for global minimum corporate tax. Officials cited data showing consistent trends in the relevant sectors over the past quarter. Congressional leaders from both parties acknowledged the significance of the development. The press secretary stated: ""This reflects our ongoing commitment to evidence-based policymaking."" International observers noted the decision aligns with broader global economic trends.",left-news,2016-11-13
Federal Reserve chair says inflation showing signs of gradual easing,"The administration announced Tuesday that federal reserve chair says inflation showing signs of gradual easing. Officials cited data showing consistent trends in the relevant sectors over the past quarter. Congressional leaders from both parties acknowledged the significance of the development. The press secretary stated: ""This reflects our ongoing commitment to evidence-based policymaking."" International observers noted the decision aligns with broader global economic trends.",News,2022-01-04
Apple reports record quarterly earnings driven by iPhone sales,"Researchers at a leading institution published findings Wednesday showing that apple reports record quarterly earnings driven by iphone sales. The peer-reviewed study, conducted over 18 months, analyzed data from more than 10,000 participants. Lead author stated the results have important implications for public policy and future research. The methodology was independently verified by two external review boards before publication. Government agencies said they would consider the findings in upcoming regulatory reviews.",politics,2021-08-10
Climate summit reaches agreement on carbon emission reductions,"The administration announced Tuesday that climate summit reaches agreement on carbon emission reductions. Officials cited data showing consistent trends in the relevant sectors over the past quarter. Congressional leaders from both parties acknowledged the significance of the development. The press secretary stated: ""This reflects our ongoing commitment to evidence-based policymaking."" International observers noted the decision aligns with broader global economic trends.",Government News,2017-06-25
Presidential press secretary addresses reporters on foreign policy,"The administration announced Tuesday that presidential press secretary addresses reporters on foreign policy. Officials cited data showing consistent trends in the relevant sectors over the past quarter. Congressional leaders from both parties acknowledged the significance of the development. The press secretary stated: ""This reflects our ongoing commitment to evidence-based policymaking."" International observers noted the decision aligns with broader global economic trends.",worldnews,2020-10-07
Health officials report significant decline in childhood obesity rates,"In a statement released Thursday, officials confirmed that health officials report significant decline in childhood obesity rates. The decision follows months of negotiations and represents a significant policy shift. Experts said the move was expected given recent economic indicators and geopolitical developments. Spokesperson for the agency noted: ""We are committed to transparency and will continue to update the public."" The announcement was welcomed by industry leaders while some advocacy groups called for further review.",worldnews,2021-10-18
Secretary of State holds bilateral talks with foreign minister in capital,"Researchers at a leading institution published findings Friday showing that secretary of state holds bilateral talks with foreign minister in capital. The peer-reviewed study, conducted over 18 months, analyzed data from more than 10,000 participants. Lead author stated the results have important implications for public policy and future research. The methodology was independently verified by two external review boards before publication. Government agencies said they would consider the findings in upcoming regulatory reviews.",politics,2020-12-01
Stock markets decline as investors react to rising bond yields,"In a statement released Wednesday, officials confirmed that stock markets decline as investors react to rising bond yields. The decision follows months of negotiations and represents a significant policy shift. Experts said the move was expected given recent economic indicators and geopolitical developments. Spokesperson for the agency noted: ""We are committed to transparency and will continue to update the public."" The announcement was welcomed by industry leaders while some advocacy groups called for further review.",News,2023-12-07
European Central Bank signals potential interest rate cut next quarter,"Researchers at a leading institution published findings Thursday showing that european central bank signals potential interest rate cut next quarter. The peer-reviewed study, conducted over 18 months, analyzed data from more than 10,000 participants. Lead author stated the results have important implications for public policy and future research. The methodology was independently verified by two external review boards before publication. Government agencies said they would consider the findings in upcoming regulatory reviews.",worldnews,2023-06-11
CDC updates COVID-19 guidelines for healthcare workers,"Researchers at a leading institution published findings Wednesday showing that cdc updates covid-19 guidelines for healthcare workers. The peer-reviewed study, conducted over 18 months, analyzed data from more than 10,000 participants. Lead author stated the results have important implications for public policy and future research. The methodology was independently verified by two external review boards before publication. Government agencies said they would consider the findings in upcoming regulatory reviews.",politics,2016-03-04
Census Bureau releases updated population projections for next decade,"The administration announced Thursday that census bureau releases updated population projections for next decade. Officials cited data showing consistent trends in the relevant sectors over the past quarter. Congressional leaders from both parties acknowledged the significance of the development. The press secretary stated: ""This reflects our ongoing commitment to evidence-based policymaking."" International observers noted the decision aligns with broader global economic trends.",left-news,2023-01-27
Defense Secretary meets with allies to discuss regional security threats,"In a statement released Friday, officials confirmed that defense secretary meets with allies to discuss regional security threats. The decision follows months of negotiations and represents a significant policy shift. Experts said the move was expected given recent economic indicators and geopolitical developments. Spokesperson for the agency noted: ""We are committed to transparency and will continue to update the public."" The announcement was welcomed by industry leaders while some advocacy groups called for further review.",News,2016-10-14
United Nations calls for ceasefire as conflict in region intensifies,"According to a report published Wednesday, united nations calls for ceasefire as conflict in region intensifies. The findings were based on a comprehensive review of publicly available data and expert testimony. Committee members questioned agency officials for several hours before releasing the final report. Independent economists described the assessment as thorough and methodologically sound. The report will now be reviewed by the relevant oversight body before any formal policy action is taken.",politics,2023-05-19
SpaceX successfully lands booster for record fifteenth time,"In a statement released Monday, officials confirmed that spacex successfully lands booster for record fifteenth time. The decision follows months of negotiations and represents a significant policy shift. Experts said the move was expected given recent economic indicators and geopolitical developments. Spokesperson for the agency noted: ""We are committed to transparency and will continue to update the public."" The announcement was welcomed by industry leaders while some advocacy groups called for further review.",politics,2017-09-25
Climate summit reaches agreement on carbon emission reductions,"According to a report published Tuesday, climate summit reaches agreement on carbon emission reductions. The findings were based on a comprehensive review of publicly available data and expert testimony. Committee members questioned agency officials for several hours before releasing the final report. Independent economists described the assessment as thorough and methodologically sound. The report will now be reviewed by the relevant oversight body before any formal policy action is taken.",politics,2017-10-15
Environmental Protection Agency announces new clean air standards,"environmental protection agency announces new clean air standards, according to data released by the agency on Monday. The figures mark a notable change compared to the same period last year. Analysts attributed the shift to several macroeconomic factors including supply chain normalization. A senior official speaking on background said policymakers are closely monitoring the situation. Further details are expected to be released at a press briefing scheduled for later this week.",Government News,2022-05-15
State department issues travel advisory for Southeast Asian region,"state department issues travel advisory for southeast asian region, according to data released by the agency on Wednesday. The figures mark a notable change compared to the same period last year. Analysts attributed the shift to several macroeconomic factors including supply chain normalization. A senior official speaking on background said policymakers are closely monitoring the situation. Further details are expected to be released at a press briefing scheduled for later this week.",politicsNews,2018-11-19
SpaceX successfully lands booster for record fifteenth time,"The administration announced Friday that spacex successfully lands booster for record fifteenth time. Officials cited data showing consistent trends in the relevant sectors over the past quarter. Congressional leaders from both parties acknowledged the significance of the development. The press secretary stated: ""This reflects our ongoing commitment to evidence-based policymaking."" International observers noted the decision aligns with broader global economic trends.",Government News,2022-01-13
House passes bipartisan legislation on prescription drug pricing reform,"Researchers at a leading institution published findings Monday showing that house passes bipartisan legislation on prescription drug pricing reform. The peer-reviewed study, conducted over 18 months, analyzed data from more than 10,000 participants. Lead author stated the results have important implications for public policy and future research. The methodology was independently verified by two external review boards before publication. Government agencies said they would consider the findings in upcoming regulatory reviews.",politics,2022-01-01
Tech companies face antitrust scrutiny from regulators in EU and US,"Researchers at a leading institution published findings Thursday showing that tech companies face antitrust scrutiny from regulators in eu and us. The peer-reviewed study, conducted over 18 months, analyzed data from more than 10,000 participants. Lead author stated the results have important implications for public policy and future research. The methodology was independently verified by two external review boards before publication. Government agencies said they would consider the findings in upcoming regulatory reviews.",worldnews,2020-04-19
Justice Department files antitrust suit against major technology firm,"Researchers at a leading institution published findings Friday showing that justice department files antitrust suit against major technology firm. The peer-reviewed study, conducted over 18 months, analyzed data from more than 10,000 participants. Lead author stated the results have important implications for public policy and future research. The methodology was independently verified by two external review boards before publication. Government agencies said they would consider the findings in upcoming regulatory reviews.",left-news,2019-10-12
Science journal publishes breakthrough research on gene editing safety,"According to a report published Tuesday, science journal publishes breakthrough research on gene editing safety. The findings were based on a comprehensive review of publicly available data and expert testimony. Committee members questioned agency officials for several hours before releasing the final report. Independent economists described the assessment as thorough and methodologically sound. The report will now be reviewed by the relevant oversight body before any formal policy action is taken.",worldnews,2018-04-10
European Central Bank signals potential interest rate cut next quarter,"In a statement released Monday, officials confirmed that european central bank signals potential interest rate cut next quarter. The decision follows months of negotiations and represents a significant policy shift. Experts said the move was expected given recent economic indicators and geopolitical developments. Spokesperson for the agency noted: ""We are committed to transparency and will continue to update the public."" The announcement was welcomed by industry leaders while some advocacy groups called for further review.",politics,2016-03-18
Federal budget deficit widens as spending outpaces revenue growth,"In a statement released Wednesday, officials confirmed that federal budget deficit widens as spending outpaces revenue growth. The decision follows months of negotiations and represents a significant policy shift. Experts said the move was expected given recent economic indicators and geopolitical developments. Spokesperson for the agency noted: ""We are committed to transparency and will continue to update the public."" The announcement was welcomed by industry leaders while some advocacy groups called for further review.",News,2019-11-07
CDC updates COVID-19 guidelines for healthcare workers,"Researchers at a leading institution published findings Tuesday showing that cdc updates covid-19 guidelines for healthcare workers. The peer-reviewed study, conducted over 18 months, analyzed data from more than 10,000 participants. Lead author stated the results have important implications for public policy and future research. The methodology was independently verified by two external review boards before publication. Government agencies said they would consider the findings in upcoming regulatory reviews.",left-news,2020-04-07
Commerce Department reports rise in trade deficit for second quarter,"Researchers at a leading institution published findings Monday showing that commerce department reports rise in trade deficit for second quarter. The peer-reviewed study, conducted over 18 months, analyzed data from more than 10,000 participants. Lead author stated the results have important implications for public policy and future research. The methodology was independently verified by two external review boards before publication. Government agencies said they would consider the findings in upcoming regulatory reviews.",worldnews,2023-02-27
World Bank approves emergency loans to three developing nations,"In a statement released Thursday, officials confirmed that world bank approves emergency loans to three developing nations. The decision follows months of negotiations and represents a significant policy shift. Experts said the move was expected given recent economic indicators and geopolitical developments. Spokesperson for the agency noted: ""We are committed to transparency and will continue to update the public."" The announcement was welcomed by industry leaders while some advocacy groups called for further review.",Government News,2019-07-02
State department issues travel advisory for Southeast Asian region,"The administration announced Thursday that state department issues travel advisory for southeast asian region. Officials cited data showing consistent trends in the relevant sectors over the past quarter. Congressional leaders from both parties acknowledged the significance of the development. The press secretary stated: ""This reflects our ongoing commitment to evidence-based policymaking."" International observers noted the decision aligns with broader global economic trends.",worldnews,2019-07-19
Climate summit reaches agreement on carbon emission reductions,"In a statement released Tuesday, officials confirmed that climate summit reaches agreement on carbon emission reductions. The decision follows months of negotiations and represents a significant policy shift. Experts said the move was expected given recent economic indicators and geopolitical developments. Spokesperson for the agency noted: ""We are committed to transparency and will continue to update the public."" The announcement was welcomed by industry leaders while some advocacy groups called for further review.",politics,2017-03-25
Senate confirms new ambassador to key ally in diplomatic shift,"In a statement released Thursday, officials confirmed that senate confirms new ambassador to key ally in diplomatic shift. The decision follows months of negotiations and represents a significant policy shift. Experts said the move was expected given recent economic indicators and geopolitical developments. Spokesperson for the agency noted: ""We are committed to transparency and will continue to update the public."" The announcement was welcomed by industry leaders while some advocacy groups called for further review.",Government News,2021-12-11
Researchers publish findings on sleep deprivation and cognitive decline,"researchers publish findings on sleep deprivation and cognitive decline, according to data released by the agency on Tuesday. The figures mark a notable change compared to the same period last year. Analysts attributed the shift to several macroeconomic factors including supply chain normalization. A senior official speaking on background said policymakers are closely monitoring the situation. Further details are expected to be released at a press briefing scheduled for later this week.",politicsNews,2021-08-09
National Science Foundation awards grants for quantum computing research,"In a statement released Thursday, officials confirmed that national science foundation awards grants for quantum computing research. The decision follows months of negotiations and represents a significant policy shift. Experts said the move was expected given recent economic indicators and geopolitical developments. Spokesperson for the agency noted: ""We are committed to transparency and will continue to update the public."" The announcement was welcomed by industry leaders while some advocacy groups called for further review.",politicsNews,2016-07-26
Researchers publish findings on sleep deprivation and cognitive decline,"The administration announced Monday that researchers publish findings on sleep deprivation and cognitive decline. Officials cited data showing consistent trends in the relevant sectors over the past quarter. Congressional leaders from both parties acknowledged the significance of the development. The press secretary stated: ""This reflects our ongoing commitment to evidence-based policymaking."" International observers noted the decision aligns with broader global economic trends.",News,2021-05-27
NASA successfully launches Artemis mission to lunar orbit,"The administration announced Wednesday that nasa successfully launches artemis mission to lunar orbit. Officials cited data showing consistent trends in the relevant sectors over the past quarter. Congressional leaders from both parties acknowledged the significance of the development. The press secretary stated: ""This reflects our ongoing commitment to evidence-based policymaking."" International observers noted the decision aligns with broader global economic trends.",worldnews,2017-11-21
World Bank approves emergency loans to three developing nations,"The administration announced Monday that world bank approves emergency loans to three developing nations. Officials cited data showing consistent trends in the relevant sectors over the past quarter. Congressional leaders from both parties acknowledged the significance of the development. The press secretary stated: ""This reflects our ongoing commitment to evidence-based policymaking."" International observers noted the decision aligns with broader global economic trends.",News,2021-01-05
Global food prices rise as drought affects major agricultural regions,"global food prices rise as drought affects major agricultural regions, according to data released by the agency on Friday. The figures mark a notable change compared to the same period last year. Analysts attributed the shift to several macroeconomic factors including supply chain normalization. A senior official speaking on background said policymakers are closely monitoring the situation. Further details are expected to be released at a press briefing scheduled for later this week.",politicsNews,2018-09-05
Stock markets decline as investors react to rising bond yields,"The administration announced Monday that stock markets decline as investors react to rising bond yields. Officials cited data showing consistent trends in the relevant sectors over the past quarter. Congressional leaders from both parties acknowledged the significance of the development. The press secretary stated: ""This reflects our ongoing commitment to evidence-based policymaking."" International observers noted the decision aligns with broader global economic trends.",politicsNews,2019-12-22
Oil prices fall after OPEC announces production increase,"Researchers at a leading institution published findings Friday showing that oil prices fall after opec announces production increase. The peer-reviewed study, conducted over 18 months, analyzed data from more than 10,000 participants. Lead author stated the results have important implications for public policy and future research. The methodology was independently verified by two external review boards before publication. Government agencies said they would consider the findings in upcoming regulatory reviews.",left-news,2018-07-06
European Central Bank signals potential interest rate cut next quarter,"According to a report published Tuesday, european central bank signals potential interest rate cut next quarter. The findings were based on a comprehensive review of publicly available data and expert testimony. Committee members questioned agency officials for several hours before releasing the final report. Independent economists described the assessment as thorough and methodologically sound. The report will now be reviewed by the relevant oversight body before any formal policy action is taken.",Government News,2018-06-04
Supreme Court hears oral arguments in landmark free speech case,"In a statement released Thursday, officials confirmed that supreme court hears oral arguments in landmark free speech case. The decision follows months of negotiations and represents a significant policy shift. Experts said the move was expected given recent economic indicators and geopolitical developments. Spokesperson for the agency noted: ""We are committed to transparency and will continue to update the public."" The announcement was welcomed by industry leaders while some advocacy groups called for further review.",worldnews,2020-07-21
Congressional hearing examines social media impact on teen mental health,"Researchers at a leading institution published findings Friday showing that congressional hearing examines social media impact on teen mental health. The peer-reviewed study, conducted over 18 months, analyzed data from more than 10,000 participants. Lead author stated the results have important implications for public policy and future research. The methodology was independently verified by two external review boards before publication. Government agencies said they would consider the findings in upcoming regulatory reviews.",News,2016-01-11
Scientists achieve breakthrough in Alzheimer's disease treatment in new study,"The administration announced Monday that scientists achieve breakthrough in alzheimer's disease treatment in new study. Officials cited data showing consistent trends in the relevant sectors over the past quarter. Congressional leaders from both parties acknowledged the significance of the development. The press secretary stated: ""This reflects our ongoing commitment to evidence-based policymaking."" International observers noted the decision aligns with broader global economic trends.",Government News,2018-07-02
Consumer confidence index rises for third consecutive month,"The administration announced Friday that consumer confidence index rises for third consecutive month. Officials cited data showing consistent trends in the relevant sectors over the past quarter. Congressional leaders from both parties acknowledged the significance of the development. The press secretary stated: ""This reflects our ongoing commitment to evidence-based policymaking."" International observers noted the decision aligns with broader global economic trends.",Government News,2018-03-04
Federal Reserve raises interest rates by 25 basis points amid inflation concerns,"Researchers at a leading institution published findings Tuesday showing that federal reserve raises interest rates by 25 basis points amid inflation concerns. The peer-reviewed study, conducted over 18 months, analyzed data from more than 10,000 participants. Lead author stated the results have important implications for public policy and future research. The methodology was independently verified by two external review boards before publication. Government agencies said they would consider the findings in upcoming regulatory reviews.",politicsNews,2022-02-04
Treasury Department proposes new tax reform package for small businesses,"The administration announced Thursday that treasury department proposes new tax reform package for small businesses. Officials cited data showing consistent trends in the relevant sectors over the past quarter. Congressional leaders from both parties acknowledged the significance of the development. The press secretary stated: ""This reflects our ongoing commitment to evidence-based policymaking."" International observers noted the decision aligns with broader global economic trends.",politics,2023-03-28
Central bank governor testifies before Senate banking committee,"In a statement released Wednesday, officials confirmed that central bank governor testifies before senate banking committee. The decision follows months of negotiations and represents a significant policy shift. Experts said the move was expected given recent economic indicators and geopolitical developments. Spokesperson for the agency noted: ""We are committed to transparency and will continue to update the public."" The announcement was welcomed by industry leaders while some advocacy groups called for further review.",left-news,2023-05-05
G20 leaders agree on framework for global minimum corporate tax,"According to a report published Wednesday, g20 leaders agree on framework for global minimum corporate tax. The findings were based on a comprehensive review of publicly available data and expert testimony. Committee members questioned agency officials for several hours before releasing the final report. Independent economists described the assessment as thorough and methodologically sound. The report will now be reviewed by the relevant oversight body before any formal policy action is taken.",politics,2017-08-16
National Institutes of Health announces increased funding for cancer research,"According to a report published Tuesday, national institutes of health announces increased funding for cancer research. The findings were based on a comprehensive review of publicly available data and expert testimony. Committee members questioned agency officials for several hours before releasing the final report. Independent economists described the assessment as thorough and methodologically sound. The report will now be reviewed by the relevant oversight body before any formal policy action is taken.",worldnews,2019-09-05
Pentagon releases annual defense budget request to Congress,"pentagon releases annual defense budget request to congress, according to data released by the agency on Monday. The figures mark a notable change compared to the same period last year. Analysts attributed the shift to several macroeconomic factors including supply chain normalization. A senior official speaking on background said policymakers are closely monitoring the situation. Further details are expected to be released at a press briefing scheduled for later this week.",Government News,2017-12-13
Oil prices fall after OPEC announces production increase,"According to a report published Monday, oil prices fall after opec announces production increase. The findings were based on a comprehensive review of publicly available data and expert testimony. Committee members questioned agency officials for several hours before releasing the final report. Independent economists described the assessment as thorough and methodologically sound. The report will now be reviewed by the relevant oversight body before any formal policy action is taken.",worldnews,2019-05-06
Presidential press secretary addresses reporters on foreign policy,"Researchers at a leading institution published findings Wednesday showing that presidential press secretary addresses reporters on foreign policy. The peer-reviewed study, conducted over 18 months, analyzed data from more than 10,000 participants. Lead author stated the results have important implications for public policy and future research. The methodology was independently verified by two external review boards before publication. Government agencies said they would consider the findings in upcoming regulatory reviews.",Government News,2023-11-19
Defense Secretary meets with allies to discuss regional security threats,"According to a report published Friday, defense secretary meets with allies to discuss regional security threats. The findings were based on a comprehensive review of publicly available data and expert testimony. Committee members questioned agency officials for several hours before releasing the final report. Independent economists described the assessment as thorough and methodologically sound. The report will now be reviewed by the relevant oversight body before any formal policy action is taken.",News,2018-06-14
Congressional hearing examines social media impact on teen mental health,"congressional hearing examines social media impact on teen mental health, according to data released by the agency on Friday. The figures mark a notable change compared to the same period last year. Analysts attributed the shift to several macroeconomic factors including supply chain normalization. A senior official speaking on background said policymakers are closely monitoring the situation. Further details are expected to be released at a press briefing scheduled for later this week.",Government News,2016-12-26
World Bank approves emergency loans to three developing nations,"In a statement released Tuesday, officials confirmed that world bank approves emergency loans to three developing nations. The decision follows months of negotiations and represents a significant policy shift. Experts said the move was expected given recent economic indicators and geopolitical developments. Spokesperson for the agency noted: ""We are committed to transparency and will continue to update the public."" The announcement was welcomed by industry leaders while some advocacy groups called for further review.",worldnews,2016-03-21
United Nations calls for ceasefire as conflict in region intensifies,"united nations calls for ceasefire as conflict in region intensifies, according to data released by the agency on Tuesday. The figures mark a notable change compared to the same period last year. Analysts attributed the shift to several macroeconomic factors including supply chain normalization. A senior official speaking on background said policymakers are closely monitoring the situation. Further details are expected to be released at a press briefing scheduled for later this week.",left-news,2021-01-19
Treasury Department proposes new tax reform package for small businesses,"The administration announced Wednesday that treasury department proposes new tax reform package for small businesses. Officials cited data showing consistent trends in the relevant sectors over the past quarter. Congressional leaders from both parties acknowledged the significance of the development. The press secretary stated: ""This reflects our ongoing commitment to evidence-based policymaking."" International observers noted the decision aligns with broader global economic trends.",worldnews,2022-08-07
University study links ultra-processed foods to higher mortality risk,"According to a report published Wednesday, university study links ultra-processed foods to higher mortality risk. The findings were based on a comprehensive review of publicly available data and expert testimony. Committee members questioned agency officials for several hours before releasing the final report. Independent economists described the assessment as thorough and methodologically sound. The report will now be reviewed by the relevant oversight body before any formal policy action is taken.",politics,2023-02-24
President signs executive order on artificial intelligence regulation,"According to a report published Wednesday, president signs executive order on artificial intelligence regulation. The findings were based on a comprehensive review of publicly available data and expert testimony. Committee members questioned agency officials for several hours before releasing the final report. Independent economists described the assessment as thorough and methodologically sound. The report will now be reviewed by the relevant oversight body before any formal policy action is taken.",News,2018-05-11
Federal court rules against merger of two major airline carriers,"According to a report published Thursday, federal court rules against merger of two major airline carriers. The findings were based on a comprehensive review of publicly available data and expert testimony. Committee members questioned agency officials for several hours before releasing the final report. Independent economists described the assessment as thorough and methodologically sound. The report will now be reviewed by the relevant oversight body before any formal policy action is taken.",Government News,2017-11-28
SpaceX successfully lands booster for record fifteenth time,"According to a report published Wednesday, spacex successfully lands booster for record fifteenth time. The findings were based on a comprehensive review of publicly available data and expert testimony. Committee members questioned agency officials for several hours before releasing the final report. Independent economists described the assessment as thorough and methodologically sound. The report will now be reviewed by the relevant oversight body before any formal policy action is taken.",politicsNews,2021-07-21
Scientists achieve breakthrough in Alzheimer's disease treatment in new study,"According to a report published Tuesday, scientists achieve breakthrough in alzheimer's disease treatment in new study. The findings were based on a comprehensive review of publicly available data and expert testimony. Committee members questioned agency officials for several hours before releasing the final report. Independent economists described the assessment as thorough and methodologically sound. The report will now be reviewed by the relevant oversight body before any formal policy action is taken.",politicsNews,2019-08-27
Climate summit reaches agreement on carbon emission reductions,"In a statement released Friday, officials confirmed that climate summit reaches agreement on carbon emission reductions. The decision follows months of negotiations and represents a significant policy shift. Experts said the move was expected given recent economic indicators and geopolitical developments. Spokesperson for the agency noted: ""We are committed to transparency and will continue to update the public."" The announcement was welcomed by industry leaders while some advocacy groups called for further review.",Government News,2020-03-28
Federal budget deficit widens as spending outpaces revenue growth,"Researchers at a leading institution published findings Thursday showing that federal budget deficit widens as spending outpaces revenue growth. The peer-reviewed study, conducted over 18 months, analyzed data from more than 10,000 participants. Lead author stated the results have important implications for public policy and future research. The methodology was independently verified by two external review boards before publication. Government agencies said they would consider the findings in upcoming regulatory reviews.",left-news,2017-09-06
Unemployment rate falls to lowest level in two years,"According to a report published Tuesday, unemployment rate falls to lowest level in two years. The findings were based on a comprehensive review of publicly available data and expert testimony. Committee members questioned agency officials for several hours before releasing the final report. Independent economists described the assessment as thorough and methodologically sound. The report will now be reviewed by the relevant oversight body before any formal policy action is taken.",worldnews,2019-01-07
Presidential press secretary addresses reporters on foreign policy,"Researchers at a leading institution published findings Friday showing that presidential press secretary addresses reporters on foreign policy. The peer-reviewed study, conducted over 18 months, analyzed data from more than 10,000 participants. Lead author stated the results have important implications for public policy and future research. The methodology was independently verified by two external review boards before publication. Government agencies said they would consider the findings in upcoming regulatory reviews.",politics,2018-10-28
Defense Secretary meets with allies to discuss regional security threats,"According to a report published Monday, defense secretary meets with allies to discuss regional security threats. The findings were based on a comprehensive review of publicly available data and expert testimony. Committee members questioned agency officials for several hours before releasing the final report. Independent economists described the assessment as thorough and methodologically sound. The report will now be reviewed by the relevant oversight body before any formal policy action is taken.",politics,2021-09-08
Federal Reserve chair says inflation showing signs of gradual easing,"According to a report published Tuesday, federal reserve chair says inflation showing signs of gradual easing. The findings were based on a comprehensive review of publicly available data and expert testimony. Committee members questioned agency officials for several hours before releasing the final report. Independent economists described the assessment as thorough and methodologically sound. The report will now be reviewed by the relevant oversight body before any formal policy action is taken.",News,2018-02-22
Supreme Court hears oral arguments in landmark free speech case,"According to a report published Tuesday, supreme court hears oral arguments in landmark free speech case. The findings were based on a comprehensive review of publicly available data and expert testimony. Committee members questioned agency officials for several hours before releasing the final report. Independent economists described the assessment as thorough and methodologically sound. The report will now be reviewed by the relevant oversight body before any formal policy action is taken.",Government News,2018-09-20
NATO allies agree to increase defense spending commitments,"nato allies agree to increase defense spending commitments, according to data released by the agency on Wednesday. The figures mark a notable change compared to the same period last year. Analysts attributed the shift to several macroeconomic factors including supply chain normalization. A senior official speaking on background said policymakers are closely monitoring the situation. Further details are expected to be released at a press briefing scheduled for later this week.",politicsNews,2022-05-13
Defense Secretary meets with allies to discuss regional security threats,"The administration announced Thursday that defense secretary meets with allies to discuss regional security threats. Officials cited data showing consistent trends in the relevant sectors over the past quarter. Congressional leaders from both parties acknowledged the significance of the development. The press secretary stated: ""This reflects our ongoing commitment to evidence-based policymaking."" International observers noted the decision aligns with broader global economic trends.",left-news,2021-03-24
New cancer screening program launches in several US states,"In a statement released Monday, officials confirmed that new cancer screening program launches in several us states. The decision follows months of negotiations and represents a significant policy shift. Experts said the move was expected given recent economic indicators and geopolitical developments. Spokesperson for the agency noted: ""We are committed to transparency and will continue to update the public."" The announcement was welcomed by industry leaders while some advocacy groups called for further review.",News,2020-04-24
Environmental Protection Agency announces new clean air standards,"According to a report published Monday, environmental protection agency announces new clean air standards. The findings were based on a comprehensive review of publicly available data and expert testimony. Committee members questioned agency officials for several hours before releasing the final report. Independent economists described the assessment as thorough and methodologically sound. The report will now be reviewed by the relevant oversight body before any formal policy action is taken.",politicsNews,2022-03-05
Treasury Department proposes new tax reform package for small businesses,"treasury department proposes new tax reform package for small businesses, according to data released by the agency on Tuesday. The figures mark a notable change compared to the same period last year. Analysts attributed the shift to several macroeconomic factors including supply chain normalization. A senior official speaking on background said policymakers are closely monitoring the situation. Further details are expected to be released at a press briefing scheduled for later this week.",left-news,2018-11-14
Unemployment rate falls to lowest level in two years,"According to a report published Tuesday, unemployment rate falls to lowest level in two years. The findings were based on a comprehensive review of publicly available data and expert testimony. Committee members questioned agency officials for several hours before releasing the final report. Independent economists described the assessment as thorough and methodologically sound. The report will now be reviewed by the relevant oversight body before any formal policy action is taken.",worldnews,2021-02-08
President signs executive order on artificial intelligence regulation,"president signs executive order on artificial intelligence regulation, according to data released by the agency on Thursday. The figures mark a notable change compared to the same period last year. Analysts attributed the shift to several macroeconomic factors including supply chain normalization. A senior official speaking on background said policymakers are closely monitoring the situation. Further details are expected to be released at a press briefing scheduled for later this week.",politicsNews,2018-04-15
Pentagon releases annual defense budget request to Congress,"Researchers at a leading institution published findings Wednesday showing that pentagon releases annual defense budget request to congress. The peer-reviewed study, conducted over 18 months, analyzed data from more than 10,000 participants. Lead author stated the results have important implications for public policy and future research. The methodology was independently verified by two external review boards before publication. Government agencies said they would consider the findings in upcoming regulatory reviews.",politicsNews,2017-09-10
Defense Secretary meets with allies to discuss regional security threats,"In a statement released Friday, officials confirmed that defense secretary meets with allies to discuss regional security threats. The decision follows months of negotiations and represents a significant policy shift. Experts said the move was expected given recent economic indicators and geopolitical developments. Spokesperson for the agency noted: ""We are committed to transparency and will continue to update the public."" The announcement was welcomed by industry leaders while some advocacy groups called for further review.",left-news,2019-11-15
New cancer screening program launches in several US states,"In a statement released Friday, officials confirmed that new cancer screening program launches in several us states. The decision follows months of negotiations and represents a significant policy shift. Experts said the move was expected given recent economic indicators and geopolitical developments. Spokesperson for the agency noted: ""We are committed to transparency and will continue to update the public."" The announcement was welcomed by industry leaders while some advocacy groups called for further review.",Government News,2023-03-03
Secretary of State holds bilateral talks with foreign minister in capital,"Researchers at a leading institution published findings Wednesday showing that secretary of state holds bilateral talks with foreign minister in capital. The peer-reviewed study, conducted over 18 months, analyzed data from more than 10,000 participants. Lead author stated the results have important implications for public policy and future research. The methodology was independently verified by two external review boards before publication. Government agencies said they would consider the findings in upcoming regulatory reviews.",politicsNews,2022-05-04
Transportation Secretary unveils plan to modernize air traffic control,"The administration announced Thursday that transportation secretary unveils plan to modernize air traffic control. Officials cited data showing consistent trends in the relevant sectors over the past quarter. Congressional leaders from both parties acknowledged the significance of the development. The press secretary stated: ""This reflects our ongoing commitment to evidence-based policymaking."" International observers noted the decision aligns with broader global economic trends.",politics,2018-12-23
Federal court rules against merger of two major airline carriers,"Researchers at a leading institution published findings Tuesday showing that federal court rules against merger of two major airline carriers. The peer-reviewed study, conducted over 18 months, analyzed data from more than 10,000 participants. Lead author stated the results have important implications for public policy and future research. The methodology was independently verified by two external review boards before publication. Government agencies said they would consider the findings in upcoming regulatory reviews.",politics,2017-02-24
Central bank governor testifies before Senate banking committee,"According to a report published Wednesday, central bank governor testifies before senate banking committee. The findings were based on a comprehensive review of publicly available data and expert testimony. Committee members questioned agency officials for several hours before releasing the final report. Independent economists described the assessment as thorough and methodologically sound. The report will now be reviewed by the relevant oversight body before any formal policy action is taken.",worldnews,2023-12-14
Researchers publish findings on sleep deprivation and cognitive decline,"In a statement released Monday, officials confirmed that researchers publish findings on sleep deprivation and cognitive decline. The decision follows months of negotiations and represents a significant policy shift. Experts said the move was expected given recent economic indicators and geopolitical developments. Spokesperson for the agency noted: ""We are committed to transparency and will continue to update the public."" The announcement was welcomed by industry leaders while some advocacy groups called for further review.",News,2020-05-21
National Science Foundation awards grants for quantum computing research,"Researchers at a leading institution published findings Thursday showing that national science foundation awards grants for quantum computing research. The peer-reviewed study, conducted over 18 months, analyzed data from more than 10,000 participants. Lead author stated the results have important implications for public policy and future research. The methodology was independently verified by two external review boards before publication. Government agencies said they would consider the findings in upcoming regulatory reviews.",Government News,2020-06-03
Federal Reserve raises interest rates by 25 basis points amid inflation concerns,"In a statement released Thursday, officials confirmed that federal reserve raises interest rates by 25 basis points amid inflation concerns. The decision follows months of negotiations and represents a significant policy shift. Experts said the move was expected given recent economic indicators and geopolitical developments. Spokesperson for the agency noted: ""We are committed to transparency and will continue to update the public."" The announcement was welcomed by industry leaders while some advocacy groups called for further review.",worldnews,2023-04-19
NATO allies agree to increase defense spending commitments,"Researchers at a leading institution published findings Monday showing that nato allies agree to increase defense spending commitments. The peer-reviewed study, conducted over 18 months, analyzed data from more than 10,000 participants. Lead author stated the results have important implications for public policy and future research. The methodology was independently verified by two external review boards before publication. Government agencies said they would consider the findings in upcoming regulatory reviews.",Government News,2023-09-20
House passes bipartisan legislation on prescription drug pricing reform,"The administration announced Friday that house passes bipartisan legislation on prescription drug pricing reform. Officials cited data showing consistent trends in the relevant sectors over the past quarter. Congressional leaders from both parties acknowledged the significance of the development. The press secretary stated: ""This reflects our ongoing commitment to evidence-based policymaking."" International observers noted the decision aligns with broader global economic trends.",politics,2022-01-20
Congress passes bipartisan infrastructure bill worth 1.2 trillion dollars,"According to a report published Monday, congress passes bipartisan infrastructure bill worth 1.2 trillion dollars. The findings were based on a comprehensive review of publicly available data and expert testimony. Committee members questioned agency officials for several hours before releasing the final report. Independent economists described the assessment as thorough and methodologically sound. The report will now be reviewed by the relevant oversight body before any formal policy action is taken.",politics,2017-02-25
Global food prices rise as drought affects major agricultural regions,"Researchers at a leading institution published findings Friday showing that global food prices rise as drought affects major agricultural regions. The peer-reviewed study, conducted over 18 months, analyzed data from more than 10,000 participants. Lead author stated the results have important implications for public policy and future research. The methodology was independently verified by two external review boards before publication. Government agencies said they would consider the findings in upcoming regulatory reviews.",Government News,2022-07-23
National Institutes of Health announces increased funding for cancer research,"In a statement released Wednesday, officials confirmed that national institutes of health announces increased funding for cancer research. The decision follows months of negotiations and represents a significant policy shift. Experts said the move was expected given recent economic indicators and geopolitical developments. Spokesperson for the agency noted: ""We are committed to transparency and will continue to update the public."" The announcement was welcomed by industry leaders while some advocacy groups called for further review.",Government News,2023-08-19
Defense Secretary meets with allies to discuss regional security threats,"In a statement released Thursday, officials confirmed that defense secretary meets with allies to discuss regional security threats. The decision follows months of negotiations and represents a significant policy shift. Experts said the move was expected given recent economic indicators and geopolitical developments. Spokesperson for the agency noted: ""We are committed to transparency and will continue to update the public."" The announcement was welcomed by industry leaders while some advocacy groups called for further review.",Government News,2022-11-01
Senate confirms new ambassador to key ally in diplomatic shift,"According to a report published Tuesday, senate confirms new ambassador to key ally in diplomatic shift. The findings were based on a comprehensive review of publicly available data and expert testimony. Committee members questioned agency officials for several hours before releasing the final report. Independent economists described the assessment as thorough and methodologically sound. The report will now be reviewed by the relevant oversight body before any formal policy action is taken.",politicsNews,2021-02-10
Researchers publish findings on sleep deprivation and cognitive decline,"In a statement released Thursday, officials confirmed that researchers publish findings on sleep deprivation and cognitive decline. The decision follows months of negotiations and represents a significant policy shift. Experts said the move was expected given recent economic indicators and geopolitical developments. Spokesperson for the agency noted: ""We are committed to transparency and will continue to update the public."" The announcement was welcomed by industry leaders while some advocacy groups called for further review.",News,2021-11-12
Federal budget deficit widens as spending outpaces revenue growth,"federal budget deficit widens as spending outpaces revenue growth, according to data released by the agency on Wednesday. The figures mark a notable change compared to the same period last year. Analysts attributed the shift to several macroeconomic factors including supply chain normalization. A senior official speaking on background said policymakers are closely monitoring the situation. Further details are expected to be released at a press briefing scheduled for later this week.",left-news,2016-06-15
Federal Reserve chair says inflation showing signs of gradual easing,"Researchers at a leading institution published findings Tuesday showing that federal reserve chair says inflation showing signs of gradual easing. The peer-reviewed study, conducted over 18 months, analyzed data from more than 10,000 participants. Lead author stated the results have important implications for public policy and future research. The methodology was independently verified by two external review boards before publication. Government agencies said they would consider the findings in upcoming regulatory reviews.",worldnews,2021-12-13
Secretary of State holds bilateral talks with foreign minister in capital,"Researchers at a leading institution published findings Tuesday showing that secretary of state holds bilateral talks with foreign minister in capital. The peer-reviewed study, conducted over 18 months, analyzed data from more than 10,000 participants. Lead author stated the results have important implications for public policy and future research. The methodology was independently verified by two external review boards before publication. Government agencies said they would consider the findings in upcoming regulatory reviews.",left-news,2017-06-12
Environmental Protection Agency announces new clean air standards,"According to a report published Tuesday, environmental protection agency announces new clean air standards. The findings were based on a comprehensive review of publicly available data and expert testimony. Committee members questioned agency officials for several hours before releasing the final report. Independent economists described the assessment as thorough and methodologically sound. The report will now be reviewed by the relevant oversight body before any formal policy action is taken.",News,2020-02-24
WHO warns of rising antibiotic resistance as global health threat,"The administration announced Wednesday that who warns of rising antibiotic resistance as global health threat. Officials cited data showing consistent trends in the relevant sectors over the past quarter. Congressional leaders from both parties acknowledged the significance of the development. The press secretary stated: ""This reflects our ongoing commitment to evidence-based policymaking."" International observers noted the decision aligns with broader global economic trends.",politics,2023-11-06
Secretary of State holds bilateral talks with foreign minister in capital,"The administration announced Tuesday that secretary of state holds bilateral talks with foreign minister in capital. Officials cited data showing consistent trends in the relevant sectors over the past quarter. Congressional leaders from both parties acknowledged the significance of the development. The press secretary stated: ""This reflects our ongoing commitment to evidence-based policymaking."" International observers noted the decision aligns with broader global economic trends.",News,2023-06-11
State department issues travel advisory for Southeast Asian region,"Researchers at a leading institution published findings Tuesday showing that state department issues travel advisory for southeast asian region. The peer-reviewed study, conducted over 18 months, analyzed data from more than 10,000 participants. Lead author stated the results have important implications for public policy and future research. The methodology was independently verified by two external review boards before publication. Government agencies said they would consider the findings in upcoming regulatory reviews.",worldnews,2021-01-04
CDC updates COVID-19 guidelines for healthcare workers,"According to a report published Wednesday, cdc updates covid-19 guidelines for healthcare workers. The findings were based on a comprehensive review of publicly available data and expert testimony. Committee members questioned agency officials for several hours before releasing the final report. Independent economists described the assessment as thorough and methodologically sound. The report will now be reviewed by the relevant oversight body before any formal policy action is taken.",politics,2020-09-18
European Central Bank signals potential interest rate cut next quarter,"The administration announced Friday that european central bank signals potential interest rate cut next quarter. Officials cited data showing consistent trends in the relevant sectors over the past quarter. Congressional leaders from both parties acknowledged the significance of the development. The press secretary stated: ""This reflects our ongoing commitment to evidence-based policymaking."" International observers noted the decision aligns with broader global economic trends.",Government News,2017-04-03
WHO warns of rising antibiotic resistance as global health threat,"According to a report published Thursday, who warns of rising antibiotic resistance as global health threat. The findings were based on a comprehensive review of publicly available data and expert testimony. Committee members questioned agency officials for several hours before releasing the final report. Independent economists described the assessment as thorough and methodologically sound. The report will now be reviewed by the relevant oversight body before any formal policy action is taken.",News,2018-12-11
Consumer confidence index rises for third consecutive month,"Researchers at a leading institution published findings Thursday showing that consumer confidence index rises for third consecutive month. The peer-reviewed study, conducted over 18 months, analyzed data from more than 10,000 participants. Lead author stated the results have important implications for public policy and future research. The methodology was independently verified by two external review boards before publication. Government agencies said they would consider the findings in upcoming regulatory reviews.",worldnews,2022-02-28
National Institutes of Health announces increased funding for cancer research,"Researchers at a leading institution published findings Friday showing that national institutes of health announces increased funding for cancer research. The peer-reviewed study, conducted over 18 months, analyzed data from more than 10,000 participants. Lead author stated the results have important implications for public policy and future research. The methodology was independently verified by two external review boards before publication. Government agencies said they would consider the findings in upcoming regulatory reviews.",politics,2017-06-08
State department issues travel advisory for Southeast Asian region,"In a statement released Tuesday, officials confirmed that state department issues travel advisory for southeast asian region. The decision follows months of negotiations and represents a significant policy shift. Experts said the move was expected given recent economic indicators and geopolitical developments. Spokesperson for the agency noted: ""We are committed to transparency and will continue to update the public."" The announcement was welcomed by industry leaders while some advocacy groups called for further review.",politics,2018-11-09
Scientists achieve breakthrough in Alzheimer's disease treatment in new study,"The administration announced Tuesday that scientists achieve breakthrough in alzheimer's disease treatment in new study. Officials cited data showing consistent trends in the relevant sectors over the past quarter. Congressional leaders from both parties acknowledged the significance of the development. The press secretary stated: ""This reflects our ongoing commitment to evidence-based policymaking."" International observers noted the decision aligns with broader global economic trends.",Government News,2019-04-08
State department issues travel advisory for Southeast Asian region,"state department issues travel advisory for southeast asian region, according to data released by the agency on Tuesday. The figures mark a notable change compared to the same period last year. Analysts attributed the shift to several macroeconomic factors including supply chain normalization. A senior official speaking on background said policymakers are closely monitoring the situation. Further details are expected to be released at a press briefing scheduled for later this week.",politicsNews,2020-04-01
Environmental Protection Agency announces new clean air standards,"The administration announced Thursday that environmental protection agency announces new clean air standards. Officials cited data showing consistent trends in the relevant sectors over the past quarter. Congressional leaders from both parties acknowledged the significance of the development. The press secretary stated: ""This reflects our ongoing commitment to evidence-based policymaking."" International observers noted the decision aligns with broader global economic trends.",left-news,2019-07-06
Defense Secretary meets with allies to discuss regional security threats,"According to a report published Thursday, defense secretary meets with allies to discuss regional security threats. The findings were based on a comprehensive review of publicly available data and expert testimony. Committee members questioned agency officials for several hours before releasing the final report. Independent economists described the assessment as thorough and methodologically sound. The report will now be reviewed by the relevant oversight body before any formal policy action is taken.",Government News,2022-12-09
Science journal publishes breakthrough research on gene editing safety,"Researchers at a leading institution published findings Wednesday showing that science journal publishes breakthrough research on gene editing safety. The peer-reviewed study, conducted over 18 months, analyzed data from more than 10,000 participants. Lead author stated the results have important implications for public policy and future research. The methodology was independently verified by two external review boards before publication. Government agencies said they would consider the findings in upcoming regulatory reviews.",left-news,2021-06-08
G20 leaders agree on framework for global minimum corporate tax,"According to a report published Wednesday, g20 leaders agree on framework for global minimum corporate tax. The findings were based on a comprehensive review of publicly available data and expert testimony. Committee members questioned agency officials for several hours before releasing the final report. Independent economists described the assessment as thorough and methodologically sound. The report will now be reviewed by the relevant oversight body before any formal policy action is taken.",politicsNews,2018-06-28
Federal Reserve chair says inflation showing signs of gradual easing,"federal reserve chair says inflation showing signs of gradual easing, according to data released by the agency on Friday. The figures mark a notable change compared to the same period last year. Analysts attributed the shift to several macroeconomic factors including supply chain normalization. A senior official speaking on background said policymakers are closely monitoring the situation. Further details are expected to be released at a press briefing scheduled for later this week.",politics,2018-02-26
National Science Foundation awards grants for quantum computing research,"The administration announced Friday that national science foundation awards grants for quantum computing research. Officials cited data showing consistent trends in the relevant sectors over the past quarter. Congressional leaders from both parties acknowledged the significance of the development. The press secretary stated: ""This reflects our ongoing commitment to evidence-based policymaking."" International observers noted the decision aligns with broader global economic trends.",News,2017-10-08
Presidential press secretary addresses reporters on foreign policy,"Researchers at a leading institution published findings Friday showing that presidential press secretary addresses reporters on foreign policy. The peer-reviewed study, conducted over 18 months, analyzed data from more than 10,000 participants. Lead author stated the results have important implications for public policy and future research. The methodology was independently verified by two external review boards before publication. Government agencies said they would consider the findings in upcoming regulatory reviews.",worldnews,2023-05-19
Apple reports record quarterly earnings driven by iPhone sales,"The administration announced Friday that apple reports record quarterly earnings driven by iphone sales. Officials cited data showing consistent trends in the relevant sectors over the past quarter. Congressional leaders from both parties acknowledged the significance of the development. The press secretary stated: ""This reflects our ongoing commitment to evidence-based policymaking."" International observers noted the decision aligns with broader global economic trends.",left-news,2023-10-14
NASA successfully launches Artemis mission to lunar orbit,"nasa successfully launches artemis mission to lunar orbit, according to data released by the agency on Monday. The figures mark a notable change compared to the same period last year. Analysts attributed the shift to several macroeconomic factors including supply chain normalization. A senior official speaking on background said policymakers are closely monitoring the situation. Further details are expected to be released at a press briefing scheduled for later this week.",politics,2023-09-21
Apple reports record quarterly earnings driven by iPhone sales,"Researchers at a leading institution published findings Thursday showing that apple reports record quarterly earnings driven by iphone sales. The peer-reviewed study, conducted over 18 months, analyzed data from more than 10,000 participants. Lead author stated the results have important implications for public policy and future research. The methodology was independently verified by two external review boards before publication. Government agencies said they would consider the findings in upcoming regulatory reviews.",Government News,2018-02-22
Federal budget deficit widens as spending outpaces revenue growth,"In a statement released Wednesday, officials confirmed that federal budget deficit widens as spending outpaces revenue growth. The decision follows months of negotiations and represents a significant policy shift. Experts said the move was expected given recent economic indicators and geopolitical developments. Spokesperson for the agency noted: ""We are committed to transparency and will continue to update the public."" The announcement was welcomed by industry leaders while some advocacy groups called for further review.",politics,2020-12-01
Science journal publishes breakthrough research on gene editing safety,"According to a report published Thursday, science journal publishes breakthrough research on gene editing safety. The findings were based on a comprehensive review of publicly available data and expert testimony. Committee members questioned agency officials for several hours before releasing the final report. Independent economists described the assessment as thorough and methodologically sound. The report will now be reviewed by the relevant oversight body before any formal policy action is taken.",left-news,2018-07-07
Labor Department reports strong job gains across manufacturing sector,"The administration announced Wednesday that labor department reports strong job gains across manufacturing sector. Officials cited data showing consistent trends in the relevant sectors over the past quarter. Congressional leaders from both parties acknowledged the significance of the development. The press secretary stated: ""This reflects our ongoing commitment to evidence-based policymaking."" International observers noted the decision aligns with broader global economic trends.",politics,2020-06-08
House passes bipartisan legislation on prescription drug pricing reform,"According to a report published Thursday, house passes bipartisan legislation on prescription drug pricing reform. The findings were based on a comprehensive review of publicly available data and expert testimony. Committee members questioned agency officials for several hours before releasing the final report. Independent economists described the assessment as thorough and methodologically sound. The report will now be reviewed by the relevant oversight body before any formal policy action is taken.",worldnews,2021-01-20
Apple reports record quarterly earnings driven by iPhone sales,"Researchers at a leading institution published findings Friday showing that apple reports record quarterly earnings driven by iphone sales. The peer-reviewed study, conducted over 18 months, analyzed data from more than 10,000 participants. Lead author stated the results have important implications for public policy and future research. The methodology was independently verified by two external review boards before publication. Government agencies said they would consider the findings in upcoming regulatory reviews.",politicsNews,2017-10-03
Defense Secretary meets with allies to discuss regional security threats,"The administration announced Tuesday that defense secretary meets with allies to discuss regional security threats. Officials cited data showing consistent trends in the relevant sectors over the past quarter. Congressional leaders from both parties acknowledged the significance of the development. The press secretary stated: ""This reflects our ongoing commitment to evidence-based policymaking."" International observers noted the decision aligns with broader global economic trends.",Government News,2019-04-20
Commerce Department reports rise in trade deficit for second quarter,"commerce department reports rise in trade deficit for second quarter, according to data released by the agency on Tuesday. The figures mark a notable change compared to the same period last year. Analysts attributed the shift to several macroeconomic factors including supply chain normalization. A senior official speaking on background said policymakers are closely monitoring the situation. Further details are expected to be released at a press briefing scheduled for later this week.",politicsNews,2023-12-04
SpaceX successfully lands booster for record fifteenth time,"In a statement released Monday, officials confirmed that spacex successfully lands booster for record fifteenth time. The decision follows months of negotiations and represents a significant policy shift. Experts said the move was expected given recent economic indicators and geopolitical developments. Spokesperson for the agency noted: ""We are committed to transparency and will continue to update the public."" The announcement was welcomed by industry leaders while some advocacy groups called for further review.",left-news,2022-07-13
Federal Reserve chair says inflation showing signs of gradual easing,"The administration announced Tuesday that federal reserve chair says inflation showing signs of gradual easing. Officials cited data showing consistent trends in the relevant sectors over the past quarter. Congressional leaders from both parties acknowledged the significance of the development. The press secretary stated: ""This reflects our ongoing commitment to evidence-based policymaking."" International observers noted the decision aligns with broader global economic trends.",News,2018-02-10
Federal budget deficit widens as spending outpaces revenue growth,"federal budget deficit widens as spending outpaces revenue growth, according to data released by the agency on Thursday. The figures mark a notable change compared to the same period last year. Analysts attributed the shift to several macroeconomic factors including supply chain normalization. A senior official speaking on background said policymakers are closely monitoring the situation. Further details are expected to be released at a press briefing scheduled for later this week.",News,2023-02-06
International Monetary Fund revises global growth forecast downward,"The administration announced Tuesday that international monetary fund revises global growth forecast downward. Officials cited data showing consistent trends in the relevant sectors over the past quarter. Congressional leaders from both parties acknowledged the significance of the development. The press secretary stated: ""This reflects our ongoing commitment to evidence-based policymaking."" International observers noted the decision aligns with broader global economic trends.",worldnews,2021-11-21
WHO warns of rising antibiotic resistance as global health threat,"Researchers at a leading institution published findings Thursday showing that who warns of rising antibiotic resistance as global health threat. The peer-reviewed study, conducted over 18 months, analyzed data from more than 10,000 participants. Lead author stated the results have important implications for public policy and future research. The methodology was independently verified by two external review boards before publication. Government agencies said they would consider the findings in upcoming regulatory reviews.",politicsNews,2020-01-20
Apple reports record quarterly earnings driven by iPhone sales,"According to a report published Monday, apple reports record quarterly earnings driven by iphone sales. The findings were based on a comprehensive review of publicly available data and expert testimony. Committee members questioned agency officials for several hours before releasing the final report. Independent economists described the assessment as thorough and methodologically sound. The report will now be reviewed by the relevant oversight body before any formal policy action is taken.",Government News,2021-02-06
Federal Reserve raises interest rates by 25 basis points amid inflation concerns,"According to a report published Monday, federal reserve raises interest rates by 25 basis points amid inflation concerns. The findings were based on a comprehensive review of publicly available data and expert testimony. Committee members questioned agency officials for several hours before releasing the final report. Independent economists described the assessment as thorough and methodologically sound. The report will now be reviewed by the relevant oversight body before any formal policy action is taken.",politicsNews,2021-07-10
Scientists achieve breakthrough in Alzheimer's disease treatment in new study,"According to a report published Friday, scientists achieve breakthrough in alzheimer's disease treatment in new study. The findings were based on a comprehensive review of publicly available data and expert testimony. Committee members questioned agency officials for several hours before releasing the final report. Independent economists described the assessment as thorough and methodologically sound. The report will now be reviewed by the relevant oversight body before any formal policy action is taken.",News,2017-03-07
Transportation Secretary unveils plan to modernize air traffic control,"According to a report published Thursday, transportation secretary unveils plan to modernize air traffic control. The findings were based on a comprehensive review of publicly available data and expert testimony. Committee members questioned agency officials for several hours before releasing the final report. Independent economists described the assessment as thorough and methodologically sound. The report will now be reviewed by the relevant oversight body before any formal policy action is taken.",worldnews,2019-06-04
Justice Department files antitrust suit against major technology firm,"justice department files antitrust suit against major technology firm, according to data released by the agency on Friday. The figures mark a notable change compared to the same period last year. Analysts attributed the shift to several macroeconomic factors including supply chain normalization. A senior official speaking on background said policymakers are closely monitoring the situation. Further details are expected to be released at a press briefing scheduled for later this week.",News,2018-08-23
Commerce Department reports rise in trade deficit for second quarter,"commerce department reports rise in trade deficit for second quarter, according to data released by the agency on Friday. The figures mark a notable change compared to the same period last year. Analysts attributed the shift to several macroeconomic factors including supply chain normalization. A senior official speaking on background said policymakers are closely monitoring the situation. Further details are expected to be released at a press briefing scheduled for later this week.",worldnews,2023-01-20
United Nations calls for ceasefire as conflict in region intensifies,"According to a report published Monday, united nations calls for ceasefire as conflict in region intensifies. The findings were based on a comprehensive review of publicly available data and expert testimony. Committee members questioned agency officials for several hours before releasing the final report. Independent economists described the assessment as thorough and methodologically sound. The report will now be reviewed by the relevant oversight body before any formal policy action is taken.",News,2020-02-12
Justice Department files antitrust suit against major technology firm,"justice department files antitrust suit against major technology firm, according to data released by the agency on Friday. The figures mark a notable change compared to the same period last year. Analysts attributed the shift to several macroeconomic factors including supply chain normalization. A senior official speaking on background said policymakers are closely monitoring the situation. Further details are expected to be released at a press briefing scheduled for later this week.",politics,2018-02-16
CDC updates COVID-19 guidelines for healthcare workers,"According to a report published Tuesday, cdc updates covid-19 guidelines for healthcare workers. The findings were based on a comprehensive review of publicly available data and expert testimony. Committee members questioned agency officials for several hours before releasing the final report. Independent economists described the assessment as thorough and methodologically sound. The report will now be reviewed by the relevant oversight body before any formal policy action is taken.",politics,2021-08-22
Health officials report significant decline in childhood obesity rates,"The administration announced Thursday that health officials report significant decline in childhood obesity rates. Officials cited data showing consistent trends in the relevant sectors over the past quarter. Congressional leaders from both parties acknowledged the significance of the development. The press secretary stated: ""This reflects our ongoing commitment to evidence-based policymaking."" International observers noted the decision aligns with broader global economic trends.",politicsNews,2017-06-08
Congressional hearing examines social media impact on teen mental health,"congressional hearing examines social media impact on teen mental health, according to data released by the agency on Tuesday. The figures mark a notable change compared to the same period last year. Analysts attributed the shift to several macroeconomic factors including supply chain normalization. A senior official speaking on background said policymakers are closely monitoring the situation. Further details are expected to be released at a press briefing scheduled for later this week.",left-news,2019-07-02
Federal budget deficit widens as spending outpaces revenue growth,"In a statement released Thursday, officials confirmed that federal budget deficit widens as spending outpaces revenue growth. The decision follows months of negotiations and represents a significant policy shift. Experts said the move was expected given recent economic indicators and geopolitical developments. Spokesperson for the agency noted: ""We are committed to transparency and will continue to update the public."" The announcement was welcomed by industry leaders while some advocacy groups called for further review.",Government News,2017-09-03
Labor Department reports strong job gains across manufacturing sector,"Researchers at a leading institution published findings Friday showing that labor department reports strong job gains across manufacturing sector. The peer-reviewed study, conducted over 18 months, analyzed data from more than 10,000 participants. Lead author stated the results have important implications for public policy and future research. The methodology was independently verified by two external review boards before publication. Government agencies said they would consider the findings in upcoming regulatory reviews.",politics,2022-09-21
CDC updates COVID-19 guidelines for healthcare workers,"Researchers at a leading institution published findings Wednesday showing that cdc updates covid-19 guidelines for healthcare workers. The peer-reviewed study, conducted over 18 months, analyzed data from more than 10,000 participants. Lead author stated the results have important implications for public policy and future research. The methodology was independently verified by two external review boards before publication. Government agencies said they would consider the findings in upcoming regulatory reviews.",worldnews,2023-04-10
Transportation Secretary unveils plan to modernize air traffic control,"The administration announced Thursday that transportation secretary unveils plan to modernize air traffic control. Officials cited data showing consistent trends in the relevant sectors over the past quarter. Congressional leaders from both parties acknowledged the significance of the development. The press secretary stated: ""This reflects our ongoing commitment to evidence-based policymaking."" International observers noted the decision aligns with broader global economic trends.",left-news,2022-02-16
Scientists achieve breakthrough in Alzheimer's disease treatment in new study,"The administration announced Monday that scientists achieve breakthrough in alzheimer's disease treatment in new study. Officials cited data showing consistent trends in the relevant sectors over the past quarter. Congressional leaders from both parties acknowledged the significance of the development. The press secretary stated: ""This reflects our ongoing commitment to evidence-based policymaking."" International observers noted the decision aligns with broader global economic trends.",News,2023-10-13
New cancer screening program launches in several US states,"The administration announced Wednesday that new cancer screening program launches in several us states. Officials cited data showing consistent trends in the relevant sectors over the past quarter. Congressional leaders from both parties acknowledged the significance of the development. The press secretary stated: ""This reflects our ongoing commitment to evidence-based policymaking."" International observers noted the decision aligns with broader global economic trends.",Government News,2016-09-27
United Nations calls for ceasefire as conflict in region intensifies,"united nations calls for ceasefire as conflict in region intensifies, according to data released by the agency on Monday. The figures mark a notable change compared to the same period last year. Analysts attributed the shift to several macroeconomic factors including supply chain normalization. A senior official speaking on background said policymakers are closely monitoring the situation. Further details are expected to be released at a press briefing scheduled for later this week.",News,2018-11-11
National Institutes of Health announces increased funding for cancer research,"In a statement released Friday, officials confirmed that national institutes of health announces increased funding for cancer research. The decision follows months of negotiations and represents a significant policy shift. Experts said the move was expected given recent economic indicators and geopolitical developments. Spokesperson for the agency noted: ""We are committed to transparency and will continue to update the public."" The announcement was welcomed by industry leaders while some advocacy groups called for further review.",politicsNews,2016-05-13
CDC updates COVID-19 guidelines for healthcare workers,"Researchers at a leading institution published findings Friday showing that cdc updates covid-19 guidelines for healthcare workers. The peer-reviewed study, conducted over 18 months, analyzed data from more than 10,000 participants. Lead author stated the results have important implications for public policy and future research. The methodology was independently verified by two external review boards before publication. Government agencies said they would consider the findings in upcoming regulatory reviews.",politicsNews,2022-12-17
Defense Secretary meets with allies to discuss regional security threats,"defense secretary meets with allies to discuss regional security threats, according to data released by the agency on Friday. The figures mark a notable change compared to the same period last year. Analysts attributed the shift to several macroeconomic factors including supply chain normalization. A senior official speaking on background said policymakers are closely monitoring the situation. Further details are expected to be released at a press briefing scheduled for later this week.",News,2016-04-04
University study links ultra-processed foods to higher mortality risk,"university study links ultra-processed foods to higher mortality risk, according to data released by the agency on Tuesday. The figures mark a notable change compared to the same period last year. Analysts attributed the shift to several macroeconomic factors including supply chain normalization. A senior official speaking on background said policymakers are closely monitoring the situation. Further details are expected to be released at a press briefing scheduled for later this week.",Government News,2021-02-23
Senate confirms new ambassador to key ally in diplomatic shift,"The administration announced Tuesday that senate confirms new ambassador to key ally in diplomatic shift. Officials cited data showing consistent trends in the relevant sectors over the past quarter. Congressional leaders from both parties acknowledged the significance of the development. The press secretary stated: ""This reflects our ongoing commitment to evidence-based policymaking."" International observers noted the decision aligns with broader global economic trends.",politics,2016-01-13
Senate confirms new ambassador to key ally in diplomatic shift,"In a statement released Wednesday, officials confirmed that senate confirms new ambassador to key ally in diplomatic shift. The decision follows months of negotiations and represents a significant policy shift. Experts said the move was expected given recent economic indicators and geopolitical developments. Spokesperson for the agency noted: ""We are committed to transparency and will continue to update the public."" The announcement was welcomed by industry leaders while some advocacy groups called for further review.",politicsNews,2019-11-27
SpaceX successfully lands booster for record fifteenth time,"spacex successfully lands booster for record fifteenth time, according to data released by the agency on Thursday. The figures mark a notable change compared to the same period last year. Analysts attributed the shift to several macroeconomic factors including supply chain normalization. A senior official speaking on background said policymakers are closely monitoring the situation. Further details are expected to be released at a press briefing scheduled for later this week.",worldnews,2021-07-02
Pentagon releases annual defense budget request to Congress,"pentagon releases annual defense budget request to congress, according to data released by the agency on Friday. The figures mark a notable change compared to the same period last year. Analysts attributed the shift to several macroeconomic factors including supply chain normalization. A senior official speaking on background said policymakers are closely monitoring the situation. Further details are expected to be released at a press briefing scheduled for later this week.",worldnews,2020-07-22
House passes bipartisan legislation on prescription drug pricing reform,"Researchers at a leading institution published findings Tuesday showing that house passes bipartisan legislation on prescription drug pricing reform. The peer-reviewed study, conducted over 18 months, analyzed data from more than 10,000 participants. Lead author stated the results have important implications for public policy and future research. The methodology was independently verified by two external review boards before publication. Government agencies said they would consider the findings in upcoming regulatory reviews.",Government News,2020-07-23
Federal Reserve raises interest rates by 25 basis points amid inflation concerns,"The administration announced Thursday that federal reserve raises interest rates by 25 basis points amid inflation concerns. Officials cited data showing consistent trends in the relevant sectors over the past quarter. Congressional leaders from both parties acknowledged the significance of the development. The press secretary stated: ""This reflects our ongoing commitment to evidence-based policymaking."" International observers noted the decision aligns with broader global economic trends.",left-news,2020-04-27
Commerce Department reports rise in trade deficit for second quarter,"The administration announced Wednesday that commerce department reports rise in trade deficit for second quarter. Officials cited data showing consistent trends in the relevant sectors over the past quarter. Congressional leaders from both parties acknowledged the significance of the development. The press secretary stated: ""This reflects our ongoing commitment to evidence-based policymaking."" International observers noted the decision aligns with broader global economic trends.",politics,2016-11-23
Unemployment rate falls to lowest level in two years,"In a statement released Thursday, officials confirmed that unemployment rate falls to lowest level in two years. The decision follows months of negotiations and represents a significant policy shift. Experts said the move was expected given recent economic indicators and geopolitical developments. Spokesperson for the agency noted: ""We are committed to transparency and will continue to update the public."" The announcement was welcomed by industry leaders while some advocacy groups called for further review.",worldnews,2019-02-21
Climate summit reaches agreement on carbon emission reductions,"In a statement released Tuesday, officials confirmed that climate summit reaches agreement on carbon emission reductions. The decision follows months of negotiations and represents a significant policy shift. Experts said the move was expected given recent economic indicators and geopolitical developments. Spokesperson for the agency noted: ""We are committed to transparency and will continue to update the public."" The announcement was welcomed by industry leaders while some advocacy groups called for further review.",left-news,2017-03-18
G20 leaders agree on framework for global minimum corporate tax,"g20 leaders agree on framework for global minimum corporate tax, according to data released by the agency on Wednesday. The figures mark a notable change compared to the same period last year. Analysts attributed the shift to several macroeconomic factors including supply chain normalization. A senior official speaking on background said policymakers are closely monitoring the situation. Further details are expected to be released at a press briefing scheduled for later this week.",Government News,2022-05-18
Oil prices fall after OPEC announces production increase,"Researchers at a leading institution published findings Friday showing that oil prices fall after opec announces production increase. The peer-reviewed study, conducted over 18 months, analyzed data from more than 10,000 participants. Lead author stated the results have important implications for public policy and future research. The methodology was independently verified by two external review boards before publication. Government agencies said they would consider the findings in upcoming regulatory reviews.",News,2017-02-13
CDC updates COVID-19 guidelines for healthcare workers,"In a statement released Friday, officials confirmed that cdc updates covid-19 guidelines for healthcare workers. The decision follows months of negotiations and represents a significant policy shift. Experts said the move was expected given recent economic indicators and geopolitical developments. Spokesperson for the agency noted: ""We are committed to transparency and will continue to update the public."" The announcement was welcomed by industry leaders while some advocacy groups called for further review.",left-news,2019-03-17
United Nations calls for ceasefire as conflict in region intensifies,"The administration announced Thursday that united nations calls for ceasefire as conflict in region intensifies. Officials cited data showing consistent trends in the relevant sectors over the past quarter. Congressional leaders from both parties acknowledged the significance of the development. The press secretary stated: ""This reflects our ongoing commitment to evidence-based policymaking."" International observers noted the decision aligns with broader global economic trends.",politicsNews,2017-04-02
World Bank approves emergency loans to three developing nations,"world bank approves emergency loans to three developing nations, according to data released by the agency on Monday. The figures mark a notable change compared to the same period last year. Analysts attributed the shift to several macroeconomic factors including supply chain normalization. A senior official speaking on background said policymakers are closely monitoring the situation. Further details are expected to be released at a press briefing scheduled for later this week.",Government News,2017-04-14
Environmental Protection Agency announces new clean air standards,"Researchers at a leading institution published findings Thursday showing that environmental protection agency announces new clean air standards. The peer-reviewed study, conducted over 18 months, analyzed data from more than 10,000 participants. Lead author stated the results have important implications for public policy and future research. The methodology was independently verified by two external review boards before publication. Government agencies said they would consider the findings in upcoming regulatory reviews.",Government News,2018-08-20
Commerce Department reports rise in trade deficit for second quarter,"In a statement released Friday, officials confirmed that commerce department reports rise in trade deficit for second quarter. The decision follows months of negotiations and represents a significant policy shift. Experts said the move was expected given recent economic indicators and geopolitical developments. Spokesperson for the agency noted: ""We are committed to transparency and will continue to update the public."" The announcement was welcomed by industry leaders while some advocacy groups called for further review.",worldnews,2019-12-11
United Nations calls for ceasefire as conflict in region intensifies,"According to a report published Monday, united nations calls for ceasefire as conflict in region intensifies. The findings were based on a comprehensive review of publicly available data and expert testimony. Committee members questioned agency officials for several hours before releasing the final report. Independent economists described the assessment as thorough and methodologically sound. The report will now be reviewed by the relevant oversight body before any formal policy action is taken.",worldnews,2021-05-06
Federal budget deficit widens as spending outpaces revenue growth,"The administration announced Tuesday that federal budget deficit widens as spending outpaces revenue growth. Officials cited data showing consistent trends in the relevant sectors over the past quarter. Congressional leaders from both parties acknowledged the significance of the development. The press secretary stated: ""This reflects our ongoing commitment to evidence-based policymaking."" International observers noted the decision aligns with broader global economic trends.",Government News,2016-07-13
Pentagon releases annual defense budget request to Congress,"Researchers at a leading institution published findings Friday showing that pentagon releases annual defense budget request to congress. The peer-reviewed study, conducted over 18 months, analyzed data from more than 10,000 participants. Lead author stated the results have important implications for public policy and future research. The methodology was independently verified by two external review boards before publication. Government agencies said they would consider the findings in upcoming regulatory reviews.",politicsNews,2019-03-21
CDC updates COVID-19 guidelines for healthcare workers,"Researchers at a leading institution published findings Thursday showing that cdc updates covid-19 guidelines for healthcare workers. The peer-reviewed study, conducted over 18 months, analyzed data from more than 10,000 participants. Lead author stated the results have important implications for public policy and future research. The methodology was independently verified by two external review boards before publication. Government agencies said they would consider the findings in upcoming regulatory reviews.",politicsNews,2023-02-27
Global food prices rise as drought affects major agricultural regions,"According to a report published Friday, global food prices rise as drought affects major agricultural regions. The findings were based on a comprehensive review of publicly available data and expert testimony. Committee members questioned agency officials for several hours before releasing the final report. Independent economists described the assessment as thorough and methodologically sound. The report will now be reviewed by the relevant oversight body before any formal policy action is taken.",News,2018-03-18
G20 leaders agree on framework for global minimum corporate tax,"In a statement released Monday, officials confirmed that g20 leaders agree on framework for global minimum corporate tax. The decision follows months of negotiations and represents a significant policy shift. Experts said the move was expected given recent economic indicators and geopolitical developments. Spokesperson for the agency noted: ""We are committed to transparency and will continue to update the public."" The announcement was welcomed by industry leaders while some advocacy groups called for further review.",Government News,2017-07-17
Consumer confidence index rises for third consecutive month,"In a statement released Friday, officials confirmed that consumer confidence index rises for third consecutive month. The decision follows months of negotiations and represents a significant policy shift. Experts said the move was expected given recent economic indicators and geopolitical developments. Spokesperson for the agency noted: ""We are committed to transparency and will continue to update the public."" The announcement was welcomed by industry leaders while some advocacy groups called for further review.",Government News,2018-12-11
Congressional hearing examines social media impact on teen mental health,"In a statement released Tuesday, officials confirmed that congressional hearing examines social media impact on teen mental health. The decision follows months of negotiations and represents a significant policy shift. Experts said the move was expected given recent economic indicators and geopolitical developments. Spokesperson for the agency noted: ""We are committed to transparency and will continue to update the public."" The announcement was welcomed by industry leaders while some advocacy groups called for further review.",politicsNews,2019-01-13
Federal Reserve raises interest rates by 25 basis points amid inflation concerns,"According to a report published Monday, federal reserve raises interest rates by 25 basis points amid inflation concerns. The findings were based on a comprehensive review of publicly available data and expert testimony. Committee members questioned agency officials for several hours before releasing the final report. Independent economists described the assessment as thorough and methodologically sound. The report will now be reviewed by the relevant oversight body before any formal policy action is taken.",left-news,2017-04-25
Transportation Secretary unveils plan to modernize air traffic control,"In a statement released Friday, officials confirmed that transportation secretary unveils plan to modernize air traffic control. The decision follows months of negotiations and represents a significant policy shift. Experts said the move was expected given recent economic indicators and geopolitical developments. Spokesperson for the agency noted: ""We are committed to transparency and will continue to update the public."" The announcement was welcomed by industry leaders while some advocacy groups called for further review.",politics,2017-01-21
Treasury Department proposes new tax reform package for small businesses,"According to a report published Thursday, treasury department proposes new tax reform package for small businesses. The findings were based on a comprehensive review of publicly available data and expert testimony. Committee members questioned agency officials for several hours before releasing the final report. Independent economists described the assessment as thorough and methodologically sound. The report will now be reviewed by the relevant oversight body before any formal policy action is taken.",News,2022-08-24
Global food prices rise as drought affects major agricultural regions,"The administration announced Friday that global food prices rise as drought affects major agricultural regions. Officials cited data showing consistent trends in the relevant sectors over the past quarter. Congressional leaders from both parties acknowledged the significance of the development. The press secretary stated: ""This reflects our ongoing commitment to evidence-based policymaking."" International observers noted the decision aligns with broader global economic trends.",News,2021-11-15
Treasury Department proposes new tax reform package for small businesses,"treasury department proposes new tax reform package for small businesses, according to data released by the agency on Thursday. The figures mark a notable change compared to the same period last year. Analysts attributed the shift to several macroeconomic factors including supply chain normalization. A senior official speaking on background said policymakers are closely monitoring the situation. Further details are expected to be released at a press briefing scheduled for later this week.",politics,2021-04-05
Oil prices fall after OPEC announces production increase,"oil prices fall after opec announces production increase, according to data released by the agency on Thursday. The figures mark a notable change compared to the same period last year. Analysts attributed the shift to several macroeconomic factors including supply chain normalization. A senior official speaking on background said policymakers are closely monitoring the situation. Further details are expected to be released at a press briefing scheduled for later this week.",News,2018-06-24
Scientists achieve breakthrough in Alzheimer's disease treatment in new study,"The administration announced Wednesday that scientists achieve breakthrough in alzheimer's disease treatment in new study. Officials cited data showing consistent trends in the relevant sectors over the past quarter. Congressional leaders from both parties acknowledged the significance of the development. The press secretary stated: ""This reflects our ongoing commitment to evidence-based policymaking."" International observers noted the decision aligns with broader global economic trends.",worldnews,2016-08-14
Science journal publishes breakthrough research on gene editing safety,"According to a report published Tuesday, science journal publishes breakthrough research on gene editing safety. The findings were based on a comprehensive review of publicly available data and expert testimony. Committee members questioned agency officials for several hours before releasing the final report. Independent economists described the assessment as thorough and methodologically sound. The report will now be reviewed by the relevant oversight body before any formal policy action is taken.",left-news,2018-11-12
Senate confirms new ambassador to key ally in diplomatic shift,"The administration announced Thursday that senate confirms new ambassador to key ally in diplomatic shift. Officials cited data showing consistent trends in the relevant sectors over the past quarter. Congressional leaders from both parties acknowledged the significance of the development. The press secretary stated: ""This reflects our ongoing commitment to evidence-based policymaking."" International observers noted the decision aligns with broader global economic trends.",left-news,2023-12-15
State department issues travel advisory for Southeast Asian region,"The administration announced Thursday that state department issues travel advisory for southeast asian region. Officials cited data showing consistent trends in the relevant sectors over the past quarter. Congressional leaders from both parties acknowledged the significance of the development. The press secretary stated: ""This reflects our ongoing commitment to evidence-based policymaking."" International observers noted the decision aligns with broader global economic trends.",News,2021-06-22
Unemployment rate falls to lowest level in two years,"unemployment rate falls to lowest level in two years, according to data released by the agency on Friday. The figures mark a notable change compared to the same period last year. Analysts attributed the shift to several macroeconomic factors including supply chain normalization. A senior official speaking on background said policymakers are closely monitoring the situation. Further details are expected to be released at a press briefing scheduled for later this week.",worldnews,2019-04-23
CDC updates COVID-19 guidelines for healthcare workers,"According to a report published Tuesday, cdc updates covid-19 guidelines for healthcare workers. The findings were based on a comprehensive review of publicly available data and expert testimony. Committee members questioned agency officials for several hours before releasing the final report. Independent economists described the assessment as thorough and methodologically sound. The report will now be reviewed by the relevant oversight body before any formal policy action is taken.",Government News,2021-08-18
Secretary of State holds bilateral talks with foreign minister in capital,"The administration announced Wednesday that secretary of state holds bilateral talks with foreign minister in capital. Officials cited data showing consistent trends in the relevant sectors over the past quarter. Congressional leaders from both parties acknowledged the significance of the development. The press secretary stated: ""This reflects our ongoing commitment to evidence-based policymaking."" International observers noted the decision aligns with broader global economic trends.",Government News,2020-04-13
Pentagon releases annual defense budget request to Congress,"The administration announced Monday that pentagon releases annual defense budget request to congress. Officials cited data showing consistent trends in the relevant sectors over the past quarter. Congressional leaders from both parties acknowledged the significance of the development. The press secretary stated: ""This reflects our ongoing commitment to evidence-based policymaking."" International observers noted the decision aligns with broader global economic trends.",politics,2023-05-27
Commerce Department reports rise in trade deficit for second quarter,"According to a report published Thursday, commerce department reports rise in trade deficit for second quarter. The findings were based on a comprehensive review of publicly available data and expert testimony. Committee members questioned agency officials for several hours before releasing the final report. Independent economists described the assessment as thorough and methodologically sound. The report will now be reviewed by the relevant oversight body before any formal policy action is taken.",politicsNews,2019-04-11
Health officials report significant decline in childhood obesity rates,"health officials report significant decline in childhood obesity rates, according to data released by the agency on Thursday. The figures mark a notable change compared to the same period last year. Analysts attributed the shift to several macroeconomic factors including supply chain normalization. A senior official speaking on background said policymakers are closely monitoring the situation. Further details are expected to be released at a press briefing scheduled for later this week.",politics,2022-03-15
Scientists achieve breakthrough in Alzheimer's disease treatment in new study,"scientists achieve breakthrough in alzheimer's disease treatment in new study, according to data released by the agency on Thursday. The figures mark a notable change compared to the same period last year. Analysts attributed the shift to several macroeconomic factors including supply chain normalization. A senior official speaking on background said policymakers are closely monitoring the situation. Further details are expected to be released at a press briefing scheduled for later this week.",politics,2018-05-24
Justice Department files antitrust suit against major technology firm,"According to a report published Tuesday, justice department files antitrust suit against major technology firm. The findings were based on a comprehensive review of publicly available data and expert testimony. Committee members questioned agency officials for several hours before releasing the final report. Independent economists described the assessment as thorough and methodologically sound. The report will now be reviewed by the relevant oversight body before any formal policy action is taken.",Government News,2022-10-26
CDC updates COVID-19 guidelines for healthcare workers,"cdc updates covid-19 guidelines for healthcare workers, according to data released by the agency on Thursday. The figures mark a notable change compared to the same period last year. Analysts attributed the shift to several macroeconomic factors including supply chain normalization. A senior official speaking on background said policymakers are closely monitoring the situation. Further details are expected to be released at a press briefing scheduled for later this week.",News,2023-04-28
National Institutes of Health announces increased funding for cancer research,"national institutes of health announces increased funding for cancer research, according to data released by the agency on Thursday. The figures mark a notable change compared to the same period last year. Analysts attributed the shift to several macroeconomic factors including supply chain normalization. A senior official speaking on background said policymakers are closely monitoring the situation. Further details are expected to be released at a press briefing scheduled for later this week.",News,2016-11-04
NASA successfully launches Artemis mission to lunar orbit,"In a statement released Monday, officials confirmed that nasa successfully launches artemis mission to lunar orbit. The decision follows months of negotiations and represents a significant policy shift. Experts said the move was expected given recent economic indicators and geopolitical developments. Spokesperson for the agency noted: ""We are committed to transparency and will continue to update the public."" The announcement was welcomed by industry leaders while some advocacy groups called for further review.",politicsNews,2016-06-28
WHO warns of rising antibiotic resistance as global health threat,"Researchers at a leading institution published findings Wednesday showing that who warns of rising antibiotic resistance as global health threat. The peer-reviewed study, conducted over 18 months, analyzed data from more than 10,000 participants. Lead author stated the results have important implications for public policy and future research. The methodology was independently verified by two external review boards before publication. Government agencies said they would consider the findings in upcoming regulatory reviews.",worldnews,2018-04-10
NASA successfully launches Artemis mission to lunar orbit,"Researchers at a leading institution published findings Friday showing that nasa successfully launches artemis mission to lunar orbit. The peer-reviewed study, conducted over 18 months, analyzed data from more than 10,000 participants. Lead author stated the results have important implications for public policy and future research. The methodology was independently verified by two external review boards before publication. Government agencies said they would consider the findings in upcoming regulatory reviews.",News,2023-08-11
Science journal publishes breakthrough research on gene editing safety,"science journal publishes breakthrough research on gene editing safety, according to data released by the agency on Wednesday. The figures mark a notable change compared to the same period last year. Analysts attributed the shift to several macroeconomic factors including supply chain normalization. A senior official speaking on background said policymakers are closely monitoring the situation. Further details are expected to be released at a press briefing scheduled for later this week.",News,2017-09-06
Pentagon releases annual defense budget request to Congress,"pentagon releases annual defense budget request to congress, according to data released by the agency on Thursday. The figures mark a notable change compared to the same period last year. Analysts attributed the shift to several macroeconomic factors including supply chain normalization. A senior official speaking on background said policymakers are closely monitoring the situation. Further details are expected to be released at a press briefing scheduled for later this week.",politicsNews,2022-03-18
Health officials report significant decline in childhood obesity rates,"The administration announced Wednesday that health officials report significant decline in childhood obesity rates. Officials cited data showing consistent trends in the relevant sectors over the past quarter. Congressional leaders from both parties acknowledged the significance of the development. The press secretary stated: ""This reflects our ongoing commitment to evidence-based policymaking."" International observers noted the decision aligns with broader global economic trends.",Government News,2019-02-22
Pentagon releases annual defense budget request to Congress,"The administration announced Monday that pentagon releases annual defense budget request to congress. Officials cited data showing consistent trends in the relevant sectors over the past quarter. Congressional leaders from both parties acknowledged the significance of the development. The press secretary stated: ""This reflects our ongoing commitment to evidence-based policymaking."" International observers noted the decision aligns with broader global economic trends.",politicsNews,2018-07-16
World Bank approves emergency loans to three developing nations,"The administration announced Tuesday that world bank approves emergency loans to three developing nations. Officials cited data showing consistent trends in the relevant sectors over the past quarter. Congressional leaders from both parties acknowledged the significance of the development. The press secretary stated: ""This reflects our ongoing commitment to evidence-based policymaking."" International observers noted the decision aligns with broader global economic trends.",politicsNews,2021-08-19
House passes bipartisan legislation on prescription drug pricing reform,"house passes bipartisan legislation on prescription drug pricing reform, according to data released by the agency on Thursday. The figures mark a notable change compared to the same period last year. Analysts attributed the shift to several macroeconomic factors including supply chain normalization. A senior official speaking on background said policymakers are closely monitoring the situation. Further details are expected to be released at a press briefing scheduled for later this week.",politicsNews,2023-11-19
Federal budget deficit widens as spending outpaces revenue growth,"Researchers at a leading institution published findings Monday showing that federal budget deficit widens as spending outpaces revenue growth. The peer-reviewed study, conducted over 18 months, analyzed data from more than 10,000 participants. Lead author stated the results have important implications for public policy and future research. The methodology was independently verified by two external review boards before publication. Government agencies said they would consider the findings in upcoming regulatory reviews.",News,2017-03-05
Environmental Protection Agency announces new clean air standards,"Researchers at a leading institution published findings Thursday showing that environmental protection agency announces new clean air standards. The peer-reviewed study, conducted over 18 months, analyzed data from more than 10,000 participants. Lead author stated the results have important implications for public policy and future research. The methodology was independently verified by two external review boards before publication. Government agencies said they would consider the findings in upcoming regulatory reviews.",worldnews,2017-11-07
Transportation Secretary unveils plan to modernize air traffic control,"Researchers at a leading institution published findings Wednesday showing that transportation secretary unveils plan to modernize air traffic control. The peer-reviewed study, conducted over 18 months, analyzed data from more than 10,000 participants. Lead author stated the results have important implications for public policy and future research. The methodology was independently verified by two external review boards before publication. Government agencies said they would consider the findings in upcoming regulatory reviews.",Government News,2017-06-20
Federal court rules against merger of two major airline carriers,"In a statement released Friday, officials confirmed that federal court rules against merger of two major airline carriers. The decision follows months of negotiations and represents a significant policy shift. Experts said the move was expected given recent economic indicators and geopolitical developments. Spokesperson for the agency noted: ""We are committed to transparency and will continue to update the public."" The announcement was welcomed by industry leaders while some advocacy groups called for further review.",politics,2022-03-12
International Monetary Fund revises global growth forecast downward,"international monetary fund revises global growth forecast downward, according to data released by the agency on Friday. The figures mark a notable change compared to the same period last year. Analysts attributed the shift to several macroeconomic factors including supply chain normalization. A senior official speaking on background said policymakers are closely monitoring the situation. Further details are expected to be released at a press briefing scheduled for later this week.",News,2016-08-11
Supreme Court hears oral arguments in landmark free speech case,"In a statement released Tuesday, officials confirmed that supreme court hears oral arguments in landmark free speech case. The decision follows months of negotiations and represents a significant policy shift. Experts said the move was expected given recent economic indicators and geopolitical developments. Spokesperson for the agency noted: ""We are committed to transparency and will continue to update the public."" The announcement was welcomed by industry leaders while some advocacy groups called for further review.",Government News,2020-05-15
NATO allies agree to increase defense spending commitments,"Researchers at a leading institution published findings Monday showing that nato allies agree to increase defense spending commitments. The peer-reviewed study, conducted over 18 months, analyzed data from more than 10,000 participants. Lead author stated the results have important implications for public policy and future research. The methodology was independently verified by two external review boards before publication. Government agencies said they would consider the findings in upcoming regulatory reviews.",News,2023-11-03
SpaceX successfully lands booster for record fifteenth time,"According to a report published Monday, spacex successfully lands booster for record fifteenth time. The findings were based on a comprehensive review of publicly available data and expert testimony. Committee members questioned agency officials for several hours before releasing the final report. Independent economists described the assessment as thorough and methodologically sound. The report will now be reviewed by the relevant oversight body before any formal policy action is taken.",worldnews,2016-12-19
Scientists achieve breakthrough in Alzheimer's disease treatment in new study,"Researchers at a leading institution published findings Thursday showing that scientists achieve breakthrough in alzheimer's disease treatment in new study. The peer-reviewed study, conducted over 18 months, analyzed data from more than 10,000 participants. Lead author stated the results have important implications for public policy and future research. The methodology was independently verified by two external review boards before publication. Government agencies said they would consider the findings in upcoming regulatory reviews.",worldnews,2023-07-13
United Nations calls for ceasefire as conflict in region intensifies,"Researchers at a leading institution published findings Thursday showing that united nations calls for ceasefire as conflict in region intensifies. The peer-reviewed study, conducted over 18 months, analyzed data from more than 10,000 participants. Lead author stated the results have important implications for public policy and future research. The methodology was independently verified by two external review boards before publication. Government agencies said they would consider the findings in upcoming regulatory reviews.",News,2021-09-28
NATO allies agree to increase defense spending commitments,"The administration announced Wednesday that nato allies agree to increase defense spending commitments. Officials cited data showing consistent trends in the relevant sectors over the past quarter. Congressional leaders from both parties acknowledged the significance of the development. The press secretary stated: ""This reflects our ongoing commitment to evidence-based policymaking."" International observers noted the decision aligns with broader global economic trends.",worldnews,2021-12-09
Health officials report significant decline in childhood obesity rates,"health officials report significant decline in childhood obesity rates, according to data released by the agency on Thursday. The figures mark a notable change compared to the same period last year. Analysts attributed the shift to several macroeconomic factors including supply chain normalization. A senior official speaking on background said policymakers are closely monitoring the situation. Further details are expected to be released at a press briefing scheduled for later this week.",News,2020-02-15
Labor Department reports strong job gains across manufacturing sector,"In a statement released Wednesday, officials confirmed that labor department reports strong job gains across manufacturing sector. The decision follows months of negotiations and represents a significant policy shift. Experts said the move was expected given recent economic indicators and geopolitical developments. Spokesperson for the agency noted: ""We are committed to transparency and will continue to update the public."" The announcement was welcomed by industry leaders while some advocacy groups called for further review.",politics,2017-01-26
Stock markets decline as investors react to rising bond yields,"In a statement released Tuesday, officials confirmed that stock markets decline as investors react to rising bond yields. The decision follows months of negotiations and represents a significant policy shift. Experts said the move was expected given recent economic indicators and geopolitical developments. Spokesperson for the agency noted: ""We are committed to transparency and will continue to update the public."" The announcement was welcomed by industry leaders while some advocacy groups called for further review.",politicsNews,2018-06-03
Pentagon releases annual defense budget request to Congress,"According to a report published Tuesday, pentagon releases annual defense budget request to congress. The findings were based on a comprehensive review of publicly available data and expert testimony. Committee members questioned agency officials for several hours before releasing the final report. Independent economists described the assessment as thorough and methodologically sound. The report will now be reviewed by the relevant oversight body before any formal policy action is taken.",politicsNews,2017-01-24
Federal Reserve raises interest rates by 25 basis points amid inflation concerns,"Researchers at a leading institution published findings Friday showing that federal reserve raises interest rates by 25 basis points amid inflation concerns. The peer-reviewed study, conducted over 18 months, analyzed data from more than 10,000 participants. Lead author stated the results have important implications for public policy and future research. The methodology was independently verified by two external review boards before publication. Government agencies said they would consider the findings in upcoming regulatory reviews.",politicsNews,2018-10-21
University study links ultra-processed foods to higher mortality risk,"Researchers at a leading institution published findings Monday showing that university study links ultra-processed foods to higher mortality risk. The peer-reviewed study, conducted over 18 months, analyzed data from more than 10,000 participants. Lead author stated the results have important implications for public policy and future research. The methodology was independently verified by two external review boards before publication. Government agencies said they would consider the findings in upcoming regulatory reviews.",politics,2017-01-23
Stock markets decline as investors react to rising bond yields,"stock markets decline as investors react to rising bond yields, according to data released by the agency on Monday. The figures mark a notable change compared to the same period last year. Analysts attributed the shift to several macroeconomic factors including supply chain normalization. A senior official speaking on background said policymakers are closely monitoring the situation. Further details are expected to be released at a press briefing scheduled for later this week.",worldnews,2017-12-03
Federal Reserve raises interest rates by 25 basis points amid inflation concerns,"The administration announced Tuesday that federal reserve raises interest rates by 25 basis points amid inflation concerns. Officials cited data showing consistent trends in the relevant sectors over the past quarter. Congressional leaders from both parties acknowledged the significance of the development. The press secretary stated: ""This reflects our ongoing commitment to evidence-based policymaking."" International observers noted the decision aligns with broader global economic trends.",worldnews,2016-12-03
World Bank approves emergency loans to three developing nations,"Researchers at a leading institution published findings Friday showing that world bank approves emergency loans to three developing nations. The peer-reviewed study, conducted over 18 months, analyzed data from more than 10,000 participants. Lead author stated the results have important implications for public policy and future research. The methodology was independently verified by two external review boards before publication. Government agencies said they would consider the findings in upcoming regulatory reviews.",worldnews,2023-04-23
Federal court rules against merger of two major airline carriers,"According to a report published Tuesday, federal court rules against merger of two major airline carriers. The findings were based on a comprehensive review of publicly available data and expert testimony. Committee members questioned agency officials for several hours before releasing the final report. Independent economists described the assessment as thorough and methodologically sound. The report will now be reviewed by the relevant oversight body before any formal policy action is taken.",left-news,2020-12-22
Agriculture Department releases annual crop yield forecast for winter,"In a statement released Thursday, officials confirmed that agriculture department releases annual crop yield forecast for winter. The decision follows months of negotiations and represents a significant policy shift. Experts said the move was expected given recent economic indicators and geopolitical developments. Spokesperson for the agency noted: ""We are committed to transparency and will continue to update the public."" The announcement was welcomed by industry leaders while some advocacy groups called for further review.",worldnews,2016-02-06
CDC updates COVID-19 guidelines for healthcare workers,"Researchers at a leading institution published findings Tuesday showing that cdc updates covid-19 guidelines for healthcare workers. The peer-reviewed study, conducted over 18 months, analyzed data from more than 10,000 participants. Lead author stated the results have important implications for public policy and future research. The methodology was independently verified by two external review boards before publication. Government agencies said they would consider the findings in upcoming regulatory reviews.",politics,2019-12-04
Federal Reserve chair says inflation showing signs of gradual easing,"In a statement released Tuesday, officials confirmed that federal reserve chair says inflation showing signs of gradual easing. The decision follows months of negotiations and represents a significant policy shift. Experts said the move was expected given recent economic indicators and geopolitical developments. Spokesperson for the agency noted: ""We are committed to transparency and will continue to update the public."" The announcement was welcomed by industry leaders while some advocacy groups called for further review.",worldnews,2021-04-06
Unemployment rate falls to lowest level in two years,"According to a report published Wednesday, unemployment rate falls to lowest level in two years. The findings were based on a comprehensive review of publicly available data and expert testimony. Committee members questioned agency officials for several hours before releasing the final report. Independent economists described the assessment as thorough and methodologically sound. The report will now be reviewed by the relevant oversight body before any formal policy action is taken.",politics,2022-09-21
Oil prices fall after OPEC announces production increase,"oil prices fall after opec announces production increase, according to data released by the agency on Thursday. The figures mark a notable change compared to the same period last year. Analysts attributed the shift to several macroeconomic factors including supply chain normalization. A senior official speaking on background said policymakers are closely monitoring the situation. Further details are expected to be released at a press briefing scheduled for later this week.",News,2021-12-08
Defense Secretary meets with allies to discuss regional security threats,"In a statement released Wednesday, officials confirmed that defense secretary meets with allies to discuss regional security threats. The decision follows months of negotiations and represents a significant policy shift. Experts said the move was expected given recent economic indicators and geopolitical developments. Spokesperson for the agency noted: ""We are committed to transparency and will continue to update the public."" The announcement was welcomed by industry leaders while some advocacy groups called for further review.",News,2018-02-02
NASA successfully launches Artemis mission to lunar orbit,"The administration announced Wednesday that nasa successfully launches artemis mission to lunar orbit. Officials cited data showing consistent trends in the relevant sectors over the past quarter. Congressional leaders from both parties acknowledged the significance of the development. The press secretary stated: ""This reflects our ongoing commitment to evidence-based policymaking."" International observers noted the decision aligns with broader global economic trends.",Government News,2016-10-25
NATO allies agree to increase defense spending commitments,"In a statement released Thursday, officials confirmed that nato allies agree to increase defense spending commitments. The decision follows months of negotiations and represents a significant policy shift. Experts said the move was expected given recent economic indicators and geopolitical developments. Spokesperson for the agency noted: ""We are committed to transparency and will continue to update the public."" The announcement was welcomed by industry leaders while some advocacy groups called for further review.",politicsNews,2017-06-19
Commerce Department reports rise in trade deficit for second quarter,"Researchers at a leading institution published findings Friday showing that commerce department reports rise in trade deficit for second quarter. The peer-reviewed study, conducted over 18 months, analyzed data from more than 10,000 participants. Lead author stated the results have important implications for public policy and future research. The methodology was independently verified by two external review boards before publication. Government agencies said they would consider the findings in upcoming regulatory reviews.",Government News,2017-10-09
Presidential press secretary addresses reporters on foreign policy,"Researchers at a leading institution published findings Thursday showing that presidential press secretary addresses reporters on foreign policy. The peer-reviewed study, conducted over 18 months, analyzed data from more than 10,000 participants. Lead author stated the results have important implications for public policy and future research. The methodology was independently verified by two external review boards before publication. Government agencies said they would consider the findings in upcoming regulatory reviews.",News,2023-06-16
New cancer screening program launches in several US states,"The administration announced Wednesday that new cancer screening program launches in several us states. Officials cited data showing consistent trends in the relevant sectors over the past quarter. Congressional leaders from both parties acknowledged the significance of the development. The press secretary stated: ""This reflects our ongoing commitment to evidence-based policymaking."" International observers noted the decision aligns with broader global economic trends.",politics,2019-04-19
Supreme Court hears oral arguments in landmark free speech case,"In a statement released Wednesday, officials confirmed that supreme court hears oral arguments in landmark free speech case. The decision follows months of negotiations and represents a significant policy shift. Experts said the move was expected given recent economic indicators and geopolitical developments. Spokesperson for the agency noted: ""We are committed to transparency and will continue to update the public."" The announcement was welcomed by industry leaders while some advocacy groups called for further review.",left-news,2023-08-11
Unemployment rate falls to lowest level in two years,"The administration announced Thursday that unemployment rate falls to lowest level in two years. Officials cited data showing consistent trends in the relevant sectors over the past quarter. Congressional leaders from both parties acknowledged the significance of the development. The press secretary stated: ""This reflects our ongoing commitment to evidence-based policymaking."" International observers noted the decision aligns with broader global economic trends.",left-news,2018-03-24
Secretary of State holds bilateral talks with foreign minister in capital,"The administration announced Thursday that secretary of state holds bilateral talks with foreign minister in capital. Officials cited data showing consistent trends in the relevant sectors over the past quarter. Congressional leaders from both parties acknowledged the significance of the development. The press secretary stated: ""This reflects our ongoing commitment to evidence-based policymaking."" International observers noted the decision aligns with broader global economic trends.",politicsNews,2018-06-13
Transportation Secretary unveils plan to modernize air traffic control,"transportation secretary unveils plan to modernize air traffic control, according to data released by the agency on Thursday. The figures mark a notable change compared to the same period last year. Analysts attributed the shift to several macroeconomic factors including supply chain normalization. A senior official speaking on background said policymakers are closely monitoring the situation. Further details are expected to be released at a press briefing scheduled for later this week.",News,2016-07-26
Labor Department reports strong job gains across manufacturing sector,"labor department reports strong job gains across manufacturing sector, according to data released by the agency on Tuesday. The figures mark a notable change compared to the same period last year. Analysts attributed the shift to several macroeconomic factors including supply chain normalization. A senior official speaking on background said policymakers are closely monitoring the situation. Further details are expected to be released at a press briefing scheduled for later this week.",politics,2018-04-04
Scientists achieve breakthrough in Alzheimer's disease treatment in new study,"The administration announced Thursday that scientists achieve breakthrough in alzheimer's disease treatment in new study. Officials cited data showing consistent trends in the relevant sectors over the past quarter. Congressional leaders from both parties acknowledged the significance of the development. The press secretary stated: ""This reflects our ongoing commitment to evidence-based policymaking."" International observers noted the decision aligns with broader global economic trends.",worldnews,2020-06-07
Scientists achieve breakthrough in Alzheimer's disease treatment in new study,"The administration announced Thursday that scientists achieve breakthrough in alzheimer's disease treatment in new study. Officials cited data showing consistent trends in the relevant sectors over the past quarter. Congressional leaders from both parties acknowledged the significance of the development. The press secretary stated: ""This reflects our ongoing commitment to evidence-based policymaking."" International observers noted the decision aligns with broader global economic trends.",worldnews,2020-09-09
Tech companies face antitrust scrutiny from regulators in EU and US,"tech companies face antitrust scrutiny from regulators in eu and us, according to data released by the agency on Thursday. The figures mark a notable change compared to the same period last year. Analysts attributed the shift to several macroeconomic factors including supply chain normalization. A senior official speaking on background said policymakers are closely monitoring the situation. Further details are expected to be released at a press briefing scheduled for later this week.",politics,2023-07-14
Supreme Court hears oral arguments in landmark free speech case,"The administration announced Monday that supreme court hears oral arguments in landmark free speech case. Officials cited data showing consistent trends in the relevant sectors over the past quarter. Congressional leaders from both parties acknowledged the significance of the development. The press secretary stated: ""This reflects our ongoing commitment to evidence-based policymaking."" International observers noted the decision aligns with broader global economic trends.",News,2017-02-11
Science journal publishes breakthrough research on gene editing safety,"The administration announced Friday that science journal publishes breakthrough research on gene editing safety. Officials cited data showing consistent trends in the relevant sectors over the past quarter. Congressional leaders from both parties acknowledged the significance of the development. The press secretary stated: ""This reflects our ongoing commitment to evidence-based policymaking."" International observers noted the decision aligns with broader global economic trends.",News,2018-04-17
Federal court rules against merger of two major airline carriers,"federal court rules against merger of two major airline carriers, according to data released by the agency on Thursday. The figures mark a notable change compared to the same period last year. Analysts attributed the shift to several macroeconomic factors including supply chain normalization. A senior official speaking on background said policymakers are closely monitoring the situation. Further details are expected to be released at a press briefing scheduled for later this week.",left-news,2016-05-21
Supreme Court hears oral arguments in landmark free speech case,"Researchers at a leading institution published findings Wednesday showing that supreme court hears oral arguments in landmark free speech case. The peer-reviewed study, conducted over 18 months, analyzed data from more than 10,000 participants. Lead author stated the results have important implications for public policy and future research. The methodology was independently verified by two external review boards before publication. Government agencies said they would consider the findings in upcoming regulatory reviews.",Government News,2022-10-04
Central bank governor testifies before Senate banking committee,"central bank governor testifies before senate banking committee, according to data released by the agency on Friday. The figures mark a notable change compared to the same period last year. Analysts attributed the shift to several macroeconomic factors including supply chain normalization. A senior official speaking on background said policymakers are closely monitoring the situation. Further details are expected to be released at a press briefing scheduled for later this week.",News,2021-12-12
Federal Reserve chair says inflation showing signs of gradual easing,"federal reserve chair says inflation showing signs of gradual easing, according to data released by the agency on Wednesday. The figures mark a notable change compared to the same period last year. Analysts attributed the shift to several macroeconomic factors including supply chain normalization. A senior official speaking on background said policymakers are closely monitoring the situation. Further details are expected to be released at a press briefing scheduled for later this week.",politics,2023-02-01
State department issues travel advisory for Southeast Asian region,"Researchers at a leading institution published findings Thursday showing that state department issues travel advisory for southeast asian region. The peer-reviewed study, conducted over 18 months, analyzed data from more than 10,000 participants. Lead author stated the results have important implications for public policy and future research. The methodology was independently verified by two external review boards before publication. Government agencies said they would consider the findings in upcoming regulatory reviews.",worldnews,2019-06-23
Tech companies face antitrust scrutiny from regulators in EU and US,"Researchers at a leading institution published findings Thursday showing that tech companies face antitrust scrutiny from regulators in eu and us. The peer-reviewed study, conducted over 18 months, analyzed data from more than 10,000 participants. Lead author stated the results have important implications for public policy and future research. The methodology was independently verified by two external review boards before publication. Government agencies said they would consider the findings in upcoming regulatory reviews.",News,2021-10-26
SpaceX successfully lands booster for record fifteenth time,"spacex successfully lands booster for record fifteenth time, according to data released by the agency on Tuesday. The figures mark a notable change compared to the same period last year. Analysts attributed the shift to several macroeconomic factors including supply chain normalization. A senior official speaking on background said policymakers are closely monitoring the situation. Further details are expected to be released at a press briefing scheduled for later this week.",News,2019-12-19
Environmental Protection Agency announces new clean air standards,"environmental protection agency announces new clean air standards, according to data released by the agency on Tuesday. The figures mark a notable change compared to the same period last year. Analysts attributed the shift to several macroeconomic factors including supply chain normalization. A senior official speaking on background said policymakers are closely monitoring the situation. Further details are expected to be released at a press briefing scheduled for later this week.",left-news,2023-01-11
National Science Foundation awards grants for quantum computing research,"In a statement released Thursday, officials confirmed that national science foundation awards grants for quantum computing research. The decision follows months of negotiations and represents a significant policy shift. Experts said the move was expected given recent economic indicators and geopolitical developments. Spokesperson for the agency noted: ""We are committed to transparency and will continue to update the public."" The announcement was welcomed by industry leaders while some advocacy groups called for further review.",worldnews,2021-02-17
Federal court rules against merger of two major airline carriers,"The administration announced Friday that federal court rules against merger of two major airline carriers. Officials cited data showing consistent trends in the relevant sectors over the past quarter. Congressional leaders from both parties acknowledged the significance of the development. The press secretary stated: ""This reflects our ongoing commitment to evidence-based policymaking."" International observers noted the decision aligns with broader global economic trends.",Government News,2020-02-15
World Bank approves emergency loans to three developing nations,"world bank approves emergency loans to three developing nations, according to data released by the agency on Wednesday. The figures mark a notable change compared to the same period last year. Analysts attributed the shift to several macroeconomic factors including supply chain normalization. A senior official speaking on background said policymakers are closely monitoring the situation. Further details are expected to be released at a press briefing scheduled for later this week.",Government News,2018-06-28
Commerce Department reports rise in trade deficit for second quarter,"In a statement released Thursday, officials confirmed that commerce department reports rise in trade deficit for second quarter. The decision follows months of negotiations and represents a significant policy shift. Experts said the move was expected given recent economic indicators and geopolitical developments. Spokesperson for the agency noted: ""We are committed to transparency and will continue to update the public."" The announcement was welcomed by industry leaders while some advocacy groups called for further review.",worldnews,2019-11-01
G20 leaders agree on framework for global minimum corporate tax,"Researchers at a leading institution published findings Friday showing that g20 leaders agree on framework for global minimum corporate tax. The peer-reviewed study, conducted over 18 months, analyzed data from more than 10,000 participants. Lead author stated the results have important implications for public policy and future research. The methodology was independently verified by two external review boards before publication. Government agencies said they would consider the findings in upcoming regulatory reviews.",left-news,2018-05-11
Federal court rules against merger of two major airline carriers,"Researchers at a leading institution published findings Friday showing that federal court rules against merger of two major airline carriers. The peer-reviewed study, conducted over 18 months, analyzed data from more than 10,000 participants. Lead author stated the results have important implications for public policy and future research. The methodology was independently verified by two external review boards before publication. Government agencies said they would consider the findings in upcoming regulatory reviews.",politics,2019-11-07
Central bank governor testifies before Senate banking committee,"According to a report published Monday, central bank governor testifies before senate banking committee. The findings were based on a comprehensive review of publicly available data and expert testimony. Committee members questioned agency officials for several hours before releasing the final report. Independent economists described the assessment as thorough and methodologically sound. The report will now be reviewed by the relevant oversight body before any formal policy action is taken.",News,2016-12-07
Defense Secretary meets with allies to discuss regional security threats,"According to a report published Wednesday, defense secretary meets with allies to discuss regional security threats. The findings were based on a comprehensive review of publicly available data and expert testimony. Committee members questioned agency officials for several hours before releasing the final report. Independent economists described the assessment as thorough and methodologically sound. The report will now be reviewed by the relevant oversight body before any formal policy action is taken.",worldnews,2022-07-23
Federal Reserve raises interest rates by 25 basis points amid inflation concerns,"Researchers at a leading institution published findings Wednesday showing that federal reserve raises interest rates by 25 basis points amid inflation concerns. The peer-reviewed study, conducted over 18 months, analyzed data from more than 10,000 participants. Lead author stated the results have important implications for public policy and future research. The methodology was independently verified by two external review boards before publication. Government agencies said they would consider the findings in upcoming regulatory reviews.",worldnews,2018-05-01
Scientists achieve breakthrough in Alzheimer's disease treatment in new study,"The administration announced Monday that scientists achieve breakthrough in alzheimer's disease treatment in new study. Officials cited data showing consistent trends in the relevant sectors over the past quarter. Congressional leaders from both parties acknowledged the significance of the development. The press secretary stated: ""This reflects our ongoing commitment to evidence-based policymaking."" International observers noted the decision aligns with broader global economic trends.",News,2023-03-15
Transportation Secretary unveils plan to modernize air traffic control,"The administration announced Friday that transportation secretary unveils plan to modernize air traffic control. Officials cited data showing consistent trends in the relevant sectors over the past quarter. Congressional leaders from both parties acknowledged the significance of the development. The press secretary stated: ""This reflects our ongoing commitment to evidence-based policymaking."" International observers noted the decision aligns with broader global economic trends.",worldnews,2023-06-04
President signs executive order on artificial intelligence regulation,"The administration announced Wednesday that president signs executive order on artificial intelligence regulation. Officials cited data showing consistent trends in the relevant sectors over the past quarter. Congressional leaders from both parties acknowledged the significance of the development. The press secretary stated: ""This reflects our ongoing commitment to evidence-based policymaking."" International observers noted the decision aligns with broader global economic trends.",worldnews,2023-05-06
Agriculture Department releases annual crop yield forecast for winter,"agriculture department releases annual crop yield forecast for winter, according to data released by the agency on Wednesday. The figures mark a notable change compared to the same period last year. Analysts attributed the shift to several macroeconomic factors including supply chain normalization. A senior official speaking on background said policymakers are closely monitoring the situation. Further details are expected to be released at a press briefing scheduled for later this week.",politicsNews,2017-01-28
G20 leaders agree on framework for global minimum corporate tax,"According to a report published Thursday, g20 leaders agree on framework for global minimum corporate tax. The findings were based on a comprehensive review of publicly available data and expert testimony. Committee members questioned agency officials for several hours before releasing the final report. Independent economists described the assessment as thorough and methodologically sound. The report will now be reviewed by the relevant oversight body before any formal policy action is taken.",News,2018-06-27
Presidential press secretary addresses reporters on foreign policy,"The administration announced Friday that presidential press secretary addresses reporters on foreign policy. Officials cited data showing consistent trends in the relevant sectors over the past quarter. Congressional leaders from both parties acknowledged the significance of the development. The press secretary stated: ""This reflects our ongoing commitment to evidence-based policymaking."" International observers noted the decision aligns with broader global economic trends.",politicsNews,2022-11-11
Unemployment rate falls to lowest level in two years,"unemployment rate falls to lowest level in two years, according to data released by the agency on Wednesday. The figures mark a notable change compared to the same period last year. Analysts attributed the shift to several macroeconomic factors including supply chain normalization. A senior official speaking on background said policymakers are closely monitoring the situation. Further details are expected to be released at a press briefing scheduled for later this week.",politics,2016-11-10
G20 leaders agree on framework for global minimum corporate tax,"According to a report published Friday, g20 leaders agree on framework for global minimum corporate tax. The findings were based on a comprehensive review of publicly available data and expert testimony. Committee members questioned agency officials for several hours before releasing the final report. Independent economists described the assessment as thorough and methodologically sound. The report will now be reviewed by the relevant oversight body before any formal policy action is taken.",politicsNews,2016-12-23
Science journal publishes breakthrough research on gene editing safety,"science journal publishes breakthrough research on gene editing safety, according to data released by the agency on Thursday. The figures mark a notable change compared to the same period last year. Analysts attributed the shift to several macroeconomic factors including supply chain normalization. A senior official speaking on background said policymakers are closely monitoring the situation. Further details are expected to be released at a press briefing scheduled for later this week.",politicsNews,2017-03-05
Congress passes bipartisan infrastructure bill worth 1.2 trillion dollars,"According to a report published Tuesday, congress passes bipartisan infrastructure bill worth 1.2 trillion dollars. The findings were based on a comprehensive review of publicly available data and expert testimony. Committee members questioned agency officials for several hours before releasing the final report. Independent economists described the assessment as thorough and methodologically sound. The report will now be reviewed by the relevant oversight body before any formal policy action is taken.",Government News,2019-02-25
Congressional hearing examines social media impact on teen mental health,"Researchers at a leading institution published findings Wednesday showing that congressional hearing examines social media impact on teen mental health. The peer-reviewed study, conducted over 18 months, analyzed data from more than 10,000 participants. Lead author stated the results have important implications for public policy and future research. The methodology was independently verified by two external review boards before publication. Government agencies said they would consider the findings in upcoming regulatory reviews.",politicsNews,2022-06-25
NASA successfully launches Artemis mission to lunar orbit,"The administration announced Thursday that nasa successfully launches artemis mission to lunar orbit. Officials cited data showing consistent trends in the relevant sectors over the past quarter. Congressional leaders from both parties acknowledged the significance of the development. The press secretary stated: ""This reflects our ongoing commitment to evidence-based policymaking."" International observers noted the decision aligns with broader global economic trends.",politics,2016-09-14
Census Bureau releases updated population projections for next decade,"The administration announced Tuesday that census bureau releases updated population projections for next decade. Officials cited data showing consistent trends in the relevant sectors over the past quarter. Congressional leaders from both parties acknowledged the significance of the development. The press secretary stated: ""This reflects our ongoing commitment to evidence-based policymaking."" International observers noted the decision aligns with broader global economic trends.",politics,2017-04-15
Supreme Court hears oral arguments in landmark free speech case,"In a statement released Wednesday, officials confirmed that supreme court hears oral arguments in landmark free speech case. The decision follows months of negotiations and represents a significant policy shift. Experts said the move was expected given recent economic indicators and geopolitical developments. Spokesperson for the agency noted: ""We are committed to transparency and will continue to update the public."" The announcement was welcomed by industry leaders while some advocacy groups called for further review.",worldnews,2019-01-21
Justice Department files antitrust suit against major technology firm,"According to a report published Monday, justice department files antitrust suit against major technology firm. The findings were based on a comprehensive review of publicly available data and expert testimony. Committee members questioned agency officials for several hours before releasing the final report. Independent economists described the assessment as thorough and methodologically sound. The report will now be reviewed by the relevant oversight body before any formal policy action is taken.",politicsNews,2019-08-02
United Nations calls for ceasefire as conflict in region intensifies,"united nations calls for ceasefire as conflict in region intensifies, according to data released by the agency on Tuesday. The figures mark a notable change compared to the same period last year. Analysts attributed the shift to several macroeconomic factors including supply chain normalization. A senior official speaking on background said policymakers are closely monitoring the situation. Further details are expected to be released at a press briefing scheduled for later this week.",worldnews,2018-09-11
G20 leaders agree on framework for global minimum corporate tax,"The administration announced Thursday that g20 leaders agree on framework for global minimum corporate tax. Officials cited data showing consistent trends in the relevant sectors over the past quarter. Congressional leaders from both parties acknowledged the significance of the development. The press secretary stated: ""This reflects our ongoing commitment to evidence-based policymaking."" International observers noted the decision aligns with broader global economic trends.",politicsNews,2020-08-01
Labor Department reports strong job gains across manufacturing sector,"The administration announced Friday that labor department reports strong job gains across manufacturing sector. Officials cited data showing consistent trends in the relevant sectors over the past quarter. Congressional leaders from both parties acknowledged the significance of the development. The press secretary stated: ""This reflects our ongoing commitment to evidence-based policymaking."" International observers noted the decision aligns with broader global economic trends.",politicsNews,2016-04-19
United Nations calls for ceasefire as conflict in region intensifies,"united nations calls for ceasefire as conflict in region intensifies, according to data released by the agency on Tuesday. The figures mark a notable change compared to the same period last year. Analysts attributed the shift to several macroeconomic factors including supply chain normalization. A senior official speaking on background said policymakers are closely monitoring the situation. Further details are expected to be released at a press briefing scheduled for later this week.",politics,2023-01-12
Federal Reserve chair says inflation showing signs of gradual easing,"In a statement released Friday, officials confirmed that federal reserve chair says inflation showing signs of gradual easing. The decision follows months of negotiations and represents a significant policy shift. Experts said the move was expected given recent economic indicators and geopolitical developments. Spokesperson for the agency noted: ""We are committed to transparency and will continue to update the public."" The announcement was welcomed by industry leaders while some advocacy groups called for further review.",News,2018-07-07
Pentagon releases annual defense budget request to Congress,"According to a report published Monday, pentagon releases annual defense budget request to congress. The findings were based on a comprehensive review of publicly available data and expert testimony. Committee members questioned agency officials for several hours before releasing the final report. Independent economists described the assessment as thorough and methodologically sound. The report will now be reviewed by the relevant oversight body before any formal policy action is taken.",Government News,2020-05-18
Congressional hearing examines social media impact on teen mental health,"According to a report published Thursday, congressional hearing examines social media impact on teen mental health. The findings were based on a comprehensive review of publicly available data and expert testimony. Committee members questioned agency officials for several hours before releasing the final report. Independent economists described the assessment as thorough and methodologically sound. The report will now be reviewed by the relevant oversight body before any formal policy action is taken.",worldnews,2019-10-09
SpaceX successfully lands booster for record fifteenth time,"spacex successfully lands booster for record fifteenth time, according to data released by the agency on Wednesday. The figures mark a notable change compared to the same period last year. Analysts attributed the shift to several macroeconomic factors including supply chain normalization. A senior official speaking on background said policymakers are closely monitoring the situation. Further details are expected to be released at a press briefing scheduled for later this week.",News,2022-02-21
Oil prices fall after OPEC announces production increase,"The administration announced Monday that oil prices fall after opec announces production increase. Officials cited data showing consistent trends in the relevant sectors over the past quarter. Congressional leaders from both parties acknowledged the significance of the development. The press secretary stated: ""This reflects our ongoing commitment to evidence-based policymaking."" International observers noted the decision aligns with broader global economic trends.",left-news,2022-04-06
Climate summit reaches agreement on carbon emission reductions,"In a statement released Thursday, officials confirmed that climate summit reaches agreement on carbon emission reductions. The decision follows months of negotiations and represents a significant policy shift. Experts said the move was expected given recent economic indicators and geopolitical developments. Spokesperson for the agency noted: ""We are committed to transparency and will continue to update the public."" The announcement was welcomed by industry leaders while some advocacy groups called for further review.",politicsNews,2019-04-25
House passes bipartisan legislation on prescription drug pricing reform,"Researchers at a leading institution published findings Tuesday showing that house passes bipartisan legislation on prescription drug pricing reform. The peer-reviewed study, conducted over 18 months, analyzed data from more than 10,000 participants. Lead author stated the results have important implications for public policy and future research. The methodology was independently verified by two external review boards before publication. Government agencies said they would consider the findings in upcoming regulatory reviews.",politics,2020-06-15
Apple reports record quarterly earnings driven by iPhone sales,"apple reports record quarterly earnings driven by iphone sales, according to data released by the agency on Friday. The figures mark a notable change compared to the same period last year. Analysts attributed the shift to several macroeconomic factors including supply chain normalization. A senior official speaking on background said policymakers are closely monitoring the situation. Further details are expected to be released at a press briefing scheduled for later this week.",News,2019-09-01
New cancer screening program launches in several US states,"In a statement released Tuesday, officials confirmed that new cancer screening program launches in several us states. The decision follows months of negotiations and represents a significant policy shift. Experts said the move was expected given recent economic indicators and geopolitical developments. Spokesperson for the agency noted: ""We are committed to transparency and will continue to update the public."" The announcement was welcomed by industry leaders while some advocacy groups called for further review.",worldnews,2021-04-16
Presidential press secretary addresses reporters on foreign policy,"The administration announced Wednesday that presidential press secretary addresses reporters on foreign policy. Officials cited data showing consistent trends in the relevant sectors over the past quarter. Congressional leaders from both parties acknowledged the significance of the development. The press secretary stated: ""This reflects our ongoing commitment to evidence-based policymaking."" International observers noted the decision aligns with broader global economic trends.",left-news,2022-10-25
Supreme Court hears oral arguments in landmark free speech case,"The administration announced Thursday that supreme court hears oral arguments in landmark free speech case. Officials cited data showing consistent trends in the relevant sectors over the past quarter. Congressional leaders from both parties acknowledged the significance of the development. The press secretary stated: ""This reflects our ongoing commitment to evidence-based policymaking."" International observers noted the decision aligns with broader global economic trends.",politics,2020-11-28
Global food prices rise as drought affects major agricultural regions,"In a statement released Friday, officials confirmed that global food prices rise as drought affects major agricultural regions. The decision follows months of negotiations and represents a significant policy shift. Experts said the move was expected given recent economic indicators and geopolitical developments. Spokesperson for the agency noted: ""We are committed to transparency and will continue to update the public."" The announcement was welcomed by industry leaders while some advocacy groups called for further review.",politicsNews,2016-01-20
Apple reports record quarterly earnings driven by iPhone sales,"In a statement released Wednesday, officials confirmed that apple reports record quarterly earnings driven by iphone sales. The decision follows months of negotiations and represents a significant policy shift. Experts said the move was expected given recent economic indicators and geopolitical developments. Spokesperson for the agency noted: ""We are committed to transparency and will continue to update the public."" The announcement was welcomed by industry leaders while some advocacy groups called for further review.",politicsNews,2020-08-13
Presidential press secretary addresses reporters on foreign policy,"According to a report published Tuesday, presidential press secretary addresses reporters on foreign policy. The findings were based on a comprehensive review of publicly available data and expert testimony. Committee members questioned agency officials for several hours before releasing the final report. Independent economists described the assessment as thorough and methodologically sound. The report will now be reviewed by the relevant oversight body before any formal policy action is taken.",politicsNews,2016-06-07
Census Bureau releases updated population projections for next decade,"census bureau releases updated population projections for next decade, according to data released by the agency on Thursday. The figures mark a notable change compared to the same period last year. Analysts attributed the shift to several macroeconomic factors including supply chain normalization. A senior official speaking on background said policymakers are closely monitoring the situation. Further details are expected to be released at a press briefing scheduled for later this week.",Government News,2021-02-09
Researchers publish findings on sleep deprivation and cognitive decline,"In a statement released Wednesday, officials confirmed that researchers publish findings on sleep deprivation and cognitive decline. The decision follows months of negotiations and represents a significant policy shift. Experts said the move was expected given recent economic indicators and geopolitical developments. Spokesperson for the agency noted: ""We are committed to transparency and will continue to update the public."" The announcement was welcomed by industry leaders while some advocacy groups called for further review.",politicsNews,2017-05-05
International Monetary Fund revises global growth forecast downward,"The administration announced Tuesday that international monetary fund revises global growth forecast downward. Officials cited data showing consistent trends in the relevant sectors over the past quarter. Congressional leaders from both parties acknowledged the significance of the development. The press secretary stated: ""This reflects our ongoing commitment to evidence-based policymaking."" International observers noted the decision aligns with broader global economic trends.",politicsNews,2016-08-06
Federal Reserve raises interest rates by 25 basis points amid inflation concerns,"In a statement released Monday, officials confirmed that federal reserve raises interest rates by 25 basis points amid inflation concerns. The decision follows months of negotiations and represents a significant policy shift. Experts said the move was expected given recent economic indicators and geopolitical developments. Spokesperson for the agency noted: ""We are committed to transparency and will continue to update the public."" The announcement was welcomed by industry leaders while some advocacy groups called for further review.",Government News,2019-08-28
Agriculture Department releases annual crop yield forecast for winter,"According to a report published Wednesday, agriculture department releases annual crop yield forecast for winter. The findings were based on a comprehensive review of publicly available data and expert testimony. Committee members questioned agency officials for several hours before releasing the final report. Independent economists described the assessment as thorough and methodologically sound. The report will now be reviewed by the relevant oversight body before any formal policy action is taken.",News,2016-12-19
Treasury Department proposes new tax reform package for small businesses,"In a statement released Tuesday, officials confirmed that treasury department proposes new tax reform package for small businesses. The decision follows months of negotiations and represents a significant policy shift. Experts said the move was expected given recent economic indicators and geopolitical developments. Spokesperson for the agency noted: ""We are committed to transparency and will continue to update the public."" The announcement was welcomed by industry leaders while some advocacy groups called for further review.",worldnews,2017-07-22
World Bank approves emergency loans to three developing nations,"In a statement released Monday, officials confirmed that world bank approves emergency loans to three developing nations. The decision follows months of negotiations and represents a significant policy shift. Experts said the move was expected given recent economic indicators and geopolitical developments. Spokesperson for the agency noted: ""We are committed to transparency and will continue to update the public."" The announcement was welcomed by industry leaders while some advocacy groups called for further review.",left-news,2022-08-14
European Central Bank signals potential interest rate cut next quarter,"In a statement released Friday, officials confirmed that european central bank signals potential interest rate cut next quarter. The decision follows months of negotiations and represents a significant policy shift. Experts said the move was expected given recent economic indicators and geopolitical developments. Spokesperson for the agency noted: ""We are committed to transparency and will continue to update the public."" The announcement was welcomed by industry leaders while some advocacy groups called for further review.",politicsNews,2017-05-23
Oil prices fall after OPEC announces production increase,"The administration announced Tuesday that oil prices fall after opec announces production increase. Officials cited data showing consistent trends in the relevant sectors over the past quarter. Congressional leaders from both parties acknowledged the significance of the development. The press secretary stated: ""This reflects our ongoing commitment to evidence-based policymaking."" International observers noted the decision aligns with broader global economic trends.",News,2016-11-09
CDC updates COVID-19 guidelines for healthcare workers,"cdc updates covid-19 guidelines for healthcare workers, according to data released by the agency on Thursday. The figures mark a notable change compared to the same period last year. Analysts attributed the shift to several macroeconomic factors including supply chain normalization. A senior official speaking on background said policymakers are closely monitoring the situation. Further details are expected to be released at a press briefing scheduled for later this week.",politicsNews,2016-10-27
NATO allies agree to increase defense spending commitments,"According to a report published Thursday, nato allies agree to increase defense spending commitments. The findings were based on a comprehensive review of publicly available data and expert testimony. Committee members questioned agency officials for several hours before releasing the final report. Independent economists described the assessment as thorough and methodologically sound. The report will now be reviewed by the relevant oversight body before any formal policy action is taken.",worldnews,2016-05-12
WHO warns of rising antibiotic resistance as global health threat,"According to a report published Wednesday, who warns of rising antibiotic resistance as global health threat. The findings were based on a comprehensive review of publicly available data and expert testimony. Committee members questioned agency officials for several hours before releasing the final report. Independent economists described the assessment as thorough and methodologically sound. The report will now be reviewed by the relevant oversight body before any formal policy action is taken.",left-news,2023-09-06
Congressional hearing examines social media impact on teen mental health,"Researchers at a leading institution published findings Friday showing that congressional hearing examines social media impact on teen mental health. The peer-reviewed study, conducted over 18 months, analyzed data from more than 10,000 participants. Lead author stated the results have important implications for public policy and future research. The methodology was independently verified by two external review boards before publication. Government agencies said they would consider the findings in upcoming regulatory reviews.",politics,2018-06-24
Transportation Secretary unveils plan to modernize air traffic control,"Researchers at a leading institution published findings Thursday showing that transportation secretary unveils plan to modernize air traffic control. The peer-reviewed study, conducted over 18 months, analyzed data from more than 10,000 participants. Lead author stated the results have important implications for public policy and future research. The methodology was independently verified by two external review boards before publication. Government agencies said they would consider the findings in upcoming regulatory reviews.",worldnews,2022-06-15
Federal budget deficit widens as spending outpaces revenue growth,"Researchers at a leading institution published findings Tuesday showing that federal budget deficit widens as spending outpaces revenue growth. The peer-reviewed study, conducted over 18 months, analyzed data from more than 10,000 participants. Lead author stated the results have important implications for public policy and future research. The methodology was independently verified by two external review boards before publication. Government agencies said they would consider the findings in upcoming regulatory reviews.",Government News,2023-11-18
Researchers publish findings on sleep deprivation and cognitive decline,"Researchers at a leading institution published findings Thursday showing that researchers publish findings on sleep deprivation and cognitive decline. The peer-reviewed study, conducted over 18 months, analyzed data from more than 10,000 participants. Lead author stated the results have important implications for public policy and future research. The methodology was independently verified by two external review boards before publication. Government agencies said they would consider the findings in upcoming regulatory reviews.",politicsNews,2020-03-11
Federal budget deficit widens as spending outpaces revenue growth,"The administration announced Thursday that federal budget deficit widens as spending outpaces revenue growth. Officials cited data showing consistent trends in the relevant sectors over the past quarter. Congressional leaders from both parties acknowledged the significance of the development. The press secretary stated: ""This reflects our ongoing commitment to evidence-based policymaking."" International observers noted the decision aligns with broader global economic trends.",politics,2018-01-11
National Science Foundation awards grants for quantum computing research,"national science foundation awards grants for quantum computing research, according to data released by the agency on Friday. The figures mark a notable change compared to the same period last year. Analysts attributed the shift to several macroeconomic factors including supply chain normalization. A senior official speaking on background said policymakers are closely monitoring the situation. Further details are expected to be released at a press briefing scheduled for later this week.",News,2018-10-05
Senate confirms new ambassador to key ally in diplomatic shift,"The administration announced Monday that senate confirms new ambassador to key ally in diplomatic shift. Officials cited data showing consistent trends in the relevant sectors over the past quarter. Congressional leaders from both parties acknowledged the significance of the development. The press secretary stated: ""This reflects our ongoing commitment to evidence-based policymaking."" International observers noted the decision aligns with broader global economic trends.",left-news,2017-09-18
United Nations calls for ceasefire as conflict in region intensifies,"According to a report published Monday, united nations calls for ceasefire as conflict in region intensifies. The findings were based on a comprehensive review of publicly available data and expert testimony. Committee members questioned agency officials for several hours before releasing the final report. Independent economists described the assessment as thorough and methodologically sound. The report will now be reviewed by the relevant oversight body before any formal policy action is taken.",politics,2016-05-18
Labor Department reports strong job gains across manufacturing sector,"labor department reports strong job gains across manufacturing sector, according to data released by the agency on Tuesday. The figures mark a notable change compared to the same period last year. Analysts attributed the shift to several macroeconomic factors including supply chain normalization. A senior official speaking on background said policymakers are closely monitoring the situation. Further details are expected to be released at a press briefing scheduled for later this week.",Government News,2021-08-04
G20 leaders agree on framework for global minimum corporate tax,"Researchers at a leading institution published findings Friday showing that g20 leaders agree on framework for global minimum corporate tax. The peer-reviewed study, conducted over 18 months, analyzed data from more than 10,000 participants. Lead author stated the results have important implications for public policy and future research. The methodology was independently verified by two external review boards before publication. Government agencies said they would consider the findings in upcoming regulatory reviews.",left-news,2022-04-19
Federal budget deficit widens as spending outpaces revenue growth,"The administration announced Monday that federal budget deficit widens as spending outpaces revenue growth. Officials cited data showing consistent trends in the relevant sectors over the past quarter. Congressional leaders from both parties acknowledged the significance of the development. The press secretary stated: ""This reflects our ongoing commitment to evidence-based policymaking."" International observers noted the decision aligns with broader global economic trends.",worldnews,2023-03-27
Federal Reserve chair says inflation showing signs of gradual easing,"federal reserve chair says inflation showing signs of gradual easing, according to data released by the agency on Monday. The figures mark a notable change compared to the same period last year. Analysts attributed the shift to several macroeconomic factors including supply chain normalization. A senior official speaking on background said policymakers are closely monitoring the situation. Further details are expected to be released at a press briefing scheduled for later this week.",politics,2017-08-05
NASA successfully launches Artemis mission to lunar orbit,"Researchers at a leading institution published findings Tuesday showing that nasa successfully launches artemis mission to lunar orbit. The peer-reviewed study, conducted over 18 months, analyzed data from more than 10,000 participants. Lead author stated the results have important implications for public policy and future research. The methodology was independently verified by two external review boards before publication. Government agencies said they would consider the findings in upcoming regulatory reviews.",left-news,2020-04-18
Transportation Secretary unveils plan to modernize air traffic control,"In a statement released Tuesday, officials confirmed that transportation secretary unveils plan to modernize air traffic control. The decision follows months of negotiations and represents a significant policy shift. Experts said the move was expected given recent economic indicators and geopolitical developments. Spokesperson for the agency noted: ""We are committed to transparency and will continue to update the public."" The announcement was welcomed by industry leaders while some advocacy groups called for further review.",politicsNews,2016-01-10
Climate summit reaches agreement on carbon emission reductions,"climate summit reaches agreement on carbon emission reductions, according to data released by the agency on Tuesday. The figures mark a notable change compared to the same period last year. Analysts attributed the shift to several macroeconomic factors including supply chain normalization. A senior official speaking on background said policymakers are closely monitoring the situation. Further details are expected to be released at a press briefing scheduled for later this week.",Government News,2017-02-09
State department issues travel advisory for Southeast Asian region,"In a statement released Thursday, officials confirmed that state department issues travel advisory for southeast asian region. The decision follows months of negotiations and represents a significant policy shift. Experts said the move was expected given recent economic indicators and geopolitical developments. Spokesperson for the agency noted: ""We are committed to transparency and will continue to update the public."" The announcement was welcomed by industry leaders while some advocacy groups called for further review.",News,2022-01-23
Central bank governor testifies before Senate banking committee,"Researchers at a leading institution published findings Wednesday showing that central bank governor testifies before senate banking committee. The peer-reviewed study, conducted over 18 months, analyzed data from more than 10,000 participants. Lead author stated the results have important implications for public policy and future research. The methodology was independently verified by two external review boards before publication. Government agencies said they would consider the findings in upcoming regulatory reviews.",left-news,2021-04-10
NATO allies agree to increase defense spending commitments,"According to a report published Friday, nato allies agree to increase defense spending commitments. The findings were based on a comprehensive review of publicly available data and expert testimony. Committee members questioned agency officials for several hours before releasing the final report. Independent economists described the assessment as thorough and methodologically sound. The report will now be reviewed by the relevant oversight body before any formal policy action is taken.",left-news,2016-11-16
United Nations calls for ceasefire as conflict in region intensifies,"The administration announced Wednesday that united nations calls for ceasefire as conflict in region intensifies. Officials cited data showing consistent trends in the relevant sectors over the past quarter. Congressional leaders from both parties acknowledged the significance of the development. The press secretary stated: ""This reflects our ongoing commitment to evidence-based policymaking."" International observers noted the decision aligns with broader global economic trends.",News,2016-05-23
Treasury Department proposes new tax reform package for small businesses,"The administration announced Friday that treasury department proposes new tax reform package for small businesses. Officials cited data showing consistent trends in the relevant sectors over the past quarter. Congressional leaders from both parties acknowledged the significance of the development. The press secretary stated: ""This reflects our ongoing commitment to evidence-based policymaking."" International observers noted the decision aligns with broader global economic trends.",politicsNews,2022-12-19
Environmental Protection Agency announces new clean air standards,"Researchers at a leading institution published findings Thursday showing that environmental protection agency announces new clean air standards. The peer-reviewed study, conducted over 18 months, analyzed data from more than 10,000 participants. Lead author stated the results have important implications for public policy and future research. The methodology was independently verified by two external review boards before publication. Government agencies said they would consider the findings in upcoming regulatory reviews.",politicsNews,2022-01-16
Secretary of State holds bilateral talks with foreign minister in capital,"In a statement released Thursday, officials confirmed that secretary of state holds bilateral talks with foreign minister in capital. The decision follows months of negotiations and represents a significant policy shift. Experts said the move was expected given recent economic indicators and geopolitical developments. Spokesperson for the agency noted: ""We are committed to transparency and will continue to update the public."" The announcement was welcomed by industry leaders while some advocacy groups called for further review.",News,2017-02-08
Presidential press secretary addresses reporters on foreign policy,"In a statement released Thursday, officials confirmed that presidential press secretary addresses reporters on foreign policy. The decision follows months of negotiations and represents a significant policy shift. Experts said the move was expected given recent economic indicators and geopolitical developments. Spokesperson for the agency noted: ""We are committed to transparency and will continue to update the public."" The announcement was welcomed by industry leaders while some advocacy groups called for further review.",left-news,2021-04-20
Treasury Department proposes new tax reform package for small businesses,"In a statement released Wednesday, officials confirmed that treasury department proposes new tax reform package for small businesses. The decision follows months of negotiations and represents a significant policy shift. Experts said the move was expected given recent economic indicators and geopolitical developments. Spokesperson for the agency noted: ""We are committed to transparency and will continue to update the public."" The announcement was welcomed by industry leaders while some advocacy groups called for further review.",News,2023-04-20
Researchers publish findings on sleep deprivation and cognitive decline,"In a statement released Monday, officials confirmed that researchers publish findings on sleep deprivation and cognitive decline. The decision follows months of negotiations and represents a significant policy shift. Experts said the move was expected given recent economic indicators and geopolitical developments. Spokesperson for the agency noted: ""We are committed to transparency and will continue to update the public."" The announcement was welcomed by industry leaders while some advocacy groups called for further review.",Government News,2018-10-28
Justice Department files antitrust suit against major technology firm,"In a statement released Friday, officials confirmed that justice department files antitrust suit against major technology firm. The decision follows months of negotiations and represents a significant policy shift. Experts said the move was expected given recent economic indicators and geopolitical developments. Spokesperson for the agency noted: ""We are committed to transparency and will continue to update the public."" The announcement was welcomed by industry leaders while some advocacy groups called for further review.",left-news,2017-09-06
University study links ultra-processed foods to higher mortality risk,"Researchers at a leading institution published findings Friday showing that university study links ultra-processed foods to higher mortality risk. The peer-reviewed study, conducted over 18 months, analyzed data from more than 10,000 participants. Lead author stated the results have important implications for public policy and future research. The methodology was independently verified by two external review boards before publication. Government agencies said they would consider the findings in upcoming regulatory reviews.",left-news,2016-05-19
Climate summit reaches agreement on carbon emission reductions,"According to a report published Thursday, climate summit reaches agreement on carbon emission reductions. The findings were based on a comprehensive review of publicly available data and expert testimony. Committee members questioned agency officials for several hours before releasing the final report. Independent economists described the assessment as thorough and methodologically sound. The report will now be reviewed by the relevant oversight body before any formal policy action is taken.",worldnews,2023-05-28
Supreme Court hears oral arguments in landmark free speech case,"In a statement released Wednesday, officials confirmed that supreme court hears oral arguments in landmark free speech case. The decision follows months of negotiations and represents a significant policy shift. Experts said the move was expected given recent economic indicators and geopolitical developments. Spokesperson for the agency noted: ""We are committed to transparency and will continue to update the public."" The announcement was welcomed by industry leaders while some advocacy groups called for further review.",politics,2021-07-04
Justice Department files antitrust suit against major technology firm,"justice department files antitrust suit against major technology firm, according to data released by the agency on Monday. The figures mark a notable change compared to the same period last year. Analysts attributed the shift to several macroeconomic factors including supply chain normalization. A senior official speaking on background said policymakers are closely monitoring the situation. Further details are expected to be released at a press briefing scheduled for later this week.",worldnews,2023-08-08
Federal Reserve raises interest rates by 25 basis points amid inflation concerns,"The administration announced Tuesday that federal reserve raises interest rates by 25 basis points amid inflation concerns. Officials cited data showing consistent trends in the relevant sectors over the past quarter. Congressional leaders from both parties acknowledged the significance of the development. The press secretary stated: ""This reflects our ongoing commitment to evidence-based policymaking."" International observers noted the decision aligns with broader global economic trends.",left-news,2016-05-06
Tech companies face antitrust scrutiny from regulators in EU and US,"Researchers at a leading institution published findings Friday showing that tech companies face antitrust scrutiny from regulators in eu and us. The peer-reviewed study, conducted over 18 months, analyzed data from more than 10,000 participants. Lead author stated the results have important implications for public policy and future research. The methodology was independently verified by two external review boards before publication. Government agencies said they would consider the findings in upcoming regulatory reviews.",left-news,2019-12-15
Federal Reserve chair says inflation showing signs of gradual easing,"In a statement released Monday, officials confirmed that federal reserve chair says inflation showing signs of gradual easing. The decision follows months of negotiations and represents a significant policy shift. Experts said the move was expected given recent economic indicators and geopolitical developments. Spokesperson for the agency noted: ""We are committed to transparency and will continue to update the public."" The announcement was welcomed by industry leaders while some advocacy groups called for further review.",worldnews,2018-03-24
Central bank governor testifies before Senate banking committee,"According to a report published Monday, central bank governor testifies before senate banking committee. The findings were based on a comprehensive review of publicly available data and expert testimony. Committee members questioned agency officials for several hours before releasing the final report. Independent economists described the assessment as thorough and methodologically sound. The report will now be reviewed by the relevant oversight body before any formal policy action is taken.",left-news,2023-06-26
Federal Reserve chair says inflation showing signs of gradual easing,"The administration announced Monday that federal reserve chair says inflation showing signs of gradual easing. Officials cited data showing consistent trends in the relevant sectors over the past quarter. Congressional leaders from both parties acknowledged the significance of the development. The press secretary stated: ""This reflects our ongoing commitment to evidence-based policymaking."" International observers noted the decision aligns with broader global economic trends.",Government News,2021-11-18
Congress passes bipartisan infrastructure bill worth 1.2 trillion dollars,"The administration announced Thursday that congress passes bipartisan infrastructure bill worth 1.2 trillion dollars. Officials cited data showing consistent trends in the relevant sectors over the past quarter. Congressional leaders from both parties acknowledged the significance of the development. The press secretary stated: ""This reflects our ongoing commitment to evidence-based policymaking."" International observers noted the decision aligns with broader global economic trends.",politicsNews,2020-07-18
Federal Reserve chair says inflation showing signs of gradual easing,"The administration announced Monday that federal reserve chair says inflation showing signs of gradual easing. Officials cited data showing consistent trends in the relevant sectors over the past quarter. Congressional leaders from both parties acknowledged the significance of the development. The press secretary stated: ""This reflects our ongoing commitment to evidence-based policymaking."" International observers noted the decision aligns with broader global economic trends.",politicsNews,2017-05-22
Federal budget deficit widens as spending outpaces revenue growth,"The administration announced Thursday that federal budget deficit widens as spending outpaces revenue growth. Officials cited data showing consistent trends in the relevant sectors over the past quarter. Congressional leaders from both parties acknowledged the significance of the development. The press secretary stated: ""This reflects our ongoing commitment to evidence-based policymaking."" International observers noted the decision aligns with broader global economic trends.",politics,2019-03-04
Scientists achieve breakthrough in Alzheimer's disease treatment in new study,"scientists achieve breakthrough in alzheimer's disease treatment in new study, according to data released by the agency on Monday. The figures mark a notable change compared to the same period last year. Analysts attributed the shift to several macroeconomic factors including supply chain normalization. A senior official speaking on background said policymakers are closely monitoring the situation. Further details are expected to be released at a press briefing scheduled for later this week.",politics,2018-11-07
State department issues travel advisory for Southeast Asian region,"According to a report published Wednesday, state department issues travel advisory for southeast asian region. The findings were based on a comprehensive review of publicly available data and expert testimony. Committee members questioned agency officials for several hours before releasing the final report. Independent economists described the assessment as thorough and methodologically sound. The report will now be reviewed by the relevant oversight body before any formal policy action is taken.",politics,2020-08-03
Labor Department reports strong job gains across manufacturing sector,"labor department reports strong job gains across manufacturing sector, according to data released by the agency on Friday. The figures mark a notable change compared to the same period last year. Analysts attributed the shift to several macroeconomic factors including supply chain normalization. A senior official speaking on background said policymakers are closely monitoring the situation. Further details are expected to be released at a press briefing scheduled for later this week.",left-news,2017-09-02
Tech companies face antitrust scrutiny from regulators in EU and US,"tech companies face antitrust scrutiny from regulators in eu and us, according to data released by the agency on Tuesday. The figures mark a notable change compared to the same period last year. Analysts attributed the shift to several macroeconomic factors including supply chain normalization. A senior official speaking on background said policymakers are closely monitoring the situation. Further details are expected to be released at a press briefing scheduled for later this week.",News,2018-12-23
Unemployment rate falls to lowest level in two years,"In a statement released Wednesday, officials confirmed that unemployment rate falls to lowest level in two years. The decision follows months of negotiations and represents a significant policy shift. Experts said the move was expected given recent economic indicators and geopolitical developments. Spokesperson for the agency noted: ""We are committed to transparency and will continue to update the public."" The announcement was welcomed by industry leaders while some advocacy groups called for further review.",politicsNews,2016-02-17
Labor Department reports strong job gains across manufacturing sector,"Researchers at a leading institution published findings Friday showing that labor department reports strong job gains across manufacturing sector. The peer-reviewed study, conducted over 18 months, analyzed data from more than 10,000 participants. Lead author stated the results have important implications for public policy and future research. The methodology was independently verified by two external review boards before publication. Government agencies said they would consider the findings in upcoming regulatory reviews.",politics,2016-05-26
Stock markets decline as investors react to rising bond yields,"Researchers at a leading institution published findings Tuesday showing that stock markets decline as investors react to rising bond yields. The peer-reviewed study, conducted over 18 months, analyzed data from more than 10,000 participants. Lead author stated the results have important implications for public policy and future research. The methodology was independently verified by two external review boards before publication. Government agencies said they would consider the findings in upcoming regulatory reviews.",left-news,2019-04-22
Treasury Department proposes new tax reform package for small businesses,"The administration announced Thursday that treasury department proposes new tax reform package for small businesses. Officials cited data showing consistent trends in the relevant sectors over the past quarter. Congressional leaders from both parties acknowledged the significance of the development. The press secretary stated: ""This reflects our ongoing commitment to evidence-based policymaking."" International observers noted the decision aligns with broader global economic trends.",worldnews,2017-03-13
Health officials report significant decline in childhood obesity rates,"According to a report published Monday, health officials report significant decline in childhood obesity rates. The findings were based on a comprehensive review of publicly available data and expert testimony. Committee members questioned agency officials for several hours before releasing the final report. Independent economists described the assessment as thorough and methodologically sound. The report will now be reviewed by the relevant oversight body before any formal policy action is taken.",worldnews,2018-09-05
Secretary of State holds bilateral talks with foreign minister in capital,"In a statement released Thursday, officials confirmed that secretary of state holds bilateral talks with foreign minister in capital. The decision follows months of negotiations and represents a significant policy shift. Experts said the move was expected given recent economic indicators and geopolitical developments. Spokesperson for the agency noted: ""We are committed to transparency and will continue to update the public."" The announcement was welcomed by industry leaders while some advocacy groups called for further review.",politics,2017-10-06
Global food prices rise as drought affects major agricultural regions,"The administration announced Wednesday that global food prices rise as drought affects major agricultural regions. Officials cited data showing consistent trends in the relevant sectors over the past quarter. Congressional leaders from both parties acknowledged the significance of the development. The press secretary stated: ""This reflects our ongoing commitment to evidence-based policymaking."" International observers noted the decision aligns with broader global economic trends.",worldnews,2020-07-02
Secretary of State holds bilateral talks with foreign minister in capital,"The administration announced Monday that secretary of state holds bilateral talks with foreign minister in capital. Officials cited data showing consistent trends in the relevant sectors over the past quarter. Congressional leaders from both parties acknowledged the significance of the development. The press secretary stated: ""This reflects our ongoing commitment to evidence-based policymaking."" International observers noted the decision aligns with broader global economic trends.",News,2022-01-07
Labor Department reports strong job gains across manufacturing sector,"Researchers at a leading institution published findings Thursday showing that labor department reports strong job gains across manufacturing sector. The peer-reviewed study, conducted over 18 months, analyzed data from more than 10,000 participants. Lead author stated the results have important implications for public policy and future research. The methodology was independently verified by two external review boards before publication. Government agencies said they would consider the findings in upcoming regulatory reviews.",left-news,2019-12-05
Treasury Department proposes new tax reform package for small businesses,"According to a report published Friday, treasury department proposes new tax reform package for small businesses. The findings were based on a comprehensive review of publicly available data and expert testimony. Committee members questioned agency officials for several hours before releasing the final report. Independent economists described the assessment as thorough and methodologically sound. The report will now be reviewed by the relevant oversight body before any formal policy action is taken.",left-news,2018-04-20
Defense Secretary meets with allies to discuss regional security threats,"Researchers at a leading institution published findings Thursday showing that defense secretary meets with allies to discuss regional security threats. The peer-reviewed study, conducted over 18 months, analyzed data from more than 10,000 participants. Lead author stated the results have important implications for public policy and future research. The methodology was independently verified by two external review boards before publication. Government agencies said they would consider the findings in upcoming regulatory reviews.",politicsNews,2022-10-01
Researchers publish findings on sleep deprivation and cognitive decline,"In a statement released Friday, officials confirmed that researchers publish findings on sleep deprivation and cognitive decline. The decision follows months of negotiations and represents a significant policy shift. Experts said the move was expected given recent economic indicators and geopolitical developments. Spokesperson for the agency noted: ""We are committed to transparency and will continue to update the public."" The announcement was welcomed by industry leaders while some advocacy groups called for further review.",politicsNews,2018-11-02
Congressional hearing examines social media impact on teen mental health,"Researchers at a leading institution published findings Thursday showing that congressional hearing examines social media impact on teen mental health. The peer-reviewed study, conducted over 18 months, analyzed data from more than 10,000 participants. Lead author stated the results have important implications for public policy and future research. The methodology was independently verified by two external review boards before publication. Government agencies said they would consider the findings in upcoming regulatory reviews.",News,2023-11-26
SpaceX successfully lands booster for record fifteenth time,"Researchers at a leading institution published findings Friday showing that spacex successfully lands booster for record fifteenth time. The peer-reviewed study, conducted over 18 months, analyzed data from more than 10,000 participants. Lead author stated the results have important implications for public policy and future research. The methodology was independently verified by two external review boards before publication. Government agencies said they would consider the findings in upcoming regulatory reviews.",politics,2021-05-28
Treasury Department proposes new tax reform package for small businesses,"According to a report published Thursday, treasury department proposes new tax reform package for small businesses. The findings were based on a comprehensive review of publicly available data and expert testimony. Committee members questioned agency officials for several hours before releasing the final report. Independent economists described the assessment as thorough and methodologically sound. The report will now be reviewed by the relevant oversight body before any formal policy action is taken.",left-news,2018-08-11
WHO warns of rising antibiotic resistance as global health threat,"The administration announced Wednesday that who warns of rising antibiotic resistance as global health threat. Officials cited data showing consistent trends in the relevant sectors over the past quarter. Congressional leaders from both parties acknowledged the significance of the development. The press secretary stated: ""This reflects our ongoing commitment to evidence-based policymaking."" International observers noted the decision aligns with broader global economic trends.",politics,2017-05-21
President signs executive order on artificial intelligence regulation,"Researchers at a leading institution published findings Wednesday showing that president signs executive order on artificial intelligence regulation. The peer-reviewed study, conducted over 18 months, analyzed data from more than 10,000 participants. Lead author stated the results have important implications for public policy and future research. The methodology was independently verified by two external review boards before publication. Government agencies said they would consider the findings in upcoming regulatory reviews.",politics,2019-06-11
Global food prices rise as drought affects major agricultural regions,"According to a report published Tuesday, global food prices rise as drought affects major agricultural regions. The findings were based on a comprehensive review of publicly available data and expert testimony. Committee members questioned agency officials for several hours before releasing the final report. Independent economists described the assessment as thorough and methodologically sound. The report will now be reviewed by the relevant oversight body before any formal policy action is taken.",News,2020-04-27
SpaceX successfully lands booster for record fifteenth time,"According to a report published Thursday, spacex successfully lands booster for record fifteenth time. The findings were based on a comprehensive review of publicly available data and expert testimony. Committee members questioned agency officials for several hours before releasing the final report. Independent economists described the assessment as thorough and methodologically sound. The report will now be reviewed by the relevant oversight body before any formal policy action is taken.",News,2020-10-14
Labor Department reports strong job gains across manufacturing sector,"labor department reports strong job gains across manufacturing sector, according to data released by the agency on Friday. The figures mark a notable change compared to the same period last year. Analysts attributed the shift to several macroeconomic factors including supply chain normalization. A senior official speaking on background said policymakers are closely monitoring the situation. Further details are expected to be released at a press briefing scheduled for later this week.",worldnews,2020-04-22
Justice Department files antitrust suit against major technology firm,"Researchers at a leading institution published findings Friday showing that justice department files antitrust suit against major technology firm. The peer-reviewed study, conducted over 18 months, analyzed data from more than 10,000 participants. Lead author stated the results have important implications for public policy and future research. The methodology was independently verified by two external review boards before publication. Government agencies said they would consider the findings in upcoming regulatory reviews.",politics,2021-04-26
University study links ultra-processed foods to higher mortality risk,"According to a report published Friday, university study links ultra-processed foods to higher mortality risk. The findings were based on a comprehensive review of publicly available data and expert testimony. Committee members questioned agency officials for several hours before releasing the final report. Independent economists described the assessment as thorough and methodologically sound. The report will now be reviewed by the relevant oversight body before any formal policy action is taken.",worldnews,2017-12-24
Oil prices fall after OPEC announces production increase,"oil prices fall after opec announces production increase, according to data released by the agency on Tuesday. The figures mark a notable change compared to the same period last year. Analysts attributed the shift to several macroeconomic factors including supply chain normalization. A senior official speaking on background said policymakers are closely monitoring the situation. Further details are expected to be released at a press briefing scheduled for later this week.",politics,2021-03-21
Federal court rules against merger of two major airline carriers,"Researchers at a leading institution published findings Tuesday showing that federal court rules against merger of two major airline carriers. The peer-reviewed study, conducted over 18 months, analyzed data from more than 10,000 participants. Lead author stated the results have important implications for public policy and future research. The methodology was independently verified by two external review boards before publication. Government agencies said they would consider the findings in upcoming regulatory reviews.",left-news,2023-12-09
House passes bipartisan legislation on prescription drug pricing reform,"The administration announced Friday that house passes bipartisan legislation on prescription drug pricing reform. Officials cited data showing consistent trends in the relevant sectors over the past quarter. Congressional leaders from both parties acknowledged the significance of the development. The press secretary stated: ""This reflects our ongoing commitment to evidence-based policymaking."" International observers noted the decision aligns with broader global economic trends.",News,2018-05-20
NASA successfully launches Artemis mission to lunar orbit,"Researchers at a leading institution published findings Monday showing that nasa successfully launches artemis mission to lunar orbit. The peer-reviewed study, conducted over 18 months, analyzed data from more than 10,000 participants. Lead author stated the results have important implications for public policy and future research. The methodology was independently verified by two external review boards before publication. Government agencies said they would consider the findings in upcoming regulatory reviews.",left-news,2022-01-03
CDC updates COVID-19 guidelines for healthcare workers,"Researchers at a leading institution published findings Thursday showing that cdc updates covid-19 guidelines for healthcare workers. The peer-reviewed study, conducted over 18 months, analyzed data from more than 10,000 participants. Lead author stated the results have important implications for public policy and future research. The methodology was independently verified by two external review boards before publication. Government agencies said they would consider the findings in upcoming regulatory reviews.",left-news,2020-09-19
Researchers publish findings on sleep deprivation and cognitive decline,"researchers publish findings on sleep deprivation and cognitive decline, according to data released by the agency on Wednesday. The figures mark a notable change compared to the same period last year. Analysts attributed the shift to several macroeconomic factors including supply chain normalization. A senior official speaking on background said policymakers are closely monitoring the situation. Further details are expected to be released at a press briefing scheduled for later this week.",politicsNews,2022-11-16
Central bank governor testifies before Senate banking committee,"In a statement released Thursday, officials confirmed that central bank governor testifies before senate banking committee. The decision follows months of negotiations and represents a significant policy shift. Experts said the move was expected given recent economic indicators and geopolitical developments. Spokesperson for the agency noted: ""We are committed to transparency and will continue to update the public."" The announcement was welcomed by industry leaders while some advocacy groups called for further review.",left-news,2022-06-04
Stock markets decline as investors react to rising bond yields,"stock markets decline as investors react to rising bond yields, according to data released by the agency on Monday. The figures mark a notable change compared to the same period last year. Analysts attributed the shift to several macroeconomic factors including supply chain normalization. A senior official speaking on background said policymakers are closely monitoring the situation. Further details are expected to be released at a press briefing scheduled for later this week.",News,2016-01-28
NASA successfully launches Artemis mission to lunar orbit,"Researchers at a leading institution published findings Monday showing that nasa successfully launches artemis mission to lunar orbit. The peer-reviewed study, conducted over 18 months, analyzed data from more than 10,000 participants. Lead author stated the results have important implications for public policy and future research. The methodology was independently verified by two external review boards before publication. Government agencies said they would consider the findings in upcoming regulatory reviews.",politics,2020-03-26
Congress passes bipartisan infrastructure bill worth 1.2 trillion dollars,"The administration announced Tuesday that congress passes bipartisan infrastructure bill worth 1.2 trillion dollars. Officials cited data showing consistent trends in the relevant sectors over the past quarter. Congressional leaders from both parties acknowledged the significance of the development. The press secretary stated: ""This reflects our ongoing commitment to evidence-based policymaking."" International observers noted the decision aligns with broader global economic trends.",politicsNews,2016-01-04
SpaceX successfully lands booster for record fifteenth time,"According to a report published Wednesday, spacex successfully lands booster for record fifteenth time. The findings were based on a comprehensive review of publicly available data and expert testimony. Committee members questioned agency officials for several hours before releasing the final report. Independent economists described the assessment as thorough and methodologically sound. The report will now be reviewed by the relevant oversight body before any formal policy action is taken.",News,2022-04-08
Tech companies face antitrust scrutiny from regulators in EU and US,"According to a report published Friday, tech companies face antitrust scrutiny from regulators in eu and us. The findings were based on a comprehensive review of publicly available data and expert testimony. Committee members questioned agency officials for several hours before releasing the final report. Independent economists described the assessment as thorough and methodologically sound. The report will now be reviewed by the relevant oversight body before any formal policy action is taken.",politics,2020-09-12
Global food prices rise as drought affects major agricultural regions,"global food prices rise as drought affects major agricultural regions, according to data released by the agency on Monday. The figures mark a notable change compared to the same period last year. Analysts attributed the shift to several macroeconomic factors including supply chain normalization. A senior official speaking on background said policymakers are closely monitoring the situation. Further details are expected to be released at a press briefing scheduled for later this week.",politics,2021-04-06
World Bank approves emergency loans to three developing nations,"world bank approves emergency loans to three developing nations, according to data released by the agency on Friday. The figures mark a notable change compared to the same period last year. Analysts attributed the shift to several macroeconomic factors including supply chain normalization. A senior official speaking on background said policymakers are closely monitoring the situation. Further details are expected to be released at a press briefing scheduled for later this week.",politics,2016-03-03
House passes bipartisan legislation on prescription drug pricing reform,"According to a report published Wednesday, house passes bipartisan legislation on prescription drug pricing reform. The findings were based on a comprehensive review of publicly available data and expert testimony. Committee members questioned agency officials for several hours before releasing the final report. Independent economists described the assessment as thorough and methodologically sound. The report will now be reviewed by the relevant oversight body before any formal policy action is taken.",left-news,2017-02-08
Researchers publish findings on sleep deprivation and cognitive decline,"researchers publish findings on sleep deprivation and cognitive decline, according to data released by the agency on Tuesday. The figures mark a notable change compared to the same period last year. Analysts attributed the shift to several macroeconomic factors including supply chain normalization. A senior official speaking on background said policymakers are closely monitoring the situation. Further details are expected to be released at a press briefing scheduled for later this week.",left-news,2018-03-08
President signs executive order on artificial intelligence regulation,"In a statement released Monday, officials confirmed that president signs executive order on artificial intelligence regulation. The decision follows months of negotiations and represents a significant policy shift. Experts said the move was expected given recent economic indicators and geopolitical developments. Spokesperson for the agency noted: ""We are committed to transparency and will continue to update the public."" The announcement was welcomed by industry leaders while some advocacy groups called for further review.",worldnews,2020-07-19
Central bank governor testifies before Senate banking committee,"The administration announced Thursday that central bank governor testifies before senate banking committee. Officials cited data showing consistent trends in the relevant sectors over the past quarter. Congressional leaders from both parties acknowledged the significance of the development. The press secretary stated: ""This reflects our ongoing commitment to evidence-based policymaking."" International observers noted the decision aligns with broader global economic trends.",worldnews,2019-02-28
WHO warns of rising antibiotic resistance as global health threat,"The administration announced Thursday that who warns of rising antibiotic resistance as global health threat. Officials cited data showing consistent trends in the relevant sectors over the past quarter. Congressional leaders from both parties acknowledged the significance of the development. The press secretary stated: ""This reflects our ongoing commitment to evidence-based policymaking."" International observers noted the decision aligns with broader global economic trends.",left-news,2018-12-13
Environmental Protection Agency announces new clean air standards,"The administration announced Monday that environmental protection agency announces new clean air standards. Officials cited data showing consistent trends in the relevant sectors over the past quarter. Congressional leaders from both parties acknowledged the significance of the development. The press secretary stated: ""This reflects our ongoing commitment to evidence-based policymaking."" International observers noted the decision aligns with broader global economic trends.",politics,2020-04-22
Federal court rules against merger of two major airline carriers,"The administration announced Friday that federal court rules against merger of two major airline carriers. Officials cited data showing consistent trends in the relevant sectors over the past quarter. Congressional leaders from both parties acknowledged the significance of the development. The press secretary stated: ""This reflects our ongoing commitment to evidence-based policymaking."" International observers noted the decision aligns with broader global economic trends.",News,2021-01-16
National Science Foundation awards grants for quantum computing research,"According to a report published Thursday, national science foundation awards grants for quantum computing research. The findings were based on a comprehensive review of publicly available data and expert testimony. Committee members questioned agency officials for several hours before releasing the final report. Independent economists described the assessment as thorough and methodologically sound. The report will now be reviewed by the relevant oversight body before any formal policy action is taken.",left-news,2019-06-05
Science journal publishes breakthrough research on gene editing safety,"In a statement released Friday, officials confirmed that science journal publishes breakthrough research on gene editing safety. The decision follows months of negotiations and represents a significant policy shift. Experts said the move was expected given recent economic indicators and geopolitical developments. Spokesperson for the agency noted: ""We are committed to transparency and will continue to update the public."" The announcement was welcomed by industry leaders while some advocacy groups called for further review.",Government News,2022-03-26
Unemployment rate falls to lowest level in two years,"unemployment rate falls to lowest level in two years, according to data released by the agency on Tuesday. The figures mark a notable change compared to the same period last year. Analysts attributed the shift to several macroeconomic factors including supply chain normalization. A senior official speaking on background said policymakers are closely monitoring the situation. Further details are expected to be released at a press briefing scheduled for later this week.",News,2021-07-09
Global food prices rise as drought affects major agricultural regions,"Researchers at a leading institution published findings Tuesday showing that global food prices rise as drought affects major agricultural regions. The peer-reviewed study, conducted over 18 months, analyzed data from more than 10,000 participants. Lead author stated the results have important implications for public policy and future research. The methodology was independently verified by two external review boards before publication. Government agencies said they would consider the findings in upcoming regulatory reviews.",left-news,2023-01-22
House passes bipartisan legislation on prescription drug pricing reform,"house passes bipartisan legislation on prescription drug pricing reform, according to data released by the agency on Monday. The figures mark a notable change compared to the same period last year. Analysts attributed the shift to several macroeconomic factors including supply chain normalization. A senior official speaking on background said policymakers are closely monitoring the situation. Further details are expected to be released at a press briefing scheduled for later this week.",left-news,2016-07-19
Federal budget deficit widens as spending outpaces revenue growth,"Researchers at a leading institution published findings Thursday showing that federal budget deficit widens as spending outpaces revenue growth. The peer-reviewed study, conducted over 18 months, analyzed data from more than 10,000 participants. Lead author stated the results have important implications for public policy and future research. The methodology was independently verified by two external review boards before publication. Government agencies said they would consider the findings in upcoming regulatory reviews.",politicsNews,2023-07-24
State department issues travel advisory for Southeast Asian region,"The administration announced Monday that state department issues travel advisory for southeast asian region. Officials cited data showing consistent trends in the relevant sectors over the past quarter. Congressional leaders from both parties acknowledged the significance of the development. The press secretary stated: ""This reflects our ongoing commitment to evidence-based policymaking."" International observers noted the decision aligns with broader global economic trends.",left-news,2020-06-08
President signs executive order on artificial intelligence regulation,"Researchers at a leading institution published findings Wednesday showing that president signs executive order on artificial intelligence regulation. The peer-reviewed study, conducted over 18 months, analyzed data from more than 10,000 participants. Lead author stated the results have important implications for public policy and future research. The methodology was independently verified by two external review boards before publication. Government agencies said they would consider the findings in upcoming regulatory reviews.",left-news,2018-03-08
Agriculture Department releases annual crop yield forecast for winter,"According to a report published Friday, agriculture department releases annual crop yield forecast for winter. The findings were based on a comprehensive review of publicly available data and expert testimony. Committee members questioned agency officials for several hours before releasing the final report. Independent economists described the assessment as thorough and methodologically sound. The report will now be reviewed by the relevant oversight body before any formal policy action is taken.",politics,2019-01-13
Congressional hearing examines social media impact on teen mental health,"In a statement released Tuesday, officials confirmed that congressional hearing examines social media impact on teen mental health. The decision follows months of negotiations and represents a significant policy shift. Experts said the move was expected given recent economic indicators and geopolitical developments. Spokesperson for the agency noted: ""We are committed to transparency and will continue to update the public."" The announcement was welcomed by industry leaders while some advocacy groups called for further review.",politicsNews,2018-02-20
Federal Reserve chair says inflation showing signs of gradual easing,"According to a report published Monday, federal reserve chair says inflation showing signs of gradual easing. The findings were based on a comprehensive review of publicly available data and expert testimony. Committee members questioned agency officials for several hours before releasing the final report. Independent economists described the assessment as thorough and methodologically sound. The report will now be reviewed by the relevant oversight body before any formal policy action is taken.",News,2017-09-09
State department issues travel advisory for Southeast Asian region,"state department issues travel advisory for southeast asian region, according to data released by the agency on Wednesday. The figures mark a notable change compared to the same period last year. Analysts attributed the shift to several macroeconomic factors including supply chain normalization. A senior official speaking on background said policymakers are closely monitoring the situation. Further details are expected to be released at a press briefing scheduled for later this week.",worldnews,2022-05-28
European Central Bank signals potential interest rate cut next quarter,"european central bank signals potential interest rate cut next quarter, according to data released by the agency on Thursday. The figures mark a notable change compared to the same period last year. Analysts attributed the shift to several macroeconomic factors including supply chain normalization. A senior official speaking on background said policymakers are closely monitoring the situation. Further details are expected to be released at a press briefing scheduled for later this week.",News,2018-09-03
Tech companies face antitrust scrutiny from regulators in EU and US,"In a statement released Friday, officials confirmed that tech companies face antitrust scrutiny from regulators in eu and us. The decision follows months of negotiations and represents a significant policy shift. Experts said the move was expected given recent economic indicators and geopolitical developments. Spokesperson for the agency noted: ""We are committed to transparency and will continue to update the public."" The announcement was welcomed by industry leaders while some advocacy groups called for further review.",politicsNews,2018-05-18
Treasury Department proposes new tax reform package for small businesses,"The administration announced Tuesday that treasury department proposes new tax reform package for small businesses. Officials cited data showing consistent trends in the relevant sectors over the past quarter. Congressional leaders from both parties acknowledged the significance of the development. The press secretary stated: ""This reflects our ongoing commitment to evidence-based policymaking."" International observers noted the decision aligns with broader global economic trends.",worldnews,2016-04-20
Science journal publishes breakthrough research on gene editing safety,"In a statement released Monday, officials confirmed that science journal publishes breakthrough research on gene editing safety. The decision follows months of negotiations and represents a significant policy shift. Experts said the move was expected given recent economic indicators and geopolitical developments. Spokesperson for the agency noted: ""We are committed to transparency and will continue to update the public."" The announcement was welcomed by industry leaders while some advocacy groups called for further review.",politicsNews,2020-03-18
Climate summit reaches agreement on carbon emission reductions,"The administration announced Friday that climate summit reaches agreement on carbon emission reductions. Officials cited data showing consistent trends in the relevant sectors over the past quarter. Congressional leaders from both parties acknowledged the significance of the development. The press secretary stated: ""This reflects our ongoing commitment to evidence-based policymaking."" International observers noted the decision aligns with broader global economic trends.",News,2018-03-18
European Central Bank signals potential interest rate cut next quarter,"european central bank signals potential interest rate cut next quarter, according to data released by the agency on Monday. The figures mark a notable change compared to the same period last year. Analysts attributed the shift to several macroeconomic factors including supply chain normalization. A senior official speaking on background said policymakers are closely monitoring the situation. Further details are expected to be released at a press briefing scheduled for later this week.",News,2018-05-17
Scientists achieve breakthrough in Alzheimer's disease treatment in new study,"According to a report published Friday, scientists achieve breakthrough in alzheimer's disease treatment in new study. The findings were based on a comprehensive review of publicly available data and expert testimony. Committee members questioned agency officials for several hours before releasing the final report. Independent economists described the assessment as thorough and methodologically sound. The report will now be reviewed by the relevant oversight body before any formal policy action is taken.",politicsNews,2022-03-06
Apple reports record quarterly earnings driven by iPhone sales,"The administration announced Tuesday that apple reports record quarterly earnings driven by iphone sales. Officials cited data showing consistent trends in the relevant sectors over the past quarter. Congressional leaders from both parties acknowledged the significance of the development. The press secretary stated: ""This reflects our ongoing commitment to evidence-based policymaking."" International observers noted the decision aligns with broader global economic trends.",worldnews,2019-10-27
Congressional hearing examines social media impact on teen mental health,"According to a report published Wednesday, congressional hearing examines social media impact on teen mental health. The findings were based on a comprehensive review of publicly available data and expert testimony. Committee members questioned agency officials for several hours before releasing the final report. Independent economists described the assessment as thorough and methodologically sound. The report will now be reviewed by the relevant oversight body before any formal policy action is taken.",left-news,2019-08-06
Science journal publishes breakthrough research on gene editing safety,"In a statement released Tuesday, officials confirmed that science journal publishes breakthrough research on gene editing safety. The decision follows months of negotiations and represents a significant policy shift. Experts said the move was expected given recent economic indicators and geopolitical developments. Spokesperson for the agency noted: ""We are committed to transparency and will continue to update the public."" The announcement was welcomed by industry leaders while some advocacy groups called for further review.",worldnews,2016-02-13
Stock markets decline as investors react to rising bond yields,"In a statement released Wednesday, officials confirmed that stock markets decline as investors react to rising bond yields. The decision follows months of negotiations and represents a significant policy shift. Experts said the move was expected given recent economic indicators and geopolitical developments. Spokesperson for the agency noted: ""We are committed to transparency and will continue to update the public."" The announcement was welcomed by industry leaders while some advocacy groups called for further review.",left-news,2023-11-25
Unemployment rate falls to lowest level in two years,"According to a report published Friday, unemployment rate falls to lowest level in two years. The findings were based on a comprehensive review of publicly available data and expert testimony. Committee members questioned agency officials for several hours before releasing the final report. Independent economists described the assessment as thorough and methodologically sound. The report will now be reviewed by the relevant oversight body before any formal policy action is taken.",Government News,2022-09-15
Census Bureau releases updated population projections for next decade,"According to a report published Wednesday, census bureau releases updated population projections for next decade. The findings were based on a comprehensive review of publicly available data and expert testimony. Committee members questioned agency officials for several hours before releasing the final report. Independent economists described the assessment as thorough and methodologically sound. The report will now be reviewed by the relevant oversight body before any formal policy action is taken.",politics,2022-05-17
Researchers publish findings on sleep deprivation and cognitive decline,"researchers publish findings on sleep deprivation and cognitive decline, according to data released by the agency on Friday. The figures mark a notable change compared to the same period last year. Analysts attributed the shift to several macroeconomic factors including supply chain normalization. A senior official speaking on background said policymakers are closely monitoring the situation. Further details are expected to be released at a press briefing scheduled for later this week.",left-news,2018-01-07
NASA successfully launches Artemis mission to lunar orbit,"According to a report published Wednesday, nasa successfully launches artemis mission to lunar orbit. The findings were based on a comprehensive review of publicly available data and expert testimony. Committee members questioned agency officials for several hours before releasing the final report. Independent economists described the assessment as thorough and methodologically sound. The report will now be reviewed by the relevant oversight body before any formal policy action is taken.",News,2017-10-14
World Bank approves emergency loans to three developing nations,"The administration announced Wednesday that world bank approves emergency loans to three developing nations. Officials cited data showing consistent trends in the relevant sectors over the past quarter. Congressional leaders from both parties acknowledged the significance of the development. The press secretary stated: ""This reflects our ongoing commitment to evidence-based policymaking."" International observers noted the decision aligns with broader global economic trends.",News,2016-06-16
CDC updates COVID-19 guidelines for healthcare workers,"In a statement released Tuesday, officials confirmed that cdc updates covid-19 guidelines for healthcare workers. The decision follows months of negotiations and represents a significant policy shift. Experts said the move was expected given recent economic indicators and geopolitical developments. Spokesperson for the agency noted: ""We are committed to transparency and will continue to update the public."" The announcement was welcomed by industry leaders while some advocacy groups called for further review.",left-news,2018-08-28
Agriculture Department releases annual crop yield forecast for winter,"agriculture department releases annual crop yield forecast for winter, according to data released by the agency on Wednesday. The figures mark a notable change compared to the same period last year. Analysts attributed the shift to several macroeconomic factors including supply chain normalization. A senior official speaking on background said policymakers are closely monitoring the situation. Further details are expected to be released at a press briefing scheduled for later this week.",left-news,2019-03-01
Tech companies face antitrust scrutiny from regulators in EU and US,"The administration announced Wednesday that tech companies face antitrust scrutiny from regulators in eu and us. Officials cited data showing consistent trends in the relevant sectors over the past quarter. Congressional leaders from both parties acknowledged the significance of the development. The press secretary stated: ""This reflects our ongoing commitment to evidence-based policymaking."" International observers noted the decision aligns with broader global economic trends.",left-news,2022-08-23
University study links ultra-processed foods to higher mortality risk,"Researchers at a leading institution published findings Tuesday showing that university study links ultra-processed foods to higher mortality risk. The peer-reviewed study, conducted over 18 months, analyzed data from more than 10,000 participants. Lead author stated the results have important implications for public policy and future research. The methodology was independently verified by two external review boards before publication. Government agencies said they would consider the findings in upcoming regulatory reviews.",left-news,2018-07-02
Global food prices rise as drought affects major agricultural regions,"global food prices rise as drought affects major agricultural regions, according to data released by the agency on Monday. The figures mark a notable change compared to the same period last year. Analysts attributed the shift to several macroeconomic factors including supply chain normalization. A senior official speaking on background said policymakers are closely monitoring the situation. Further details are expected to be released at a press briefing scheduled for later this week.",News,2021-01-12
University study links ultra-processed foods to higher mortality risk,"The administration announced Thursday that university study links ultra-processed foods to higher mortality risk. Officials cited data showing consistent trends in the relevant sectors over the past quarter. Congressional leaders from both parties acknowledged the significance of the development. The press secretary stated: ""This reflects our ongoing commitment to evidence-based policymaking."" International observers noted the decision aligns with broader global economic trends.",politicsNews,2020-06-27
National Science Foundation awards grants for quantum computing research,"According to a report published Thursday, national science foundation awards grants for quantum computing research. The findings were based on a comprehensive review of publicly available data and expert testimony. Committee members questioned agency officials for several hours before releasing the final report. Independent economists described the assessment as thorough and methodologically sound. The report will now be reviewed by the relevant oversight body before any formal policy action is taken.",politicsNews,2023-02-12
SpaceX successfully lands booster for record fifteenth time,"spacex successfully lands booster for record fifteenth time, according to data released by the agency on Wednesday. The figures mark a notable change compared to the same period last year. Analysts attributed the shift to several macroeconomic factors including supply chain normalization. A senior official speaking on background said policymakers are closely monitoring the situation. Further details are expected to be released at a press briefing scheduled for later this week.",politics,2018-01-04
Pentagon releases annual defense budget request to Congress,"According to a report published Wednesday, pentagon releases annual defense budget request to congress. The findings were based on a comprehensive review of publicly available data and expert testimony. Committee members questioned agency officials for several hours before releasing the final report. Independent economists described the assessment as thorough and methodologically sound. The report will now be reviewed by the relevant oversight body before any formal policy action is taken.",politicsNews,2016-09-07
Transportation Secretary unveils plan to modernize air traffic control,"According to a report published Wednesday, transportation secretary unveils plan to modernize air traffic control. The findings were based on a comprehensive review of publicly available data and expert testimony. Committee members questioned agency officials for several hours before releasing the final report. Independent economists described the assessment as thorough and methodologically sound. The report will now be reviewed by the relevant oversight body before any formal policy action is taken.",politicsNews,2023-07-11
Environmental Protection Agency announces new clean air standards,"The administration announced Wednesday that environmental protection agency announces new clean air standards. Officials cited data showing consistent trends in the relevant sectors over the past quarter. Congressional leaders from both parties acknowledged the significance of the development. The press secretary stated: ""This reflects our ongoing commitment to evidence-based policymaking."" International observers noted the decision aligns with broader global economic trends.",politics,2021-05-12
Apple reports record quarterly earnings driven by iPhone sales,"According to a report published Friday, apple reports record quarterly earnings driven by iphone sales. The findings were based on a comprehensive review of publicly available data and expert testimony. Committee members questioned agency officials for several hours before releasing the final report. Independent economists described the assessment as thorough and methodologically sound. The report will now be reviewed by the relevant oversight body before any formal policy action is taken.",politicsNews,2023-08-14
Secretary of State holds bilateral talks with foreign minister in capital,"According to a report published Monday, secretary of state holds bilateral talks with foreign minister in capital. The findings were based on a comprehensive review of publicly available data and expert testimony. Committee members questioned agency officials for several hours before releasing the final report. Independent economists described the assessment as thorough and methodologically sound. The report will now be reviewed by the relevant oversight body before any formal policy action is taken.",Government News,2017-03-27
World Bank approves emergency loans to three developing nations,"Researchers at a leading institution published findings Thursday showing that world bank approves emergency loans to three developing nations. The peer-reviewed study, conducted over 18 months, analyzed data from more than 10,000 participants. Lead author stated the results have important implications for public policy and future research. The methodology was independently verified by two external review boards before publication. Government agencies said they would consider the findings in upcoming regulatory reviews.",Government News,2020-03-05
Secretary of State holds bilateral talks with foreign minister in capital,"secretary of state holds bilateral talks with foreign minister in capital, according to data released by the agency on Monday. The figures mark a notable change compared to the same period last year. Analysts attributed the shift to several macroeconomic factors including supply chain normalization. A senior official speaking on background said policymakers are closely monitoring the situation. Further details are expected to be released at a press briefing scheduled for later this week.",politics,2022-05-13
Tech companies face antitrust scrutiny from regulators in EU and US,"In a statement released Monday, officials confirmed that tech companies face antitrust scrutiny from regulators in eu and us. The decision follows months of negotiations and represents a significant policy shift. Experts said the move was expected given recent economic indicators and geopolitical developments. Spokesperson for the agency noted: ""We are committed to transparency and will continue to update the public."" The announcement was welcomed by industry leaders while some advocacy groups called for further review.",News,2016-03-07
Researchers publish findings on sleep deprivation and cognitive decline,"According to a report published Tuesday, researchers publish findings on sleep deprivation and cognitive decline. The findings were based on a comprehensive review of publicly available data and expert testimony. Committee members questioned agency officials for several hours before releasing the final report. Independent economists described the assessment as thorough and methodologically sound. The report will now be reviewed by the relevant oversight body before any formal policy action is taken.",left-news,2018-07-18
House passes bipartisan legislation on prescription drug pricing reform,"Researchers at a leading institution published findings Tuesday showing that house passes bipartisan legislation on prescription drug pricing reform. The peer-reviewed study, conducted over 18 months, analyzed data from more than 10,000 participants. Lead author stated the results have important implications for public policy and future research. The methodology was independently verified by two external review boards before publication. Government agencies said they would consider the findings in upcoming regulatory reviews.",politicsNews,2017-03-28
United Nations calls for ceasefire as conflict in region intensifies,"Researchers at a leading institution published findings Thursday showing that united nations calls for ceasefire as conflict in region intensifies. The peer-reviewed study, conducted over 18 months, analyzed data from more than 10,000 participants. Lead author stated the results have important implications for public policy and future research. The methodology was independently verified by two external review boards before publication. Government agencies said they would consider the findings in upcoming regulatory reviews.",politicsNews,2019-08-06
Justice Department files antitrust suit against major technology firm,"The administration announced Monday that justice department files antitrust suit against major technology firm. Officials cited data showing consistent trends in the relevant sectors over the past quarter. Congressional leaders from both parties acknowledged the significance of the development. The press secretary stated: ""This reflects our ongoing commitment to evidence-based policymaking."" International observers noted the decision aligns with broader global economic trends.",politicsNews,2023-06-20
Presidential press secretary addresses reporters on foreign policy,"Researchers at a leading institution published findings Thursday showing that presidential press secretary addresses reporters on foreign policy. The peer-reviewed study, conducted over 18 months, analyzed data from more than 10,000 participants. Lead author stated the results have important implications for public policy and future research. The methodology was independently verified by two external review boards before publication. Government agencies said they would consider the findings in upcoming regulatory reviews.",News,2021-11-22
G20 leaders agree on framework for global minimum corporate tax,"According to a report published Tuesday, g20 leaders agree on framework for global minimum corporate tax. The findings were based on a comprehensive review of publicly available data and expert testimony. Committee members questioned agency officials for several hours before releasing the final report. Independent economists described the assessment as thorough and methodologically sound. The report will now be reviewed by the relevant oversight body before any formal policy action is taken.",Government News,2020-10-25
Global food prices rise as drought affects major agricultural regions,"global food prices rise as drought affects major agricultural regions, according to data released by the agency on Monday. The figures mark a notable change compared to the same period last year. Analysts attributed the shift to several macroeconomic factors including supply chain normalization. A senior official speaking on background said policymakers are closely monitoring the situation. Further details are expected to be released at a press briefing scheduled for later this week.",left-news,2023-05-11
National Science Foundation awards grants for quantum computing research,"Researchers at a leading institution published findings Thursday showing that national science foundation awards grants for quantum computing research. The peer-reviewed study, conducted over 18 months, analyzed data from more than 10,000 participants. Lead author stated the results have important implications for public policy and future research. The methodology was independently verified by two external review boards before publication. Government agencies said they would consider the findings in upcoming regulatory reviews.",Government News,2022-01-19
New cancer screening program launches in several US states,"Researchers at a leading institution published findings Monday showing that new cancer screening program launches in several us states. The peer-reviewed study, conducted over 18 months, analyzed data from more than 10,000 participants. Lead author stated the results have important implications for public policy and future research. The methodology was independently verified by two external review boards before publication. Government agencies said they would consider the findings in upcoming regulatory reviews.",worldnews,2019-04-08
University study links ultra-processed foods to higher mortality risk,"university study links ultra-processed foods to higher mortality risk, according to data released by the agency on Monday. The figures mark a notable change compared to the same period last year. Analysts attributed the shift to several macroeconomic factors including supply chain normalization. A senior official speaking on background said policymakers are closely monitoring the situation. Further details are expected to be released at a press briefing scheduled for later this week.",Government News,2021-07-24
Unemployment rate falls to lowest level in two years,"The administration announced Friday that unemployment rate falls to lowest level in two years. Officials cited data showing consistent trends in the relevant sectors over the past quarter. Congressional leaders from both parties acknowledged the significance of the development. The press secretary stated: ""This reflects our ongoing commitment to evidence-based policymaking."" International observers noted the decision aligns with broader global economic trends.",News,2020-02-08
Supreme Court hears oral arguments in landmark free speech case,"According to a report published Thursday, supreme court hears oral arguments in landmark free speech case. The findings were based on a comprehensive review of publicly available data and expert testimony. Committee members questioned agency officials for several hours before releasing the final report. Independent economists described the assessment as thorough and methodologically sound. The report will now be reviewed by the relevant oversight body before any formal policy action is taken.",Government News,2017-06-02
NATO allies agree to increase defense spending commitments,"The administration announced Thursday that nato allies agree to increase defense spending commitments. Officials cited data showing consistent trends in the relevant sectors over the past quarter. Congressional leaders from both parties acknowledged the significance of the development. The press secretary stated: ""This reflects our ongoing commitment to evidence-based policymaking."" International observers noted the decision aligns with broader global economic trends.",worldnews,2022-08-01
SpaceX successfully lands booster for record fifteenth time,"Researchers at a leading institution published findings Monday showing that spacex successfully lands booster for record fifteenth time. The peer-reviewed study, conducted over 18 months, analyzed data from more than 10,000 participants. Lead author stated the results have important implications for public policy and future research. The methodology was independently verified by two external review boards before publication. Government agencies said they would consider the findings in upcoming regulatory reviews.",News,2019-08-16
Unemployment rate falls to lowest level in two years,"According to a report published Tuesday, unemployment rate falls to lowest level in two years. The findings were based on a comprehensive review of publicly available data and expert testimony. Committee members questioned agency officials for several hours before releasing the final report. Independent economists described the assessment as thorough and methodologically sound. The report will now be reviewed by the relevant oversight body before any formal policy action is taken.",left-news,2022-04-10
Global food prices rise as drought affects major agricultural regions,"According to a report published Tuesday, global food prices rise as drought affects major agricultural regions. The findings were based on a comprehensive review of publicly available data and expert testimony. Committee members questioned agency officials for several hours before releasing the final report. Independent economists described the assessment as thorough and methodologically sound. The report will now be reviewed by the relevant oversight body before any formal policy action is taken.",News,2018-10-11
Agriculture Department releases annual crop yield forecast for winter,"The administration announced Monday that agriculture department releases annual crop yield forecast for winter. Officials cited data showing consistent trends in the relevant sectors over the past quarter. Congressional leaders from both parties acknowledged the significance of the development. The press secretary stated: ""This reflects our ongoing commitment to evidence-based policymaking."" International observers noted the decision aligns with broader global economic trends.",politicsNews,2017-02-26
National Institutes of Health announces increased funding for cancer research,"In a statement released Tuesday, officials confirmed that national institutes of health announces increased funding for cancer research. The decision follows months of negotiations and represents a significant policy shift. Experts said the move was expected given recent economic indicators and geopolitical developments. Spokesperson for the agency noted: ""We are committed to transparency and will continue to update the public."" The announcement was welcomed by industry leaders while some advocacy groups called for further review.",politics,2022-08-03
Federal Reserve chair says inflation showing signs of gradual easing,"federal reserve chair says inflation showing signs of gradual easing, according to data released by the agency on Monday. The figures mark a notable change compared to the same period last year. Analysts attributed the shift to several macroeconomic factors including supply chain normalization. A senior official speaking on background said policymakers are closely monitoring the situation. Further details are expected to be released at a press briefing scheduled for later this week.",politicsNews,2023-03-02
Stock markets decline as investors react to rising bond yields,"Researchers at a leading institution published findings Wednesday showing that stock markets decline as investors react to rising bond yields. The peer-reviewed study, conducted over 18 months, analyzed data from more than 10,000 participants. Lead author stated the results have important implications for public policy and future research. The methodology was independently verified by two external review boards before publication. Government agencies said they would consider the findings in upcoming regulatory reviews.",Government News,2021-11-19
WHO warns of rising antibiotic resistance as global health threat,"In a statement released Tuesday, officials confirmed that who warns of rising antibiotic resistance as global health threat. The decision follows months of negotiations and represents a significant policy shift. Experts said the move was expected given recent economic indicators and geopolitical developments. Spokesperson for the agency noted: ""We are committed to transparency and will continue to update the public."" The announcement was welcomed by industry leaders while some advocacy groups called for further review.",News,2021-02-02
Agriculture Department releases annual crop yield forecast for winter,"In a statement released Monday, officials confirmed that agriculture department releases annual crop yield forecast for winter. The decision follows months of negotiations and represents a significant policy shift. Experts said the move was expected given recent economic indicators and geopolitical developments. Spokesperson for the agency noted: ""We are committed to transparency and will continue to update the public."" The announcement was welcomed by industry leaders while some advocacy groups called for further review.",politics,2016-04-26
Supreme Court hears oral arguments in landmark free speech case,"The administration announced Thursday that supreme court hears oral arguments in landmark free speech case. Officials cited data showing consistent trends in the relevant sectors over the past quarter. Congressional leaders from both parties acknowledged the significance of the development. The press secretary stated: ""This reflects our ongoing commitment to evidence-based policymaking."" International observers noted the decision aligns with broader global economic trends.",politicsNews,2020-10-10
Environmental Protection Agency announces new clean air standards,"According to a report published Monday, environmental protection agency announces new clean air standards. The findings were based on a comprehensive review of publicly available data and expert testimony. Committee members questioned agency officials for several hours before releasing the final report. Independent economists described the assessment as thorough and methodologically sound. The report will now be reviewed by the relevant oversight body before any formal policy action is taken.",politics,2020-03-03
University study links ultra-processed foods to higher mortality risk,"According to a report published Wednesday, university study links ultra-processed foods to higher mortality risk. The findings were based on a comprehensive review of publicly available data and expert testimony. Committee members questioned agency officials for several hours before releasing the final report. Independent economists described the assessment as thorough and methodologically sound. The report will now be reviewed by the relevant oversight body before any formal policy action is taken.",worldnews,2017-08-20
Tech companies face antitrust scrutiny from regulators in EU and US,"Researchers at a leading institution published findings Monday showing that tech companies face antitrust scrutiny from regulators in eu and us. The peer-reviewed study, conducted over 18 months, analyzed data from more than 10,000 participants. Lead author stated the results have important implications for public policy and future research. The methodology was independently verified by two external review boards before publication. Government agencies said they would consider the findings in upcoming regulatory reviews.",left-news,2021-11-06
Federal Reserve chair says inflation showing signs of gradual easing,"The administration announced Thursday that federal reserve chair says inflation showing signs of gradual easing. Officials cited data showing consistent trends in the relevant sectors over the past quarter. Congressional leaders from both parties acknowledged the significance of the development. The press secretary stated: ""This reflects our ongoing commitment to evidence-based policymaking."" International observers noted the decision aligns with broader global economic trends.",News,2020-05-21
Science journal publishes breakthrough research on gene editing safety,"The administration announced Thursday that science journal publishes breakthrough research on gene editing safety. Officials cited data showing consistent trends in the relevant sectors over the past quarter. Congressional leaders from both parties acknowledged the significance of the development. The press secretary stated: ""This reflects our ongoing commitment to evidence-based policymaking."" International observers noted the decision aligns with broader global economic trends.",worldnews,2020-11-11
Senate confirms new ambassador to key ally in diplomatic shift,"senate confirms new ambassador to key ally in diplomatic shift, according to data released by the agency on Thursday. The figures mark a notable change compared to the same period last year. Analysts attributed the shift to several macroeconomic factors including supply chain normalization. A senior official speaking on background said policymakers are closely monitoring the situation. Further details are expected to be released at a press briefing scheduled for later this week.",worldnews,2018-01-03
Apple reports record quarterly earnings driven by iPhone sales,"According to a report published Monday, apple reports record quarterly earnings driven by iphone sales. The findings were based on a comprehensive review of publicly available data and expert testimony. Committee members questioned agency officials for several hours before releasing the final report. Independent economists described the assessment as thorough and methodologically sound. The report will now be reviewed by the relevant oversight body before any formal policy action is taken.",worldnews,2017-08-05
Pentagon releases annual defense budget request to Congress,"In a statement released Wednesday, officials confirmed that pentagon releases annual defense budget request to congress. The decision follows months of negotiations and represents a significant policy shift. Experts said the move was expected given recent economic indicators and geopolitical developments. Spokesperson for the agency noted: ""We are committed to transparency and will continue to update the public."" The announcement was welcomed by industry leaders while some advocacy groups called for further review.",News,2021-10-08
Science journal publishes breakthrough research on gene editing safety,"The administration announced Thursday that science journal publishes breakthrough research on gene editing safety. Officials cited data showing consistent trends in the relevant sectors over the past quarter. Congressional leaders from both parties acknowledged the significance of the development. The press secretary stated: ""This reflects our ongoing commitment to evidence-based policymaking."" International observers noted the decision aligns with broader global economic trends.",left-news,2017-11-22
Labor Department reports strong job gains across manufacturing sector,"According to a report published Friday, labor department reports strong job gains across manufacturing sector. The findings were based on a comprehensive review of publicly available data and expert testimony. Committee members questioned agency officials for several hours before releasing the final report. Independent economists described the assessment as thorough and methodologically sound. The report will now be reviewed by the relevant oversight body before any formal policy action is taken.",News,2019-08-21
United Nations calls for ceasefire as conflict in region intensifies,"Researchers at a leading institution published findings Tuesday showing that united nations calls for ceasefire as conflict in region intensifies. The peer-reviewed study, conducted over 18 months, analyzed data from more than 10,000 participants. Lead author stated the results have important implications for public policy and future research. The methodology was independently verified by two external review boards before publication. Government agencies said they would consider the findings in upcoming regulatory reviews.",left-news,2019-06-03
Apple reports record quarterly earnings driven by iPhone sales,"In a statement released Wednesday, officials confirmed that apple reports record quarterly earnings driven by iphone sales. The decision follows months of negotiations and represents a significant policy shift. Experts said the move was expected given recent economic indicators and geopolitical developments. Spokesperson for the agency noted: ""We are committed to transparency and will continue to update the public."" The announcement was welcomed by industry leaders while some advocacy groups called for further review.",left-news,2018-08-15
Labor Department reports strong job gains across manufacturing sector,"The administration announced Wednesday that labor department reports strong job gains across manufacturing sector. Officials cited data showing consistent trends in the relevant sectors over the past quarter. Congressional leaders from both parties acknowledged the significance of the development. The press secretary stated: ""This reflects our ongoing commitment to evidence-based policymaking."" International observers noted the decision aligns with broader global economic trends.",left-news,2018-06-24
Science journal publishes breakthrough research on gene editing safety,"The administration announced Wednesday that science journal publishes breakthrough research on gene editing safety. Officials cited data showing consistent trends in the relevant sectors over the past quarter. Congressional leaders from both parties acknowledged the significance of the development. The press secretary stated: ""This reflects our ongoing commitment to evidence-based policymaking."" International observers noted the decision aligns with broader global economic trends.",politics,2018-01-28
Supreme Court hears oral arguments in landmark free speech case,"Researchers at a leading institution published findings Thursday showing that supreme court hears oral arguments in landmark free speech case. The peer-reviewed study, conducted over 18 months, analyzed data from more than 10,000 participants. Lead author stated the results have important implications for public policy and future research. The methodology was independently verified by two external review boards before publication. Government agencies said they would consider the findings in upcoming regulatory reviews.",politicsNews,2023-06-05
United Nations calls for ceasefire as conflict in region intensifies,"united nations calls for ceasefire as conflict in region intensifies, according to data released by the agency on Tuesday. The figures mark a notable change compared to the same period last year. Analysts attributed the shift to several macroeconomic factors including supply chain normalization. A senior official speaking on background said policymakers are closely monitoring the situation. Further details are expected to be released at a press briefing scheduled for later this week.",politics,2023-05-07
Presidential press secretary addresses reporters on foreign policy,"presidential press secretary addresses reporters on foreign policy, according to data released by the agency on Thursday. The figures mark a notable change compared to the same period last year. Analysts attributed the shift to several macroeconomic factors including supply chain normalization. A senior official speaking on background said policymakers are closely monitoring the situation. Further details are expected to be released at a press briefing scheduled for later this week.",politicsNews,2016-11-12
Science journal publishes breakthrough research on gene editing safety,"Researchers at a leading institution published findings Friday showing that science journal publishes breakthrough research on gene editing safety. The peer-reviewed study, conducted over 18 months, analyzed data from more than 10,000 participants. Lead author stated the results have important implications for public policy and future research. The methodology was independently verified by two external review boards before publication. Government agencies said they would consider the findings in upcoming regulatory reviews.",News,2021-01-04
Treasury Department proposes new tax reform package for small businesses,"According to a report published Tuesday, treasury department proposes new tax reform package for small businesses. The findings were based on a comprehensive review of publicly available data and expert testimony. Committee members questioned agency officials for several hours before releasing the final report. Independent economists described the assessment as thorough and methodologically sound. The report will now be reviewed by the relevant oversight body before any formal policy action is taken.",worldnews,2018-06-22
Labor Department reports strong job gains across manufacturing sector,"According to a report published Wednesday, labor department reports strong job gains across manufacturing sector. The findings were based on a comprehensive review of publicly available data and expert testimony. Committee members questioned agency officials for several hours before releasing the final report. Independent economists described the assessment as thorough and methodologically sound. The report will now be reviewed by the relevant oversight body before any formal policy action is taken.",politics,2022-09-19
Environmental Protection Agency announces new clean air standards,"According to a report published Tuesday, environmental protection agency announces new clean air standards. The findings were based on a comprehensive review of publicly available data and expert testimony. Committee members questioned agency officials for several hours before releasing the final report. Independent economists described the assessment as thorough and methodologically sound. The report will now be reviewed by the relevant oversight body before any formal policy action is taken.",left-news,2016-08-24
Agriculture Department releases annual crop yield forecast for winter,"According to a report published Wednesday, agriculture department releases annual crop yield forecast for winter. The findings were based on a comprehensive review of publicly available data and expert testimony. Committee members questioned agency officials for several hours before releasing the final report. Independent economists described the assessment as thorough and methodologically sound. The report will now be reviewed by the relevant oversight body before any formal policy action is taken.",politics,2023-01-10
SpaceX successfully lands booster for record fifteenth time,"In a statement released Thursday, officials confirmed that spacex successfully lands booster for record fifteenth time. The decision follows months of negotiations and represents a significant policy shift. Experts said the move was expected given recent economic indicators and geopolitical developments. Spokesperson for the agency noted: ""We are committed to transparency and will continue to update the public."" The announcement was welcomed by industry leaders while some advocacy groups called for further review.",politics,2017-08-27
Researchers publish findings on sleep deprivation and cognitive decline,"The administration announced Friday that researchers publish findings on sleep deprivation and cognitive decline. Officials cited data showing consistent trends in the relevant sectors over the past quarter. Congressional leaders from both parties acknowledged the significance of the development. The press secretary stated: ""This reflects our ongoing commitment to evidence-based policymaking."" International observers noted the decision aligns with broader global economic trends.",politics,2019-06-27
Agriculture Department releases annual crop yield forecast for winter,"agriculture department releases annual crop yield forecast for winter, according to data released by the agency on Thursday. The figures mark a notable change compared to the same period last year. Analysts attributed the shift to several macroeconomic factors including supply chain normalization. A senior official speaking on background said policymakers are closely monitoring the situation. Further details are expected to be released at a press briefing scheduled for later this week.",News,2020-11-28
United Nations calls for ceasefire as conflict in region intensifies,"united nations calls for ceasefire as conflict in region intensifies, according to data released by the agency on Friday. The figures mark a notable change compared to the same period last year. Analysts attributed the shift to several macroeconomic factors including supply chain normalization. A senior official speaking on background said policymakers are closely monitoring the situation. Further details are expected to be released at a press briefing scheduled for later this week.",News,2022-05-01
Defense Secretary meets with allies to discuss regional security threats,"defense secretary meets with allies to discuss regional security threats, according to data released by the agency on Monday. The figures mark a notable change compared to the same period last year. Analysts attributed the shift to several macroeconomic factors including supply chain normalization. A senior official speaking on background said policymakers are closely monitoring the situation. Further details are expected to be released at a press briefing scheduled for later this week.",worldnews,2023-04-13
Federal Reserve raises interest rates by 25 basis points amid inflation concerns,"The administration announced Monday that federal reserve raises interest rates by 25 basis points amid inflation concerns. Officials cited data showing consistent trends in the relevant sectors over the past quarter. Congressional leaders from both parties acknowledged the significance of the development. The press secretary stated: ""This reflects our ongoing commitment to evidence-based policymaking."" International observers noted the decision aligns with broader global economic trends.",politicsNews,2020-09-27
Consumer confidence index rises for third consecutive month,"The administration announced Monday that consumer confidence index rises for third consecutive month. Officials cited data showing consistent trends in the relevant sectors over the past quarter. Congressional leaders from both parties acknowledged the significance of the development. The press secretary stated: ""This reflects our ongoing commitment to evidence-based policymaking."" International observers noted the decision aligns with broader global economic trends.",politics,2020-10-22
Apple reports record quarterly earnings driven by iPhone sales,"The administration announced Friday that apple reports record quarterly earnings driven by iphone sales. Officials cited data showing consistent trends in the relevant sectors over the past quarter. Congressional leaders from both parties acknowledged the significance of the development. The press secretary stated: ""This reflects our ongoing commitment to evidence-based policymaking."" International observers noted the decision aligns with broader global economic trends.",worldnews,2020-02-28
Global food prices rise as drought affects major agricultural regions,"The administration announced Friday that global food prices rise as drought affects major agricultural regions. Officials cited data showing consistent trends in the relevant sectors over the past quarter. Congressional leaders from both parties acknowledged the significance of the development. The press secretary stated: ""This reflects our ongoing commitment to evidence-based policymaking."" International observers noted the decision aligns with broader global economic trends.",Government News,2021-03-18
Census Bureau releases updated population projections for next decade,"census bureau releases updated population projections for next decade, according to data released by the agency on Monday. The figures mark a notable change compared to the same period last year. Analysts attributed the shift to several macroeconomic factors including supply chain normalization. A senior official speaking on background said policymakers are closely monitoring the situation. Further details are expected to be released at a press briefing scheduled for later this week.",Government News,2022-02-11
Census Bureau releases updated population projections for next decade,"census bureau releases updated population projections for next decade, according to data released by the agency on Thursday. The figures mark a notable change compared to the same period last year. Analysts attributed the shift to several macroeconomic factors including supply chain normalization. A senior official speaking on background said policymakers are closely monitoring the situation. Further details are expected to be released at a press briefing scheduled for later this week.",politicsNews,2017-03-24
Presidential press secretary addresses reporters on foreign policy,"Researchers at a leading institution published findings Tuesday showing that presidential press secretary addresses reporters on foreign policy. The peer-reviewed study, conducted over 18 months, analyzed data from more than 10,000 participants. Lead author stated the results have important implications for public policy and future research. The methodology was independently verified by two external review boards before publication. Government agencies said they would consider the findings in upcoming regulatory reviews.",Government News,2020-11-09
Researchers publish findings on sleep deprivation and cognitive decline,"researchers publish findings on sleep deprivation and cognitive decline, according to data released by the agency on Thursday. The figures mark a notable change compared to the same period last year. Analysts attributed the shift to several macroeconomic factors including supply chain normalization. A senior official speaking on background said policymakers are closely monitoring the situation. Further details are expected to be released at a press briefing scheduled for later this week.",worldnews,2018-06-04
Secretary of State holds bilateral talks with foreign minister in capital,"Researchers at a leading institution published findings Wednesday showing that secretary of state holds bilateral talks with foreign minister in capital. The peer-reviewed study, conducted over 18 months, analyzed data from more than 10,000 participants. Lead author stated the results have important implications for public policy and future research. The methodology was independently verified by two external review boards before publication. Government agencies said they would consider the findings in upcoming regulatory reviews.",politics,2017-02-05
Climate summit reaches agreement on carbon emission reductions,"In a statement released Tuesday, officials confirmed that climate summit reaches agreement on carbon emission reductions. The decision follows months of negotiations and represents a significant policy shift. Experts said the move was expected given recent economic indicators and geopolitical developments. Spokesperson for the agency noted: ""We are committed to transparency and will continue to update the public."" The announcement was welcomed by industry leaders while some advocacy groups called for further review.",politicsNews,2020-03-04
Secretary of State holds bilateral talks with foreign minister in capital,"The administration announced Wednesday that secretary of state holds bilateral talks with foreign minister in capital. Officials cited data showing consistent trends in the relevant sectors over the past quarter. Congressional leaders from both parties acknowledged the significance of the development. The press secretary stated: ""This reflects our ongoing commitment to evidence-based policymaking."" International observers noted the decision aligns with broader global economic trends.",politicsNews,2023-09-04
Treasury Department proposes new tax reform package for small businesses,"According to a report published Wednesday, treasury department proposes new tax reform package for small businesses. The findings were based on a comprehensive review of publicly available data and expert testimony. Committee members questioned agency officials for several hours before releasing the final report. Independent economists described the assessment as thorough and methodologically sound. The report will now be reviewed by the relevant oversight body before any formal policy action is taken.",politicsNews,2021-02-12
European Central Bank signals potential interest rate cut next quarter,"The administration announced Tuesday that european central bank signals potential interest rate cut next quarter. Officials cited data showing consistent trends in the relevant sectors over the past quarter. Congressional leaders from both parties acknowledged the significance of the development. The press secretary stated: ""This reflects our ongoing commitment to evidence-based policymaking."" International observers noted the decision aligns with broader global economic trends.",politics,2020-12-01
Environmental Protection Agency announces new clean air standards,"In a statement released Monday, officials confirmed that environmental protection agency announces new clean air standards. The decision follows months of negotiations and represents a significant policy shift. Experts said the move was expected given recent economic indicators and geopolitical developments. Spokesperson for the agency noted: ""We are committed to transparency and will continue to update the public."" The announcement was welcomed by industry leaders while some advocacy groups called for further review.",worldnews,2018-06-06
Defense Secretary meets with allies to discuss regional security threats,"According to a report published Tuesday, defense secretary meets with allies to discuss regional security threats. The findings were based on a comprehensive review of publicly available data and expert testimony. Committee members questioned agency officials for several hours before releasing the final report. Independent economists described the assessment as thorough and methodologically sound. The report will now be reviewed by the relevant oversight body before any formal policy action is taken.",left-news,2021-01-11
World Bank approves emergency loans to three developing nations,"The administration announced Monday that world bank approves emergency loans to three developing nations. Officials cited data showing consistent trends in the relevant sectors over the past quarter. Congressional leaders from both parties acknowledged the significance of the development. The press secretary stated: ""This reflects our ongoing commitment to evidence-based policymaking."" International observers noted the decision aligns with broader global economic trends.",politics,2022-04-06
CDC updates COVID-19 guidelines for healthcare workers,"According to a report published Thursday, cdc updates covid-19 guidelines for healthcare workers. The findings were based on a comprehensive review of publicly available data and expert testimony. Committee members questioned agency officials for several hours before releasing the final report. Independent economists described the assessment as thorough and methodologically sound. The report will now be reviewed by the relevant oversight body before any formal policy action is taken.",politics,2017-12-08
Labor Department reports strong job gains across manufacturing sector,"The administration announced Friday that labor department reports strong job gains across manufacturing sector. Officials cited data showing consistent trends in the relevant sectors over the past quarter. Congressional leaders from both parties acknowledged the significance of the development. The press secretary stated: ""This reflects our ongoing commitment to evidence-based policymaking."" International observers noted the decision aligns with broader global economic trends.",left-news,2022-06-21
Congressional hearing examines social media impact on teen mental health,"congressional hearing examines social media impact on teen mental health, according to data released by the agency on Monday. The figures mark a notable change compared to the same period last year. Analysts attributed the shift to several macroeconomic factors including supply chain normalization. A senior official speaking on background said policymakers are closely monitoring the situation. Further details are expected to be released at a press briefing scheduled for later this week.",politicsNews,2023-04-01
House passes bipartisan legislation on prescription drug pricing reform,"Researchers at a leading institution published findings Monday showing that house passes bipartisan legislation on prescription drug pricing reform. The peer-reviewed study, conducted over 18 months, analyzed data from more than 10,000 participants. Lead author stated the results have important implications for public policy and future research. The methodology was independently verified by two external review boards before publication. Government agencies said they would consider the findings in upcoming regulatory reviews.",Government News,2021-11-11
Researchers publish findings on sleep deprivation and cognitive decline,"In a statement released Wednesday, officials confirmed that researchers publish findings on sleep deprivation and cognitive decline. The decision follows months of negotiations and represents a significant policy shift. Experts said the move was expected given recent economic indicators and geopolitical developments. Spokesperson for the agency noted: ""We are committed to transparency and will continue to update the public."" The announcement was welcomed by industry leaders while some advocacy groups called for further review.",left-news,2017-03-27
Congress passes bipartisan infrastructure bill worth 1.2 trillion dollars,"According to a report published Friday, congress passes bipartisan infrastructure bill worth 1.2 trillion dollars. The findings were based on a comprehensive review of publicly available data and expert testimony. Committee members questioned agency officials for several hours before releasing the final report. Independent economists described the assessment as thorough and methodologically sound. The report will now be reviewed by the relevant oversight body before any formal policy action is taken.",politics,2017-10-05
Treasury Department proposes new tax reform package for small businesses,"The administration announced Friday that treasury department proposes new tax reform package for small businesses. Officials cited data showing consistent trends in the relevant sectors over the past quarter. Congressional leaders from both parties acknowledged the significance of the development. The press secretary stated: ""This reflects our ongoing commitment to evidence-based policymaking."" International observers noted the decision aligns with broader global economic trends.",politics,2021-02-20
United Nations calls for ceasefire as conflict in region intensifies,"Researchers at a leading institution published findings Tuesday showing that united nations calls for ceasefire as conflict in region intensifies. The peer-reviewed study, conducted over 18 months, analyzed data from more than 10,000 participants. Lead author stated the results have important implications for public policy and future research. The methodology was independently verified by two external review boards before publication. Government agencies said they would consider the findings in upcoming regulatory reviews.",News,2022-05-02
Congress passes bipartisan infrastructure bill worth 1.2 trillion dollars,"In a statement released Wednesday, officials confirmed that congress passes bipartisan infrastructure bill worth 1.2 trillion dollars. The decision follows months of negotiations and represents a significant policy shift. Experts said the move was expected given recent economic indicators and geopolitical developments. Spokesperson for the agency noted: ""We are committed to transparency and will continue to update the public."" The announcement was welcomed by industry leaders while some advocacy groups called for further review.",Government News,2018-12-09
World Bank approves emergency loans to three developing nations,"world bank approves emergency loans to three developing nations, according to data released by the agency on Wednesday. The figures mark a notable change compared to the same period last year. Analysts attributed the shift to several macroeconomic factors including supply chain normalization. A senior official speaking on background said policymakers are closely monitoring the situation. Further details are expected to be released at a press briefing scheduled for later this week.",News,2022-02-17
Congressional hearing examines social media impact on teen mental health,"In a statement released Thursday, officials confirmed that congressional hearing examines social media impact on teen mental health. The decision follows months of negotiations and represents a significant policy shift. Experts said the move was expected given recent economic indicators and geopolitical developments. Spokesperson for the agency noted: ""We are committed to transparency and will continue to update the public."" The announcement was welcomed by industry leaders while some advocacy groups called for further review.",News,2020-07-01
Scientists achieve breakthrough in Alzheimer's disease treatment in new study,"Researchers at a leading institution published findings Wednesday showing that scientists achieve breakthrough in alzheimer's disease treatment in new study. The peer-reviewed study, conducted over 18 months, analyzed data from more than 10,000 participants. Lead author stated the results have important implications for public policy and future research. The methodology was independently verified by two external review boards before publication. Government agencies said they would consider the findings in upcoming regulatory reviews.",worldnews,2017-03-17
Central bank governor testifies before Senate banking committee,"According to a report published Monday, central bank governor testifies before senate banking committee. The findings were based on a comprehensive review of publicly available data and expert testimony. Committee members questioned agency officials for several hours before releasing the final report. Independent economists described the assessment as thorough and methodologically sound. The report will now be reviewed by the relevant oversight body before any formal policy action is taken.",News,2017-02-09
Commerce Department reports rise in trade deficit for second quarter,"Researchers at a leading institution published findings Wednesday showing that commerce department reports rise in trade deficit for second quarter. The peer-reviewed study, conducted over 18 months, analyzed data from more than 10,000 participants. Lead author stated the results have important implications for public policy and future research. The methodology was independently verified by two external review boards before publication. Government agencies said they would consider the findings in upcoming regulatory reviews.",politicsNews,2018-10-07
Agriculture Department releases annual crop yield forecast for winter,"In a statement released Tuesday, officials confirmed that agriculture department releases annual crop yield forecast for winter. The decision follows months of negotiations and represents a significant policy shift. Experts said the move was expected given recent economic indicators and geopolitical developments. Spokesperson for the agency noted: ""We are committed to transparency and will continue to update the public."" The announcement was welcomed by industry leaders while some advocacy groups called for further review.",politicsNews,2020-05-27
Secretary of State holds bilateral talks with foreign minister in capital,"According to a report published Friday, secretary of state holds bilateral talks with foreign minister in capital. The findings were based on a comprehensive review of publicly available data and expert testimony. Committee members questioned agency officials for several hours before releasing the final report. Independent economists described the assessment as thorough and methodologically sound. The report will now be reviewed by the relevant oversight body before any formal policy action is taken.",politicsNews,2020-09-22
New cancer screening program launches in several US states,"In a statement released Thursday, officials confirmed that new cancer screening program launches in several us states. The decision follows months of negotiations and represents a significant policy shift. Experts said the move was expected given recent economic indicators and geopolitical developments. Spokesperson for the agency noted: ""We are committed to transparency and will continue to update the public."" The announcement was welcomed by industry leaders while some advocacy groups called for further review.",politicsNews,2020-07-03
Labor Department reports strong job gains across manufacturing sector,"Researchers at a leading institution published findings Wednesday showing that labor department reports strong job gains across manufacturing sector. The peer-reviewed study, conducted over 18 months, analyzed data from more than 10,000 participants. Lead author stated the results have important implications for public policy and future research. The methodology was independently verified by two external review boards before publication. Government agencies said they would consider the findings in upcoming regulatory reviews.",Government News,2016-03-03
Congress passes bipartisan infrastructure bill worth 1.2 trillion dollars,"According to a report published Monday, congress passes bipartisan infrastructure bill worth 1.2 trillion dollars. The findings were based on a comprehensive review of publicly available data and expert testimony. Committee members questioned agency officials for several hours before releasing the final report. Independent economists described the assessment as thorough and methodologically sound. The report will now be reviewed by the relevant oversight body before any formal policy action is taken.",politicsNews,2023-01-16
Congressional hearing examines social media impact on teen mental health,"The administration announced Friday that congressional hearing examines social media impact on teen mental health. Officials cited data showing consistent trends in the relevant sectors over the past quarter. Congressional leaders from both parties acknowledged the significance of the development. The press secretary stated: ""This reflects our ongoing commitment to evidence-based policymaking."" International observers noted the decision aligns with broader global economic trends.",politicsNews,2020-03-19
Health officials report significant decline in childhood obesity rates,"health officials report significant decline in childhood obesity rates, according to data released by the agency on Monday. The figures mark a notable change compared to the same period last year. Analysts attributed the shift to several macroeconomic factors including supply chain normalization. A senior official speaking on background said policymakers are closely monitoring the situation. Further details are expected to be released at a press briefing scheduled for later this week.",News,2018-03-21
House passes bipartisan legislation on prescription drug pricing reform,"In a statement released Monday, officials confirmed that house passes bipartisan legislation on prescription drug pricing reform. The decision follows months of negotiations and represents a significant policy shift. Experts said the move was expected given recent economic indicators and geopolitical developments. Spokesperson for the agency noted: ""We are committed to transparency and will continue to update the public."" The announcement was welcomed by industry leaders while some advocacy groups called for further review.",left-news,2019-12-23
Stock markets decline as investors react to rising bond yields,"stock markets decline as investors react to rising bond yields, according to data released by the agency on Friday. The figures mark a notable change compared to the same period last year. Analysts attributed the shift to several macroeconomic factors including supply chain normalization. A senior official speaking on background said policymakers are closely monitoring the situation. Further details are expected to be released at a press briefing scheduled for later this week.",worldnews,2022-01-22
Defense Secretary meets with allies to discuss regional security threats,"Researchers at a leading institution published findings Friday showing that defense secretary meets with allies to discuss regional security threats. The peer-reviewed study, conducted over 18 months, analyzed data from more than 10,000 participants. Lead author stated the results have important implications for public policy and future research. The methodology was independently verified by two external review boards before publication. Government agencies said they would consider the findings in upcoming regulatory reviews.",Government News,2019-08-18
Global food prices rise as drought affects major agricultural regions,"In a statement released Thursday, officials confirmed that global food prices rise as drought affects major agricultural regions. The decision follows months of negotiations and represents a significant policy shift. Experts said the move was expected given recent economic indicators and geopolitical developments. Spokesperson for the agency noted: ""We are committed to transparency and will continue to update the public."" The announcement was welcomed by industry leaders while some advocacy groups called for further review.",worldnews,2022-04-27
Defense Secretary meets with allies to discuss regional security threats,"Researchers at a leading institution published findings Wednesday showing that defense secretary meets with allies to discuss regional security threats. The peer-reviewed study, conducted over 18 months, analyzed data from more than 10,000 participants. Lead author stated the results have important implications for public policy and future research. The methodology was independently verified by two external review boards before publication. Government agencies said they would consider the findings in upcoming regulatory reviews.",worldnews,2022-10-14
Agriculture Department releases annual crop yield forecast for winter,"Researchers at a leading institution published findings Wednesday showing that agriculture department releases annual crop yield forecast for winter. The peer-reviewed study, conducted over 18 months, analyzed data from more than 10,000 participants. Lead author stated the results have important implications for public policy and future research. The methodology was independently verified by two external review boards before publication. Government agencies said they would consider the findings in upcoming regulatory reviews.",worldnews,2017-12-14
International Monetary Fund revises global growth forecast downward,"According to a report published Thursday, international monetary fund revises global growth forecast downward. The findings were based on a comprehensive review of publicly available data and expert testimony. Committee members questioned agency officials for several hours before releasing the final report. Independent economists described the assessment as thorough and methodologically sound. The report will now be reviewed by the relevant oversight body before any formal policy action is taken.",politicsNews,2017-07-19
CDC updates COVID-19 guidelines for healthcare workers,"Researchers at a leading institution published findings Tuesday showing that cdc updates covid-19 guidelines for healthcare workers. The peer-reviewed study, conducted over 18 months, analyzed data from more than 10,000 participants. Lead author stated the results have important implications for public policy and future research. The methodology was independently verified by two external review boards before publication. Government agencies said they would consider the findings in upcoming regulatory reviews.",politics,2018-11-19
Climate summit reaches agreement on carbon emission reductions,"climate summit reaches agreement on carbon emission reductions, according to data released by the agency on Tuesday. The figures mark a notable change compared to the same period last year. Analysts attributed the shift to several macroeconomic factors including supply chain normalization. A senior official speaking on background said policymakers are closely monitoring the situation. Further details are expected to be released at a press briefing scheduled for later this week.",Government News,2016-04-08
National Institutes of Health announces increased funding for cancer research,"In a statement released Monday, officials confirmed that national institutes of health announces increased funding for cancer research. The decision follows months of negotiations and represents a significant policy shift. Experts said the move was expected given recent economic indicators and geopolitical developments. Spokesperson for the agency noted: ""We are committed to transparency and will continue to update the public."" The announcement was welcomed by industry leaders while some advocacy groups called for further review.",Government News,2022-03-07
President signs executive order on artificial intelligence regulation,"In a statement released Friday, officials confirmed that president signs executive order on artificial intelligence regulation. The decision follows months of negotiations and represents a significant policy shift. Experts said the move was expected given recent economic indicators and geopolitical developments. Spokesperson for the agency noted: ""We are committed to transparency and will continue to update the public."" The announcement was welcomed by industry leaders while some advocacy groups called for further review.",politicsNews,2019-12-04
Federal Reserve chair says inflation showing signs of gradual easing,"In a statement released Thursday, officials confirmed that federal reserve chair says inflation showing signs of gradual easing. The decision follows months of negotiations and represents a significant policy shift. Experts said the move was expected given recent economic indicators and geopolitical developments. Spokesperson for the agency noted: ""We are committed to transparency and will continue to update the public."" The announcement was welcomed by industry leaders while some advocacy groups called for further review.",politicsNews,2021-04-15
Pentagon releases annual defense budget request to Congress,"pentagon releases annual defense budget request to congress, according to data released by the agency on Monday. The figures mark a notable change compared to the same period last year. Analysts attributed the shift to several macroeconomic factors including supply chain normalization. A senior official speaking on background said policymakers are closely monitoring the situation. Further details are expected to be released at a press briefing scheduled for later this week.",News,2021-07-13
Labor Department reports strong job gains across manufacturing sector,"According to a report published Wednesday, labor department reports strong job gains across manufacturing sector. The findings were based on a comprehensive review of publicly available data and expert testimony. Committee members questioned agency officials for several hours before releasing the final report. Independent economists described the assessment as thorough and methodologically sound. The report will now be reviewed by the relevant oversight body before any formal policy action is taken.",left-news,2019-11-05
Senate confirms new ambassador to key ally in diplomatic shift,"The administration announced Wednesday that senate confirms new ambassador to key ally in diplomatic shift. Officials cited data showing consistent trends in the relevant sectors over the past quarter. Congressional leaders from both parties acknowledged the significance of the development. The press secretary stated: ""This reflects our ongoing commitment to evidence-based policymaking."" International observers noted the decision aligns with broader global economic trends.",worldnews,2019-08-16
President signs executive order on artificial intelligence regulation,"The administration announced Monday that president signs executive order on artificial intelligence regulation. Officials cited data showing consistent trends in the relevant sectors over the past quarter. Congressional leaders from both parties acknowledged the significance of the development. The press secretary stated: ""This reflects our ongoing commitment to evidence-based policymaking."" International observers noted the decision aligns with broader global economic trends.",News,2016-07-15
Supreme Court hears oral arguments in landmark free speech case,"In a statement released Monday, officials confirmed that supreme court hears oral arguments in landmark free speech case. The decision follows months of negotiations and represents a significant policy shift. Experts said the move was expected given recent economic indicators and geopolitical developments. Spokesperson for the agency noted: ""We are committed to transparency and will continue to update the public."" The announcement was welcomed by industry leaders while some advocacy groups called for further review.",Government News,2023-09-10
Senate confirms new ambassador to key ally in diplomatic shift,"The administration announced Monday that senate confirms new ambassador to key ally in diplomatic shift. Officials cited data showing consistent trends in the relevant sectors over the past quarter. Congressional leaders from both parties acknowledged the significance of the development. The press secretary stated: ""This reflects our ongoing commitment to evidence-based policymaking."" International observers noted the decision aligns with broader global economic trends.",News,2018-05-09
European Central Bank signals potential interest rate cut next quarter,"The administration announced Monday that european central bank signals potential interest rate cut next quarter. Officials cited data showing consistent trends in the relevant sectors over the past quarter. Congressional leaders from both parties acknowledged the significance of the development. The press secretary stated: ""This reflects our ongoing commitment to evidence-based policymaking."" International observers noted the decision aligns with broader global economic trends.",left-news,2017-10-15
Federal budget deficit widens as spending outpaces revenue growth,"Researchers at a leading institution published findings Tuesday showing that federal budget deficit widens as spending outpaces revenue growth. The peer-reviewed study, conducted over 18 months, analyzed data from more than 10,000 participants. Lead author stated the results have important implications for public policy and future research. The methodology was independently verified by two external review boards before publication. Government agencies said they would consider the findings in upcoming regulatory reviews.",left-news,2019-12-28
President signs executive order on artificial intelligence regulation,"The administration announced Thursday that president signs executive order on artificial intelligence regulation. Officials cited data showing consistent trends in the relevant sectors over the past quarter. Congressional leaders from both parties acknowledged the significance of the development. The press secretary stated: ""This reflects our ongoing commitment to evidence-based policymaking."" International observers noted the decision aligns with broader global economic trends.",News,2018-08-08
State department issues travel advisory for Southeast Asian region,"state department issues travel advisory for southeast asian region, according to data released by the agency on Monday. The figures mark a notable change compared to the same period last year. Analysts attributed the shift to several macroeconomic factors including supply chain normalization. A senior official speaking on background said policymakers are closely monitoring the situation. Further details are expected to be released at a press briefing scheduled for later this week.",worldnews,2023-07-08
Health officials report significant decline in childhood obesity rates,"According to a report published Tuesday, health officials report significant decline in childhood obesity rates. The findings were based on a comprehensive review of publicly available data and expert testimony. Committee members questioned agency officials for several hours before releasing the final report. Independent economists described the assessment as thorough and methodologically sound. The report will now be reviewed by the relevant oversight body before any formal policy action is taken.",politicsNews,2020-12-12
Defense Secretary meets with allies to discuss regional security threats,"Researchers at a leading institution published findings Monday showing that defense secretary meets with allies to discuss regional security threats. The peer-reviewed study, conducted over 18 months, analyzed data from more than 10,000 participants. Lead author stated the results have important implications for public policy and future research. The methodology was independently verified by two external review boards before publication. Government agencies said they would consider the findings in upcoming regulatory reviews.",News,2020-12-13
Scientists achieve breakthrough in Alzheimer's disease treatment in new study,"In a statement released Friday, officials confirmed that scientists achieve breakthrough in alzheimer's disease treatment in new study. The decision follows months of negotiations and represents a significant policy shift. Experts said the move was expected given recent economic indicators and geopolitical developments. Spokesperson for the agency noted: ""We are committed to transparency and will continue to update the public."" The announcement was welcomed by industry leaders while some advocacy groups called for further review.",politicsNews,2019-05-09
Global food prices rise as drought affects major agricultural regions,"According to a report published Friday, global food prices rise as drought affects major agricultural regions. The findings were based on a comprehensive review of publicly available data and expert testimony. Committee members questioned agency officials for several hours before releasing the final report. Independent economists described the assessment as thorough and methodologically sound. The report will now be reviewed by the relevant oversight body before any formal policy action is taken.",politics,2018-11-16
Defense Secretary meets with allies to discuss regional security threats,"In a statement released Tuesday, officials confirmed that defense secretary meets with allies to discuss regional security threats. The decision follows months of negotiations and represents a significant policy shift. Experts said the move was expected given recent economic indicators and geopolitical developments. Spokesperson for the agency noted: ""We are committed to transparency and will continue to update the public."" The announcement was welcomed by industry leaders while some advocacy groups called for further review.",politicsNews,2021-12-25
Health officials report significant decline in childhood obesity rates,"The administration announced Friday that health officials report significant decline in childhood obesity rates. Officials cited data showing consistent trends in the relevant sectors over the past quarter. Congressional leaders from both parties acknowledged the significance of the development. The press secretary stated: ""This reflects our ongoing commitment to evidence-based policymaking."" International observers noted the decision aligns with broader global economic trends.",News,2016-08-07
European Central Bank signals potential interest rate cut next quarter,"In a statement released Wednesday, officials confirmed that european central bank signals potential interest rate cut next quarter. The decision follows months of negotiations and represents a significant policy shift. Experts said the move was expected given recent economic indicators and geopolitical developments. Spokesperson for the agency noted: ""We are committed to transparency and will continue to update the public."" The announcement was welcomed by industry leaders while some advocacy groups called for further review.",Government News,2022-05-23
President signs executive order on artificial intelligence regulation,"According to a report published Tuesday, president signs executive order on artificial intelligence regulation. The findings were based on a comprehensive review of publicly available data and expert testimony. Committee members questioned agency officials for several hours before releasing the final report. Independent economists described the assessment as thorough and methodologically sound. The report will now be reviewed by the relevant oversight body before any formal policy action is taken.",Government News,2022-11-27
Central bank governor testifies before Senate banking committee,"According to a report published Friday, central bank governor testifies before senate banking committee. The findings were based on a comprehensive review of publicly available data and expert testimony. Committee members questioned agency officials for several hours before releasing the final report. Independent economists described the assessment as thorough and methodologically sound. The report will now be reviewed by the relevant oversight body before any formal policy action is taken.",News,2017-07-16
Environmental Protection Agency announces new clean air standards,"environmental protection agency announces new clean air standards, according to data released by the agency on Tuesday. The figures mark a notable change compared to the same period last year. Analysts attributed the shift to several macroeconomic factors including supply chain normalization. A senior official speaking on background said policymakers are closely monitoring the situation. Further details are expected to be released at a press briefing scheduled for later this week.",News,2016-06-12
Treasury Department proposes new tax reform package for small businesses,"treasury department proposes new tax reform package for small businesses, according to data released by the agency on Friday. The figures mark a notable change compared to the same period last year. Analysts attributed the shift to several macroeconomic factors including supply chain normalization. A senior official speaking on background said policymakers are closely monitoring the situation. Further details are expected to be released at a press briefing scheduled for later this week.",News,2023-04-14
Health officials report significant decline in childhood obesity rates,"In a statement released Monday, officials confirmed that health officials report significant decline in childhood obesity rates. The decision follows months of negotiations and represents a significant policy shift. Experts said the move was expected given recent economic indicators and geopolitical developments. Spokesperson for the agency noted: ""We are committed to transparency and will continue to update the public."" The announcement was welcomed by industry leaders while some advocacy groups called for further review.",politicsNews,2018-04-14
United Nations calls for ceasefire as conflict in region intensifies,"united nations calls for ceasefire as conflict in region intensifies, according to data released by the agency on Thursday. The figures mark a notable change compared to the same period last year. Analysts attributed the shift to several macroeconomic factors including supply chain normalization. A senior official speaking on background said policymakers are closely monitoring the situation. Further details are expected to be released at a press briefing scheduled for later this week.",left-news,2017-02-22
Health officials report significant decline in childhood obesity rates,"The administration announced Tuesday that health officials report significant decline in childhood obesity rates. Officials cited data showing consistent trends in the relevant sectors over the past quarter. Congressional leaders from both parties acknowledged the significance of the development. The press secretary stated: ""This reflects our ongoing commitment to evidence-based policymaking."" International observers noted the decision aligns with broader global economic trends.",worldnews,2019-04-12
Congress passes bipartisan infrastructure bill worth 1.2 trillion dollars,"In a statement released Wednesday, officials confirmed that congress passes bipartisan infrastructure bill worth 1.2 trillion dollars. The decision follows months of negotiations and represents a significant policy shift. Experts said the move was expected given recent economic indicators and geopolitical developments. Spokesperson for the agency noted: ""We are committed to transparency and will continue to update the public."" The announcement was welcomed by industry leaders while some advocacy groups called for further review.",politicsNews,2022-02-09
Census Bureau releases updated population projections for next decade,"According to a report published Thursday, census bureau releases updated population projections for next decade. The findings were based on a comprehensive review of publicly available data and expert testimony. Committee members questioned agency officials for several hours before releasing the final report. Independent economists described the assessment as thorough and methodologically sound. The report will now be reviewed by the relevant oversight body before any formal policy action is taken.",worldnews,2017-06-08
Environmental Protection Agency announces new clean air standards,"In a statement released Monday, officials confirmed that environmental protection agency announces new clean air standards. The decision follows months of negotiations and represents a significant policy shift. Experts said the move was expected given recent economic indicators and geopolitical developments. Spokesperson for the agency noted: ""We are committed to transparency and will continue to update the public."" The announcement was welcomed by industry leaders while some advocacy groups called for further review.",News,2019-01-16
Federal Reserve chair says inflation showing signs of gradual easing,"Researchers at a leading institution published findings Friday showing that federal reserve chair says inflation showing signs of gradual easing. The peer-reviewed study, conducted over 18 months, analyzed data from more than 10,000 participants. Lead author stated the results have important implications for public policy and future research. The methodology was independently verified by two external review boards before publication. Government agencies said they would consider the findings in upcoming regulatory reviews.",worldnews,2016-08-27
Senate confirms new ambassador to key ally in diplomatic shift,"The administration announced Wednesday that senate confirms new ambassador to key ally in diplomatic shift. Officials cited data showing consistent trends in the relevant sectors over the past quarter. Congressional leaders from both parties acknowledged the significance of the development. The press secretary stated: ""This reflects our ongoing commitment to evidence-based policymaking."" International observers noted the decision aligns with broader global economic trends.",politicsNews,2017-09-19
Tech companies face antitrust scrutiny from regulators in EU and US,"According to a report published Wednesday, tech companies face antitrust scrutiny from regulators in eu and us. The findings were based on a comprehensive review of publicly available data and expert testimony. Committee members questioned agency officials for several hours before releasing the final report. Independent economists described the assessment as thorough and methodologically sound. The report will now be reviewed by the relevant oversight body before any formal policy action is taken.",politicsNews,2022-12-12
Federal budget deficit widens as spending outpaces revenue growth,"The administration announced Friday that federal budget deficit widens as spending outpaces revenue growth. Officials cited data showing consistent trends in the relevant sectors over the past quarter. Congressional leaders from both parties acknowledged the significance of the development. The press secretary stated: ""This reflects our ongoing commitment to evidence-based policymaking."" International observers noted the decision aligns with broader global economic trends.",Government News,2018-01-24
Congress passes bipartisan infrastructure bill worth 1.2 trillion dollars,"According to a report published Monday, congress passes bipartisan infrastructure bill worth 1.2 trillion dollars. The findings were based on a comprehensive review of publicly available data and expert testimony. Committee members questioned agency officials for several hours before releasing the final report. Independent economists described the assessment as thorough and methodologically sound. The report will now be reviewed by the relevant oversight body before any formal policy action is taken.",Government News,2020-04-06
Supreme Court hears oral arguments in landmark free speech case,"supreme court hears oral arguments in landmark free speech case, according to data released by the agency on Monday. The figures mark a notable change compared to the same period last year. Analysts attributed the shift to several macroeconomic factors including supply chain normalization. A senior official speaking on background said policymakers are closely monitoring the situation. Further details are expected to be released at a press briefing scheduled for later this week.",Government News,2018-04-27
Senate confirms new ambassador to key ally in diplomatic shift,"senate confirms new ambassador to key ally in diplomatic shift, according to data released by the agency on Tuesday. The figures mark a notable change compared to the same period last year. Analysts attributed the shift to several macroeconomic factors including supply chain normalization. A senior official speaking on background said policymakers are closely monitoring the situation. Further details are expected to be released at a press briefing scheduled for later this week.",News,2023-01-22
State department issues travel advisory for Southeast Asian region,"state department issues travel advisory for southeast asian region, according to data released by the agency on Friday. The figures mark a notable change compared to the same period last year. Analysts attributed the shift to several macroeconomic factors including supply chain normalization. A senior official speaking on background said policymakers are closely monitoring the situation. Further details are expected to be released at a press briefing scheduled for later this week.",worldnews,2016-02-24
Presidential press secretary addresses reporters on foreign policy,"presidential press secretary addresses reporters on foreign policy, according to data released by the agency on Wednesday. The figures mark a notable change compared to the same period last year. Analysts attributed the shift to several macroeconomic factors including supply chain normalization. A senior official speaking on background said policymakers are closely monitoring the situation. Further details are expected to be released at a press briefing scheduled for later this week.",Government News,2020-11-14
Pentagon releases annual defense budget request to Congress,"In a statement released Tuesday, officials confirmed that pentagon releases annual defense budget request to congress. The decision follows months of negotiations and represents a significant policy shift. Experts said the move was expected given recent economic indicators and geopolitical developments. Spokesperson for the agency noted: ""We are committed to transparency and will continue to update the public."" The announcement was welcomed by industry leaders while some advocacy groups called for further review.",left-news,2022-01-06
Congressional hearing examines social media impact on teen mental health,"In a statement released Friday, officials confirmed that congressional hearing examines social media impact on teen mental health. The decision follows months of negotiations and represents a significant policy shift. Experts said the move was expected given recent economic indicators and geopolitical developments. Spokesperson for the agency noted: ""We are committed to transparency and will continue to update the public."" The announcement was welcomed by industry leaders while some advocacy groups called for further review.",worldnews,2022-02-03
Secretary of State holds bilateral talks with foreign minister in capital,"secretary of state holds bilateral talks with foreign minister in capital, according to data released by the agency on Tuesday. The figures mark a notable change compared to the same period last year. Analysts attributed the shift to several macroeconomic factors including supply chain normalization. A senior official speaking on background said policymakers are closely monitoring the situation. Further details are expected to be released at a press briefing scheduled for later this week.",politicsNews,2018-07-04
NATO allies agree to increase defense spending commitments,"nato allies agree to increase defense spending commitments, according to data released by the agency on Tuesday. The figures mark a notable change compared to the same period last year. Analysts attributed the shift to several macroeconomic factors including supply chain normalization. A senior official speaking on background said policymakers are closely monitoring the situation. Further details are expected to be released at a press briefing scheduled for later this week.",News,2021-08-06
Central bank governor testifies before Senate banking committee,"According to a report published Friday, central bank governor testifies before senate banking committee. The findings were based on a comprehensive review of publicly available data and expert testimony. Committee members questioned agency officials for several hours before releasing the final report. Independent economists described the assessment as thorough and methodologically sound. The report will now be reviewed by the relevant oversight body before any formal policy action is taken.",worldnews,2023-07-06
Environmental Protection Agency announces new clean air standards,"The administration announced Wednesday that environmental protection agency announces new clean air standards. Officials cited data showing consistent trends in the relevant sectors over the past quarter. Congressional leaders from both parties acknowledged the significance of the development. The press secretary stated: ""This reflects our ongoing commitment to evidence-based policymaking."" International observers noted the decision aligns with broader global economic trends.",News,2020-10-07
Presidential press secretary addresses reporters on foreign policy,"In a statement released Tuesday, officials confirmed that presidential press secretary addresses reporters on foreign policy. The decision follows months of negotiations and represents a significant policy shift. Experts said the move was expected given recent economic indicators and geopolitical developments. Spokesperson for the agency noted: ""We are committed to transparency and will continue to update the public."" The announcement was welcomed by industry leaders while some advocacy groups called for further review.",left-news,2020-07-25
Consumer confidence index rises for third consecutive month,"The administration announced Monday that consumer confidence index rises for third consecutive month. Officials cited data showing consistent trends in the relevant sectors over the past quarter. Congressional leaders from both parties acknowledged the significance of the development. The press secretary stated: ""This reflects our ongoing commitment to evidence-based policymaking."" International observers noted the decision aligns with broader global economic trends.",politics,2017-12-05
Apple reports record quarterly earnings driven by iPhone sales,"apple reports record quarterly earnings driven by iphone sales, according to data released by the agency on Friday. The figures mark a notable change compared to the same period last year. Analysts attributed the shift to several macroeconomic factors including supply chain normalization. A senior official speaking on background said policymakers are closely monitoring the situation. Further details are expected to be released at a press briefing scheduled for later this week.",politicsNews,2023-07-21
Agriculture Department releases annual crop yield forecast for winter,"agriculture department releases annual crop yield forecast for winter, according to data released by the agency on Monday. The figures mark a notable change compared to the same period last year. Analysts attributed the shift to several macroeconomic factors including supply chain normalization. A senior official speaking on background said policymakers are closely monitoring the situation. Further details are expected to be released at a press briefing scheduled for later this week.",politics,2018-09-08
Stock markets decline as investors react to rising bond yields,"stock markets decline as investors react to rising bond yields, according to data released by the agency on Monday. The figures mark a notable change compared to the same period last year. Analysts attributed the shift to several macroeconomic factors including supply chain normalization. A senior official speaking on background said policymakers are closely monitoring the situation. Further details are expected to be released at a press briefing scheduled for later this week.",politics,2017-04-18
Health officials report significant decline in childhood obesity rates,"In a statement released Wednesday, officials confirmed that health officials report significant decline in childhood obesity rates. The decision follows months of negotiations and represents a significant policy shift. Experts said the move was expected given recent economic indicators and geopolitical developments. Spokesperson for the agency noted: ""We are committed to transparency and will continue to update the public."" The announcement was welcomed by industry leaders while some advocacy groups called for further review.",politics,2017-05-09
SpaceX successfully lands booster for record fifteenth time,"According to a report published Tuesday, spacex successfully lands booster for record fifteenth time. The findings were based on a comprehensive review of publicly available data and expert testimony. Committee members questioned agency officials for several hours before releasing the final report. Independent economists described the assessment as thorough and methodologically sound. The report will now be reviewed by the relevant oversight body before any formal policy action is taken.",worldnews,2016-07-16
Senate confirms new ambassador to key ally in diplomatic shift,"senate confirms new ambassador to key ally in diplomatic shift, according to data released by the agency on Tuesday. The figures mark a notable change compared to the same period last year. Analysts attributed the shift to several macroeconomic factors including supply chain normalization. A senior official speaking on background said policymakers are closely monitoring the situation. Further details are expected to be released at a press briefing scheduled for later this week.",Government News,2017-09-05
Environmental Protection Agency announces new clean air standards,"The administration announced Monday that environmental protection agency announces new clean air standards. Officials cited data showing consistent trends in the relevant sectors over the past quarter. Congressional leaders from both parties acknowledged the significance of the development. The press secretary stated: ""This reflects our ongoing commitment to evidence-based policymaking."" International observers noted the decision aligns with broader global economic trends.",left-news,2017-12-25
G20 leaders agree on framework for global minimum corporate tax,"The administration announced Tuesday that g20 leaders agree on framework for global minimum corporate tax. Officials cited data showing consistent trends in the relevant sectors over the past quarter. Congressional leaders from both parties acknowledged the significance of the development. The press secretary stated: ""This reflects our ongoing commitment to evidence-based policymaking."" International observers noted the decision aligns with broader global economic trends.",Government News,2020-06-01
United Nations calls for ceasefire as conflict in region intensifies,"In a statement released Monday, officials confirmed that united nations calls for ceasefire as conflict in region intensifies. The decision follows months of negotiations and represents a significant policy shift. Experts said the move was expected given recent economic indicators and geopolitical developments. Spokesperson for the agency noted: ""We are committed to transparency and will continue to update the public."" The announcement was welcomed by industry leaders while some advocacy groups called for further review.",Government News,2016-12-01
WHO warns of rising antibiotic resistance as global health threat,"Researchers at a leading institution published findings Tuesday showing that who warns of rising antibiotic resistance as global health threat. The peer-reviewed study, conducted over 18 months, analyzed data from more than 10,000 participants. Lead author stated the results have important implications for public policy and future research. The methodology was independently verified by two external review boards before publication. Government agencies said they would consider the findings in upcoming regulatory reviews.",Government News,2017-02-23
CDC updates COVID-19 guidelines for healthcare workers,"The administration announced Monday that cdc updates covid-19 guidelines for healthcare workers. Officials cited data showing consistent trends in the relevant sectors over the past quarter. Congressional leaders from both parties acknowledged the significance of the development. The press secretary stated: ""This reflects our ongoing commitment to evidence-based policymaking."" International observers noted the decision aligns with broader global economic trends.",left-news,2021-01-26
Transportation Secretary unveils plan to modernize air traffic control,"According to a report published Monday, transportation secretary unveils plan to modernize air traffic control. The findings were based on a comprehensive review of publicly available data and expert testimony. Committee members questioned agency officials for several hours before releasing the final report. Independent economists described the assessment as thorough and methodologically sound. The report will now be reviewed by the relevant oversight body before any formal policy action is taken.",Government News,2018-06-11
World Bank approves emergency loans to three developing nations,"In a statement released Friday, officials confirmed that world bank approves emergency loans to three developing nations. The decision follows months of negotiations and represents a significant policy shift. Experts said the move was expected given recent economic indicators and geopolitical developments. Spokesperson for the agency noted: ""We are committed to transparency and will continue to update the public."" The announcement was welcomed by industry leaders while some advocacy groups called for further review.",Government News,2020-05-09
Supreme Court hears oral arguments in landmark free speech case,"In a statement released Friday, officials confirmed that supreme court hears oral arguments in landmark free speech case. The decision follows months of negotiations and represents a significant policy shift. Experts said the move was expected given recent economic indicators and geopolitical developments. Spokesperson for the agency noted: ""We are committed to transparency and will continue to update the public."" The announcement was welcomed by industry leaders while some advocacy groups called for further review.",worldnews,2023-05-16
Defense Secretary meets with allies to discuss regional security threats,"In a statement released Tuesday, officials confirmed that defense secretary meets with allies to discuss regional security threats. The decision follows months of negotiations and represents a significant policy shift. Experts said the move was expected given recent economic indicators and geopolitical developments. Spokesperson for the agency noted: ""We are committed to transparency and will continue to update the public."" The announcement was welcomed by industry leaders while some advocacy groups called for further review.",worldnews,2020-09-20
United Nations calls for ceasefire as conflict in region intensifies,"Researchers at a leading institution published findings Thursday showing that united nations calls for ceasefire as conflict in region intensifies. The peer-reviewed study, conducted over 18 months, analyzed data from more than 10,000 participants. Lead author stated the results have important implications for public policy and future research. The methodology was independently verified by two external review boards before publication. Government agencies said they would consider the findings in upcoming regulatory reviews.",left-news,2016-09-14
University study links ultra-processed foods to higher mortality risk,"In a statement released Monday, officials confirmed that university study links ultra-processed foods to higher mortality risk. The decision follows months of negotiations and represents a significant policy shift. Experts said the move was expected given recent economic indicators and geopolitical developments. Spokesperson for the agency noted: ""We are committed to transparency and will continue to update the public."" The announcement was welcomed by industry leaders while some advocacy groups called for further review.",politics,2016-01-22
International Monetary Fund revises global growth forecast downward,"international monetary fund revises global growth forecast downward, according to data released by the agency on Thursday. The figures mark a notable change compared to the same period last year. Analysts attributed the shift to several macroeconomic factors including supply chain normalization. A senior official speaking on background said policymakers are closely monitoring the situation. Further details are expected to be released at a press briefing scheduled for later this week.",News,2021-02-12
Presidential press secretary addresses reporters on foreign policy,"According to a report published Wednesday, presidential press secretary addresses reporters on foreign policy. The findings were based on a comprehensive review of publicly available data and expert testimony. Committee members questioned agency officials for several hours before releasing the final report. Independent economists described the assessment as thorough and methodologically sound. The report will now be reviewed by the relevant oversight body before any formal policy action is taken.",politics,2018-07-13
House passes bipartisan legislation on prescription drug pricing reform,"In a statement released Tuesday, officials confirmed that house passes bipartisan legislation on prescription drug pricing reform. The decision follows months of negotiations and represents a significant policy shift. Experts said the move was expected given recent economic indicators and geopolitical developments. Spokesperson for the agency noted: ""We are committed to transparency and will continue to update the public."" The announcement was welcomed by industry leaders while some advocacy groups called for further review.",left-news,2018-05-17
Tech companies face antitrust scrutiny from regulators in EU and US,"Researchers at a leading institution published findings Wednesday showing that tech companies face antitrust scrutiny from regulators in eu and us. The peer-reviewed study, conducted over 18 months, analyzed data from more than 10,000 participants. Lead author stated the results have important implications for public policy and future research. The methodology was independently verified by two external review boards before publication. Government agencies said they would consider the findings in upcoming regulatory reviews.",Government News,2016-06-10
Supreme Court hears oral arguments in landmark free speech case,"According to a report published Thursday, supreme court hears oral arguments in landmark free speech case. The findings were based on a comprehensive review of publicly available data and expert testimony. Committee members questioned agency officials for several hours before releasing the final report. Independent economists described the assessment as thorough and methodologically sound. The report will now be reviewed by the relevant oversight body before any formal policy action is taken.",Government News,2016-09-23
United Nations calls for ceasefire as conflict in region intensifies,"The administration announced Monday that united nations calls for ceasefire as conflict in region intensifies. Officials cited data showing consistent trends in the relevant sectors over the past quarter. Congressional leaders from both parties acknowledged the significance of the development. The press secretary stated: ""This reflects our ongoing commitment to evidence-based policymaking."" International observers noted the decision aligns with broader global economic trends.",left-news,2019-04-14
Central bank governor testifies before Senate banking committee,"According to a report published Friday, central bank governor testifies before senate banking committee. The findings were based on a comprehensive review of publicly available data and expert testimony. Committee members questioned agency officials for several hours before releasing the final report. Independent economists described the assessment as thorough and methodologically sound. The report will now be reviewed by the relevant oversight body before any formal policy action is taken.",left-news,2021-01-25
Environmental Protection Agency announces new clean air standards,"According to a report published Tuesday, environmental protection agency announces new clean air standards. The findings were based on a comprehensive review of publicly available data and expert testimony. Committee members questioned agency officials for several hours before releasing the final report. Independent economists described the assessment as thorough and methodologically sound. The report will now be reviewed by the relevant oversight body before any formal policy action is taken.",worldnews,2017-01-09
Apple reports record quarterly earnings driven by iPhone sales,"In a statement released Thursday, officials confirmed that apple reports record quarterly earnings driven by iphone sales. The decision follows months of negotiations and represents a significant policy shift. Experts said the move was expected given recent economic indicators and geopolitical developments. Spokesperson for the agency noted: ""We are committed to transparency and will continue to update the public."" The announcement was welcomed by industry leaders while some advocacy groups called for further review.",News,2017-09-17
National Institutes of Health announces increased funding for cancer research,"In a statement released Wednesday, officials confirmed that national institutes of health announces increased funding for cancer research. The decision follows months of negotiations and represents a significant policy shift. Experts said the move was expected given recent economic indicators and geopolitical developments. Spokesperson for the agency noted: ""We are committed to transparency and will continue to update the public."" The announcement was welcomed by industry leaders while some advocacy groups called for further review.",Government News,2020-11-06
Health officials report significant decline in childhood obesity rates,"The administration announced Thursday that health officials report significant decline in childhood obesity rates. Officials cited data showing consistent trends in the relevant sectors over the past quarter. Congressional leaders from both parties acknowledged the significance of the development. The press secretary stated: ""This reflects our ongoing commitment to evidence-based policymaking."" International observers noted the decision aligns with broader global economic trends.",worldnews,2019-07-23
Secretary of State holds bilateral talks with foreign minister in capital,"secretary of state holds bilateral talks with foreign minister in capital, according to data released by the agency on Friday. The figures mark a notable change compared to the same period last year. Analysts attributed the shift to several macroeconomic factors including supply chain normalization. A senior official speaking on background said policymakers are closely monitoring the situation. Further details are expected to be released at a press briefing scheduled for later this week.",Government News,2017-07-09
Global food prices rise as drought affects major agricultural regions,"global food prices rise as drought affects major agricultural regions, according to data released by the agency on Monday. The figures mark a notable change compared to the same period last year. Analysts attributed the shift to several macroeconomic factors including supply chain normalization. A senior official speaking on background said policymakers are closely monitoring the situation. Further details are expected to be released at a press briefing scheduled for later this week.",worldnews,2022-10-22
Oil prices fall after OPEC announces production increase,"oil prices fall after opec announces production increase, according to data released by the agency on Friday. The figures mark a notable change compared to the same period last year. Analysts attributed the shift to several macroeconomic factors including supply chain normalization. A senior official speaking on background said policymakers are closely monitoring the situation. Further details are expected to be released at a press briefing scheduled for later this week.",politics,2020-07-10
Supreme Court hears oral arguments in landmark free speech case,"In a statement released Tuesday, officials confirmed that supreme court hears oral arguments in landmark free speech case. The decision follows months of negotiations and represents a significant policy shift. Experts said the move was expected given recent economic indicators and geopolitical developments. Spokesperson for the agency noted: ""We are committed to transparency and will continue to update the public."" The announcement was welcomed by industry leaders while some advocacy groups called for further review.",left-news,2018-06-24
Presidential press secretary addresses reporters on foreign policy,"According to a report published Thursday, presidential press secretary addresses reporters on foreign policy. The findings were based on a comprehensive review of publicly available data and expert testimony. Committee members questioned agency officials for several hours before releasing the final report. Independent economists described the assessment as thorough and methodologically sound. The report will now be reviewed by the relevant oversight body before any formal policy action is taken.",worldnews,2017-05-25
International Monetary Fund revises global growth forecast downward,"In a statement released Thursday, officials confirmed that international monetary fund revises global growth forecast downward. The decision follows months of negotiations and represents a significant policy shift. Experts said the move was expected given recent economic indicators and geopolitical developments. Spokesperson for the agency noted: ""We are committed to transparency and will continue to update the public."" The announcement was welcomed by industry leaders while some advocacy groups called for further review.",politicsNews,2022-05-21
World Bank approves emergency loans to three developing nations,"world bank approves emergency loans to three developing nations, according to data released by the agency on Wednesday. The figures mark a notable change compared to the same period last year. Analysts attributed the shift to several macroeconomic factors including supply chain normalization. A senior official speaking on background said policymakers are closely monitoring the situation. Further details are expected to be released at a press briefing scheduled for later this week.",News,2020-01-06
Unemployment rate falls to lowest level in two years,"unemployment rate falls to lowest level in two years, according to data released by the agency on Wednesday. The figures mark a notable change compared to the same period last year. Analysts attributed the shift to several macroeconomic factors including supply chain normalization. A senior official speaking on background said policymakers are closely monitoring the situation. Further details are expected to be released at a press briefing scheduled for later this week.",News,2018-05-07
Presidential press secretary addresses reporters on foreign policy,"In a statement released Monday, officials confirmed that presidential press secretary addresses reporters on foreign policy. The decision follows months of negotiations and represents a significant policy shift. Experts said the move was expected given recent economic indicators and geopolitical developments. Spokesperson for the agency noted: ""We are committed to transparency and will continue to update the public."" The announcement was welcomed by industry leaders while some advocacy groups called for further review.",left-news,2022-05-14
President signs executive order on artificial intelligence regulation,"Researchers at a leading institution published findings Friday showing that president signs executive order on artificial intelligence regulation. The peer-reviewed study, conducted over 18 months, analyzed data from more than 10,000 participants. Lead author stated the results have important implications for public policy and future research. The methodology was independently verified by two external review boards before publication. Government agencies said they would consider the findings in upcoming regulatory reviews.",politics,2016-04-24
Congress passes bipartisan infrastructure bill worth 1.2 trillion dollars,"Researchers at a leading institution published findings Tuesday showing that congress passes bipartisan infrastructure bill worth 1.2 trillion dollars. The peer-reviewed study, conducted over 18 months, analyzed data from more than 10,000 participants. Lead author stated the results have important implications for public policy and future research. The methodology was independently verified by two external review boards before publication. Government agencies said they would consider the findings in upcoming regulatory reviews.",politics,2018-05-11
Presidential press secretary addresses reporters on foreign policy,"presidential press secretary addresses reporters on foreign policy, according to data released by the agency on Thursday. The figures mark a notable change compared to the same period last year. Analysts attributed the shift to several macroeconomic factors including supply chain normalization. A senior official speaking on background said policymakers are closely monitoring the situation. Further details are expected to be released at a press briefing scheduled for later this week.",politics,2016-11-23
SpaceX successfully lands booster for record fifteenth time,"In a statement released Wednesday, officials confirmed that spacex successfully lands booster for record fifteenth time. The decision follows months of negotiations and represents a significant policy shift. Experts said the move was expected given recent economic indicators and geopolitical developments. Spokesperson for the agency noted: ""We are committed to transparency and will continue to update the public."" The announcement was welcomed by industry leaders while some advocacy groups called for further review.",Government News,2016-05-08
Senate confirms new ambassador to key ally in diplomatic shift,"senate confirms new ambassador to key ally in diplomatic shift, according to data released by the agency on Tuesday. The figures mark a notable change compared to the same period last year. Analysts attributed the shift to several macroeconomic factors including supply chain normalization. A senior official speaking on background said policymakers are closely monitoring the situation. Further details are expected to be released at a press briefing scheduled for later this week.",News,2019-09-09
Agriculture Department releases annual crop yield forecast for winter,"Researchers at a leading institution published findings Monday showing that agriculture department releases annual crop yield forecast for winter. The peer-reviewed study, conducted over 18 months, analyzed data from more than 10,000 participants. Lead author stated the results have important implications for public policy and future research. The methodology was independently verified by two external review boards before publication. Government agencies said they would consider the findings in upcoming regulatory reviews.",left-news,2019-03-26
Congress passes bipartisan infrastructure bill worth 1.2 trillion dollars,"In a statement released Monday, officials confirmed that congress passes bipartisan infrastructure bill worth 1.2 trillion dollars. The decision follows months of negotiations and represents a significant policy shift. Experts said the move was expected given recent economic indicators and geopolitical developments. Spokesperson for the agency noted: ""We are committed to transparency and will continue to update the public."" The announcement was welcomed by industry leaders while some advocacy groups called for further review.",Government News,2023-09-15
Presidential press secretary addresses reporters on foreign policy,"In a statement released Friday, officials confirmed that presidential press secretary addresses reporters on foreign policy. The decision follows months of negotiations and represents a significant policy shift. Experts said the move was expected given recent economic indicators and geopolitical developments. Spokesperson for the agency noted: ""We are committed to transparency and will continue to update the public."" The announcement was welcomed by industry leaders while some advocacy groups called for further review.",politicsNews,2019-04-19
WHO warns of rising antibiotic resistance as global health threat,"who warns of rising antibiotic resistance as global health threat, according to data released by the agency on Thursday. The figures mark a notable change compared to the same period last year. Analysts attributed the shift to several macroeconomic factors including supply chain normalization. A senior official speaking on background said policymakers are closely monitoring the situation. Further details are expected to be released at a press briefing scheduled for later this week.",worldnews,2018-07-21
G20 leaders agree on framework for global minimum corporate tax,"g20 leaders agree on framework for global minimum corporate tax, according to data released by the agency on Monday. The figures mark a notable change compared to the same period last year. Analysts attributed the shift to several macroeconomic factors including supply chain normalization. A senior official speaking on background said policymakers are closely monitoring the situation. Further details are expected to be released at a press briefing scheduled for later this week.",left-news,2016-12-03
WHO warns of rising antibiotic resistance as global health threat,"According to a report published Friday, who warns of rising antibiotic resistance as global health threat. The findings were based on a comprehensive review of publicly available data and expert testimony. Committee members questioned agency officials for several hours before releasing the final report. Independent economists described the assessment as thorough and methodologically sound. The report will now be reviewed by the relevant oversight body before any formal policy action is taken.",left-news,2021-07-04
University study links ultra-processed foods to higher mortality risk,"According to a report published Thursday, university study links ultra-processed foods to higher mortality risk. The findings were based on a comprehensive review of publicly available data and expert testimony. Committee members questioned agency officials for several hours before releasing the final report. Independent economists described the assessment as thorough and methodologically sound. The report will now be reviewed by the relevant oversight body before any formal policy action is taken.",politics,2016-01-06
Senate confirms new ambassador to key ally in diplomatic shift,"In a statement released Monday, officials confirmed that senate confirms new ambassador to key ally in diplomatic shift. The decision follows months of negotiations and represents a significant policy shift. Experts said the move was expected given recent economic indicators and geopolitical developments. Spokesperson for the agency noted: ""We are committed to transparency and will continue to update the public."" The announcement was welcomed by industry leaders while some advocacy groups called for further review.",politics,2017-06-25
Researchers publish findings on sleep deprivation and cognitive decline,"In a statement released Friday, officials confirmed that researchers publish findings on sleep deprivation and cognitive decline. The decision follows months of negotiations and represents a significant policy shift. Experts said the move was expected given recent economic indicators and geopolitical developments. Spokesperson for the agency noted: ""We are committed to transparency and will continue to update the public."" The announcement was welcomed by industry leaders while some advocacy groups called for further review.",worldnews,2016-04-23
World Bank approves emergency loans to three developing nations,"Researchers at a leading institution published findings Thursday showing that world bank approves emergency loans to three developing nations. The peer-reviewed study, conducted over 18 months, analyzed data from more than 10,000 participants. Lead author stated the results have important implications for public policy and future research. The methodology was independently verified by two external review boards before publication. Government agencies said they would consider the findings in upcoming regulatory reviews.",Government News,2023-05-24
Oil prices fall after OPEC announces production increase,"According to a report published Monday, oil prices fall after opec announces production increase. The findings were based on a comprehensive review of publicly available data and expert testimony. Committee members questioned agency officials for several hours before releasing the final report. Independent economists described the assessment as thorough and methodologically sound. The report will now be reviewed by the relevant oversight body before any formal policy action is taken.",Government News,2022-01-20
Justice Department files antitrust suit against major technology firm,"justice department files antitrust suit against major technology firm, according to data released by the agency on Thursday. The figures mark a notable change compared to the same period last year. Analysts attributed the shift to several macroeconomic factors including supply chain normalization. A senior official speaking on background said policymakers are closely monitoring the situation. Further details are expected to be released at a press briefing scheduled for later this week.",News,2021-03-02
NASA successfully launches Artemis mission to lunar orbit,"Researchers at a leading institution published findings Friday showing that nasa successfully launches artemis mission to lunar orbit. The peer-reviewed study, conducted over 18 months, analyzed data from more than 10,000 participants. Lead author stated the results have important implications for public policy and future research. The methodology was independently verified by two external review boards before publication. Government agencies said they would consider the findings in upcoming regulatory reviews.",politicsNews,2017-09-21
Commerce Department reports rise in trade deficit for second quarter,"According to a report published Wednesday, commerce department reports rise in trade deficit for second quarter. The findings were based on a comprehensive review of publicly available data and expert testimony. Committee members questioned agency officials for several hours before releasing the final report. Independent economists described the assessment as thorough and methodologically sound. The report will now be reviewed by the relevant oversight body before any formal policy action is taken.",politicsNews,2020-04-08
Unemployment rate falls to lowest level in two years,"According to a report published Thursday, unemployment rate falls to lowest level in two years. The findings were based on a comprehensive review of publicly available data and expert testimony. Committee members questioned agency officials for several hours before releasing the final report. Independent economists described the assessment as thorough and methodologically sound. The report will now be reviewed by the relevant oversight body before any formal policy action is taken.",News,2016-10-05
Secretary of State holds bilateral talks with foreign minister in capital,"The administration announced Tuesday that secretary of state holds bilateral talks with foreign minister in capital. Officials cited data showing consistent trends in the relevant sectors over the past quarter. Congressional leaders from both parties acknowledged the significance of the development. The press secretary stated: ""This reflects our ongoing commitment to evidence-based policymaking."" International observers noted the decision aligns with broader global economic trends.",worldnews,2018-04-20
Central bank governor testifies before Senate banking committee,"According to a report published Tuesday, central bank governor testifies before senate banking committee. The findings were based on a comprehensive review of publicly available data and expert testimony. Committee members questioned agency officials for several hours before releasing the final report. Independent economists described the assessment as thorough and methodologically sound. The report will now be reviewed by the relevant oversight body before any formal policy action is taken.",politicsNews,2019-08-09
SpaceX successfully lands booster for record fifteenth time,"Researchers at a leading institution published findings Thursday showing that spacex successfully lands booster for record fifteenth time. The peer-reviewed study, conducted over 18 months, analyzed data from more than 10,000 participants. Lead author stated the results have important implications for public policy and future research. The methodology was independently verified by two external review boards before publication. Government agencies said they would consider the findings in upcoming regulatory reviews.",politicsNews,2017-05-02
Federal Reserve chair says inflation showing signs of gradual easing,"Researchers at a leading institution published findings Tuesday showing that federal reserve chair says inflation showing signs of gradual easing. The peer-reviewed study, conducted over 18 months, analyzed data from more than 10,000 participants. Lead author stated the results have important implications for public policy and future research. The methodology was independently verified by two external review boards before publication. Government agencies said they would consider the findings in upcoming regulatory reviews.",politics,2022-12-02
Congressional hearing examines social media impact on teen mental health,"In a statement released Wednesday, officials confirmed that congressional hearing examines social media impact on teen mental health. The decision follows months of negotiations and represents a significant policy shift. Experts said the move was expected given recent economic indicators and geopolitical developments. Spokesperson for the agency noted: ""We are committed to transparency and will continue to update the public."" The announcement was welcomed by industry leaders while some advocacy groups called for further review.",worldnews,2023-07-14
NATO allies agree to increase defense spending commitments,"In a statement released Friday, officials confirmed that nato allies agree to increase defense spending commitments. The decision follows months of negotiations and represents a significant policy shift. Experts said the move was expected given recent economic indicators and geopolitical developments. Spokesperson for the agency noted: ""We are committed to transparency and will continue to update the public."" The announcement was welcomed by industry leaders while some advocacy groups called for further review.",Government News,2017-02-24
Stock markets decline as investors react to rising bond yields,"The administration announced Monday that stock markets decline as investors react to rising bond yields. Officials cited data showing consistent trends in the relevant sectors over the past quarter. Congressional leaders from both parties acknowledged the significance of the development. The press secretary stated: ""This reflects our ongoing commitment to evidence-based policymaking."" International observers noted the decision aligns with broader global economic trends.",politicsNews,2019-01-17
Senate confirms new ambassador to key ally in diplomatic shift,"Researchers at a leading institution published findings Thursday showing that senate confirms new ambassador to key ally in diplomatic shift. The peer-reviewed study, conducted over 18 months, analyzed data from more than 10,000 participants. Lead author stated the results have important implications for public policy and future research. The methodology was independently verified by two external review boards before publication. Government agencies said they would consider the findings in upcoming regulatory reviews.",left-news,2017-01-13
Pentagon releases annual defense budget request to Congress,"The administration announced Monday that pentagon releases annual defense budget request to congress. Officials cited data showing consistent trends in the relevant sectors over the past quarter. Congressional leaders from both parties acknowledged the significance of the development. The press secretary stated: ""This reflects our ongoing commitment to evidence-based policymaking."" International observers noted the decision aligns with broader global economic trends.",News,2019-02-06
Commerce Department reports rise in trade deficit for second quarter,"commerce department reports rise in trade deficit for second quarter, according to data released by the agency on Wednesday. The figures mark a notable change compared to the same period last year. Analysts attributed the shift to several macroeconomic factors including supply chain normalization. A senior official speaking on background said policymakers are closely monitoring the situation. Further details are expected to be released at a press briefing scheduled for later this week.",News,2021-01-27
NATO allies agree to increase defense spending commitments,"According to a report published Friday, nato allies agree to increase defense spending commitments. The findings were based on a comprehensive review of publicly available data and expert testimony. Committee members questioned agency officials for several hours before releasing the final report. Independent economists described the assessment as thorough and methodologically sound. The report will now be reviewed by the relevant oversight body before any formal policy action is taken.",worldnews,2022-10-04
Federal court rules against merger of two major airline carriers,"The administration announced Thursday that federal court rules against merger of two major airline carriers. Officials cited data showing consistent trends in the relevant sectors over the past quarter. Congressional leaders from both parties acknowledged the significance of the development. The press secretary stated: ""This reflects our ongoing commitment to evidence-based policymaking."" International observers noted the decision aligns with broader global economic trends.",politics,2018-10-07
Defense Secretary meets with allies to discuss regional security threats,"Researchers at a leading institution published findings Wednesday showing that defense secretary meets with allies to discuss regional security threats. The peer-reviewed study, conducted over 18 months, analyzed data from more than 10,000 participants. Lead author stated the results have important implications for public policy and future research. The methodology was independently verified by two external review boards before publication. Government agencies said they would consider the findings in upcoming regulatory reviews.",Government News,2016-02-08
New cancer screening program launches in several US states,"According to a report published Monday, new cancer screening program launches in several us states. The findings were based on a comprehensive review of publicly available data and expert testimony. Committee members questioned agency officials for several hours before releasing the final report. Independent economists described the assessment as thorough and methodologically sound. The report will now be reviewed by the relevant oversight body before any formal policy action is taken.",politics,2023-04-11
New cancer screening program launches in several US states,"new cancer screening program launches in several us states, according to data released by the agency on Thursday. The figures mark a notable change compared to the same period last year. Analysts attributed the shift to several macroeconomic factors including supply chain normalization. A senior official speaking on background said policymakers are closely monitoring the situation. Further details are expected to be released at a press briefing scheduled for later this week.",Government News,2018-07-02
Senate confirms new ambassador to key ally in diplomatic shift,"senate confirms new ambassador to key ally in diplomatic shift, according to data released by the agency on Wednesday. The figures mark a notable change compared to the same period last year. Analysts attributed the shift to several macroeconomic factors including supply chain normalization. A senior official speaking on background said policymakers are closely monitoring the situation. Further details are expected to be released at a press briefing scheduled for later this week.",politics,2017-01-04
Labor Department reports strong job gains across manufacturing sector,"Researchers at a leading institution published findings Thursday showing that labor department reports strong job gains across manufacturing sector. The peer-reviewed study, conducted over 18 months, analyzed data from more than 10,000 participants. Lead author stated the results have important implications for public policy and future research. The methodology was independently verified by two external review boards before publication. Government agencies said they would consider the findings in upcoming regulatory reviews.",Government News,2016-10-27
Apple reports record quarterly earnings driven by iPhone sales,"According to a report published Wednesday, apple reports record quarterly earnings driven by iphone sales. The findings were based on a comprehensive review of publicly available data and expert testimony. Committee members questioned agency officials for several hours before releasing the final report. Independent economists described the assessment as thorough and methodologically sound. The report will now be reviewed by the relevant oversight body before any formal policy action is taken.",politics,2017-05-10
House passes bipartisan legislation on prescription drug pricing reform,"house passes bipartisan legislation on prescription drug pricing reform, according to data released by the agency on Monday. The figures mark a notable change compared to the same period last year. Analysts attributed the shift to several macroeconomic factors including supply chain normalization. A senior official speaking on background said policymakers are closely monitoring the situation. Further details are expected to be released at a press briefing scheduled for later this week.",Government News,2023-05-19
Supreme Court hears oral arguments in landmark free speech case,"The administration announced Friday that supreme court hears oral arguments in landmark free speech case. Officials cited data showing consistent trends in the relevant sectors over the past quarter. Congressional leaders from both parties acknowledged the significance of the development. The press secretary stated: ""This reflects our ongoing commitment to evidence-based policymaking."" International observers noted the decision aligns with broader global economic trends.",Government News,2022-10-19
World Bank approves emergency loans to three developing nations,"Researchers at a leading institution published findings Friday showing that world bank approves emergency loans to three developing nations. The peer-reviewed study, conducted over 18 months, analyzed data from more than 10,000 participants. Lead author stated the results have important implications for public policy and future research. The methodology was independently verified by two external review boards before publication. Government agencies said they would consider the findings in upcoming regulatory reviews.",Government News,2023-02-17
Oil prices fall after OPEC announces production increase,"oil prices fall after opec announces production increase, according to data released by the agency on Friday. The figures mark a notable change compared to the same period last year. Analysts attributed the shift to several macroeconomic factors including supply chain normalization. A senior official speaking on background said policymakers are closely monitoring the situation. Further details are expected to be released at a press briefing scheduled for later this week.",News,2022-11-19
Global food prices rise as drought affects major agricultural regions,"global food prices rise as drought affects major agricultural regions, according to data released by the agency on Wednesday. The figures mark a notable change compared to the same period last year. Analysts attributed the shift to several macroeconomic factors including supply chain normalization. A senior official speaking on background said policymakers are closely monitoring the situation. Further details are expected to be released at a press briefing scheduled for later this week.",politics,2017-05-01
Commerce Department reports rise in trade deficit for second quarter,"According to a report published Wednesday, commerce department reports rise in trade deficit for second quarter. The findings were based on a comprehensive review of publicly available data and expert testimony. Committee members questioned agency officials for several hours before releasing the final report. Independent economists described the assessment as thorough and methodologically sound. The report will now be reviewed by the relevant oversight body before any formal policy action is taken.",politics,2019-03-07
Congress passes bipartisan infrastructure bill worth 1.2 trillion dollars,"congress passes bipartisan infrastructure bill worth 1.2 trillion dollars, according to data released by the agency on Tuesday. The figures mark a notable change compared to the same period last year. Analysts attributed the shift to several macroeconomic factors including supply chain normalization. A senior official speaking on background said policymakers are closely monitoring the situation. Further details are expected to be released at a press briefing scheduled for later this week.",News,2018-07-13
House passes bipartisan legislation on prescription drug pricing reform,"According to a report published Monday, house passes bipartisan legislation on prescription drug pricing reform. The findings were based on a comprehensive review of publicly available data and expert testimony. Committee members questioned agency officials for several hours before releasing the final report. Independent economists described the assessment as thorough and methodologically sound. The report will now be reviewed by the relevant oversight body before any formal policy action is taken.",left-news,2016-09-16
Pentagon releases annual defense budget request to Congress,"The administration announced Monday that pentagon releases annual defense budget request to congress. Officials cited data showing consistent trends in the relevant sectors over the past quarter. Congressional leaders from both parties acknowledged the significance of the development. The press secretary stated: ""This reflects our ongoing commitment to evidence-based policymaking."" International observers noted the decision aligns with broader global economic trends.",left-news,2022-01-21
State department issues travel advisory for Southeast Asian region,"state department issues travel advisory for southeast asian region, according to data released by the agency on Tuesday. The figures mark a notable change compared to the same period last year. Analysts attributed the shift to several macroeconomic factors including supply chain normalization. A senior official speaking on background said policymakers are closely monitoring the situation. Further details are expected to be released at a press briefing scheduled for later this week.",News,2019-09-20
Tech companies face antitrust scrutiny from regulators in EU and US,"Researchers at a leading institution published findings Friday showing that tech companies face antitrust scrutiny from regulators in eu and us. The peer-reviewed study, conducted over 18 months, analyzed data from more than 10,000 participants. Lead author stated the results have important implications for public policy and future research. The methodology was independently verified by two external review boards before publication. Government agencies said they would consider the findings in upcoming regulatory reviews.",News,2019-09-05
Labor Department reports strong job gains across manufacturing sector,"According to a report published Monday, labor department reports strong job gains across manufacturing sector. The findings were based on a comprehensive review of publicly available data and expert testimony. Committee members questioned agency officials for several hours before releasing the final report. Independent economists described the assessment as thorough and methodologically sound. The report will now be reviewed by the relevant oversight body before any formal policy action is taken.",News,2016-06-14
Labor Department reports strong job gains across manufacturing sector,"In a statement released Tuesday, officials confirmed that labor department reports strong job gains across manufacturing sector. The decision follows months of negotiations and represents a significant policy shift. Experts said the move was expected given recent economic indicators and geopolitical developments. Spokesperson for the agency noted: ""We are committed to transparency and will continue to update the public."" The announcement was welcomed by industry leaders while some advocacy groups called for further review.",Government News,2022-06-01
Health officials report significant decline in childhood obesity rates,"health officials report significant decline in childhood obesity rates, according to data released by the agency on Thursday. The figures mark a notable change compared to the same period last year. Analysts attributed the shift to several macroeconomic factors including supply chain normalization. A senior official speaking on background said policymakers are closely monitoring the situation. Further details are expected to be released at a press briefing scheduled for later this week.",politics,2021-09-22
Pentagon releases annual defense budget request to Congress,"The administration announced Wednesday that pentagon releases annual defense budget request to congress. Officials cited data showing consistent trends in the relevant sectors over the past quarter. Congressional leaders from both parties acknowledged the significance of the development. The press secretary stated: ""This reflects our ongoing commitment to evidence-based policymaking."" International observers noted the decision aligns with broader global economic trends.",politicsNews,2022-10-13
Federal budget deficit widens as spending outpaces revenue growth,"The administration announced Monday that federal budget deficit widens as spending outpaces revenue growth. Officials cited data showing consistent trends in the relevant sectors over the past quarter. Congressional leaders from both parties acknowledged the significance of the development. The press secretary stated: ""This reflects our ongoing commitment to evidence-based policymaking."" International observers noted the decision aligns with broader global economic trends.",worldnews,2016-09-16
NATO allies agree to increase defense spending commitments,"In a statement released Tuesday, officials confirmed that nato allies agree to increase defense spending commitments. The decision follows months of negotiations and represents a significant policy shift. Experts said the move was expected given recent economic indicators and geopolitical developments. Spokesperson for the agency noted: ""We are committed to transparency and will continue to update the public."" The announcement was welcomed by industry leaders while some advocacy groups called for further review.",worldnews,2021-10-11
Secretary of State holds bilateral talks with foreign minister in capital,"In a statement released Wednesday, officials confirmed that secretary of state holds bilateral talks with foreign minister in capital. The decision follows months of negotiations and represents a significant policy shift. Experts said the move was expected given recent economic indicators and geopolitical developments. Spokesperson for the agency noted: ""We are committed to transparency and will continue to update the public."" The announcement was welcomed by industry leaders while some advocacy groups called for further review.",worldnews,2020-07-18
Pentagon releases annual defense budget request to Congress,"pentagon releases annual defense budget request to congress, according to data released by the agency on Friday. The figures mark a notable change compared to the same period last year. Analysts attributed the shift to several macroeconomic factors including supply chain normalization. A senior official speaking on background said policymakers are closely monitoring the situation. Further details are expected to be released at a press briefing scheduled for later this week.",News,2020-11-02
Scientists achieve breakthrough in Alzheimer's disease treatment in new study,"scientists achieve breakthrough in alzheimer's disease treatment in new study, according to data released by the agency on Thursday. The figures mark a notable change compared to the same period last year. Analysts attributed the shift to several macroeconomic factors including supply chain normalization. A senior official speaking on background said policymakers are closely monitoring the situation. Further details are expected to be released at a press briefing scheduled for later this week.",worldnews,2016-01-22
National Science Foundation awards grants for quantum computing research,"The administration announced Friday that national science foundation awards grants for quantum computing research. Officials cited data showing consistent trends in the relevant sectors over the past quarter. Congressional leaders from both parties acknowledged the significance of the development. The press secretary stated: ""This reflects our ongoing commitment to evidence-based policymaking."" International observers noted the decision aligns with broader global economic trends.",left-news,2022-02-02
Climate summit reaches agreement on carbon emission reductions,"The administration announced Friday that climate summit reaches agreement on carbon emission reductions. Officials cited data showing consistent trends in the relevant sectors over the past quarter. Congressional leaders from both parties acknowledged the significance of the development. The press secretary stated: ""This reflects our ongoing commitment to evidence-based policymaking."" International observers noted the decision aligns with broader global economic trends.",worldnews,2017-02-22
CDC updates COVID-19 guidelines for healthcare workers,"According to a report published Wednesday, cdc updates covid-19 guidelines for healthcare workers. The findings were based on a comprehensive review of publicly available data and expert testimony. Committee members questioned agency officials for several hours before releasing the final report. Independent economists described the assessment as thorough and methodologically sound. The report will now be reviewed by the relevant oversight body before any formal policy action is taken.",politicsNews,2016-02-13
Defense Secretary meets with allies to discuss regional security threats,"In a statement released Friday, officials confirmed that defense secretary meets with allies to discuss regional security threats. The decision follows months of negotiations and represents a significant policy shift. Experts said the move was expected given recent economic indicators and geopolitical developments. Spokesperson for the agency noted: ""We are committed to transparency and will continue to update the public."" The announcement was welcomed by industry leaders while some advocacy groups called for further review.",Government News,2020-02-10
Transportation Secretary unveils plan to modernize air traffic control,"According to a report published Monday, transportation secretary unveils plan to modernize air traffic control. The findings were based on a comprehensive review of publicly available data and expert testimony. Committee members questioned agency officials for several hours before releasing the final report. Independent economists described the assessment as thorough and methodologically sound. The report will now be reviewed by the relevant oversight body before any formal policy action is taken.",Government News,2021-01-15
Researchers publish findings on sleep deprivation and cognitive decline,"researchers publish findings on sleep deprivation and cognitive decline, according to data released by the agency on Friday. The figures mark a notable change compared to the same period last year. Analysts attributed the shift to several macroeconomic factors including supply chain normalization. A senior official speaking on background said policymakers are closely monitoring the situation. Further details are expected to be released at a press briefing scheduled for later this week.",worldnews,2023-11-14
Transportation Secretary unveils plan to modernize air traffic control,"transportation secretary unveils plan to modernize air traffic control, according to data released by the agency on Monday. The figures mark a notable change compared to the same period last year. Analysts attributed the shift to several macroeconomic factors including supply chain normalization. A senior official speaking on background said policymakers are closely monitoring the situation. Further details are expected to be released at a press briefing scheduled for later this week.",Government News,2021-04-21
President signs executive order on artificial intelligence regulation,"Researchers at a leading institution published findings Monday showing that president signs executive order on artificial intelligence regulation. The peer-reviewed study, conducted over 18 months, analyzed data from more than 10,000 participants. Lead author stated the results have important implications for public policy and future research. The methodology was independently verified by two external review boards before publication. Government agencies said they would consider the findings in upcoming regulatory reviews.",left-news,2023-08-20
Oil prices fall after OPEC announces production increase,"The administration announced Tuesday that oil prices fall after opec announces production increase. Officials cited data showing consistent trends in the relevant sectors over the past quarter. Congressional leaders from both parties acknowledged the significance of the development. The press secretary stated: ""This reflects our ongoing commitment to evidence-based policymaking."" International observers noted the decision aligns with broader global economic trends.",politicsNews,2023-03-24
Unemployment rate falls to lowest level in two years,"The administration announced Tuesday that unemployment rate falls to lowest level in two years. Officials cited data showing consistent trends in the relevant sectors over the past quarter. Congressional leaders from both parties acknowledged the significance of the development. The press secretary stated: ""This reflects our ongoing commitment to evidence-based policymaking."" International observers noted the decision aligns with broader global economic trends.",politics,2018-06-01
Health officials report significant decline in childhood obesity rates,"In a statement released Thursday, officials confirmed that health officials report significant decline in childhood obesity rates. The decision follows months of negotiations and represents a significant policy shift. Experts said the move was expected given recent economic indicators and geopolitical developments. Spokesperson for the agency noted: ""We are committed to transparency and will continue to update the public."" The announcement was welcomed by industry leaders while some advocacy groups called for further review.",Government News,2023-07-02
Supreme Court hears oral arguments in landmark free speech case,"According to a report published Friday, supreme court hears oral arguments in landmark free speech case. The findings were based on a comprehensive review of publicly available data and expert testimony. Committee members questioned agency officials for several hours before releasing the final report. Independent economists described the assessment as thorough and methodologically sound. The report will now be reviewed by the relevant oversight body before any formal policy action is taken.",politicsNews,2020-01-13
Defense Secretary meets with allies to discuss regional security threats,"According to a report published Wednesday, defense secretary meets with allies to discuss regional security threats. The findings were based on a comprehensive review of publicly available data and expert testimony. Committee members questioned agency officials for several hours before releasing the final report. Independent economists described the assessment as thorough and methodologically sound. The report will now be reviewed by the relevant oversight body before any formal policy action is taken.",politicsNews,2019-04-07
University study links ultra-processed foods to higher mortality risk,"university study links ultra-processed foods to higher mortality risk, according to data released by the agency on Monday. The figures mark a notable change compared to the same period last year. Analysts attributed the shift to several macroeconomic factors including supply chain normalization. A senior official speaking on background said policymakers are closely monitoring the situation. Further details are expected to be released at a press briefing scheduled for later this week.",worldnews,2021-06-23
Supreme Court hears oral arguments in landmark free speech case,"supreme court hears oral arguments in landmark free speech case, according to data released by the agency on Wednesday. The figures mark a notable change compared to the same period last year. Analysts attributed the shift to several macroeconomic factors including supply chain normalization. A senior official speaking on background said policymakers are closely monitoring the situation. Further details are expected to be released at a press briefing scheduled for later this week.",left-news,2017-08-18
WHO warns of rising antibiotic resistance as global health threat,"The administration announced Monday that who warns of rising antibiotic resistance as global health threat. Officials cited data showing consistent trends in the relevant sectors over the past quarter. Congressional leaders from both parties acknowledged the significance of the development. The press secretary stated: ""This reflects our ongoing commitment to evidence-based policymaking."" International observers noted the decision aligns with broader global economic trends.",worldnews,2018-11-04
WHO warns of rising antibiotic resistance as global health threat,"According to a report published Tuesday, who warns of rising antibiotic resistance as global health threat. The findings were based on a comprehensive review of publicly available data and expert testimony. Committee members questioned agency officials for several hours before releasing the final report. Independent economists described the assessment as thorough and methodologically sound. The report will now be reviewed by the relevant oversight body before any formal policy action is taken.",politicsNews,2022-02-08
Secretary of State holds bilateral talks with foreign minister in capital,"The administration announced Tuesday that secretary of state holds bilateral talks with foreign minister in capital. Officials cited data showing consistent trends in the relevant sectors over the past quarter. Congressional leaders from both parties acknowledged the significance of the development. The press secretary stated: ""This reflects our ongoing commitment to evidence-based policymaking."" International observers noted the decision aligns with broader global economic trends.",politics,2021-03-15
Federal court rules against merger of two major airline carriers,"According to a report published Friday, federal court rules against merger of two major airline carriers. The findings were based on a comprehensive review of publicly available data and expert testimony. Committee members questioned agency officials for several hours before releasing the final report. Independent economists described the assessment as thorough and methodologically sound. The report will now be reviewed by the relevant oversight body before any formal policy action is taken.",News,2022-02-07
Senate confirms new ambassador to key ally in diplomatic shift,"The administration announced Monday that senate confirms new ambassador to key ally in diplomatic shift. Officials cited data showing consistent trends in the relevant sectors over the past quarter. Congressional leaders from both parties acknowledged the significance of the development. The press secretary stated: ""This reflects our ongoing commitment to evidence-based policymaking."" International observers noted the decision aligns with broader global economic trends.",Government News,2020-05-09
Agriculture Department releases annual crop yield forecast for winter,"In a statement released Tuesday, officials confirmed that agriculture department releases annual crop yield forecast for winter. The decision follows months of negotiations and represents a significant policy shift. Experts said the move was expected given recent economic indicators and geopolitical developments. Spokesperson for the agency noted: ""We are committed to transparency and will continue to update the public."" The announcement was welcomed by industry leaders while some advocacy groups called for further review.",politics,2021-01-05
Unemployment rate falls to lowest level in two years,"Researchers at a leading institution published findings Friday showing that unemployment rate falls to lowest level in two years. The peer-reviewed study, conducted over 18 months, analyzed data from more than 10,000 participants. Lead author stated the results have important implications for public policy and future research. The methodology was independently verified by two external review boards before publication. Government agencies said they would consider the findings in upcoming regulatory reviews.",politicsNews,2017-07-09
Oil prices fall after OPEC announces production increase,"In a statement released Tuesday, officials confirmed that oil prices fall after opec announces production increase. The decision follows months of negotiations and represents a significant policy shift. Experts said the move was expected given recent economic indicators and geopolitical developments. Spokesperson for the agency noted: ""We are committed to transparency and will continue to update the public."" The announcement was welcomed by industry leaders while some advocacy groups called for further review.",left-news,2019-11-09
Congress passes bipartisan infrastructure bill worth 1.2 trillion dollars,"The administration announced Thursday that congress passes bipartisan infrastructure bill worth 1.2 trillion dollars. Officials cited data showing consistent trends in the relevant sectors over the past quarter. Congressional leaders from both parties acknowledged the significance of the development. The press secretary stated: ""This reflects our ongoing commitment to evidence-based policymaking."" International observers noted the decision aligns with broader global economic trends.",politics,2017-03-15
National Institutes of Health announces increased funding for cancer research,"The administration announced Friday that national institutes of health announces increased funding for cancer research. Officials cited data showing consistent trends in the relevant sectors over the past quarter. Congressional leaders from both parties acknowledged the significance of the development. The press secretary stated: ""This reflects our ongoing commitment to evidence-based policymaking."" International observers noted the decision aligns with broader global economic trends.",worldnews,2018-02-01
Supreme Court hears oral arguments in landmark free speech case,"In a statement released Thursday, officials confirmed that supreme court hears oral arguments in landmark free speech case. The decision follows months of negotiations and represents a significant policy shift. Experts said the move was expected given recent economic indicators and geopolitical developments. Spokesperson for the agency noted: ""We are committed to transparency and will continue to update the public."" The announcement was welcomed by industry leaders while some advocacy groups called for further review.",politics,2018-02-21
CDC updates COVID-19 guidelines for healthcare workers,"Researchers at a leading institution published findings Friday showing that cdc updates covid-19 guidelines for healthcare workers. The peer-reviewed study, conducted over 18 months, analyzed data from more than 10,000 participants. Lead author stated the results have important implications for public policy and future research. The methodology was independently verified by two external review boards before publication. Government agencies said they would consider the findings in upcoming regulatory reviews.",left-news,2018-10-18
SpaceX successfully lands booster for record fifteenth time,"The administration announced Friday that spacex successfully lands booster for record fifteenth time. Officials cited data showing consistent trends in the relevant sectors over the past quarter. Congressional leaders from both parties acknowledged the significance of the development. The press secretary stated: ""This reflects our ongoing commitment to evidence-based policymaking."" International observers noted the decision aligns with broader global economic trends.",left-news,2019-07-28
Tech companies face antitrust scrutiny from regulators in EU and US,"According to a report published Tuesday, tech companies face antitrust scrutiny from regulators in eu and us. The findings were based on a comprehensive review of publicly available data and expert testimony. Committee members questioned agency officials for several hours before releasing the final report. Independent economists described the assessment as thorough and methodologically sound. The report will now be reviewed by the relevant oversight body before any formal policy action is taken.",politicsNews,2018-09-22
G20 leaders agree on framework for global minimum corporate tax,"The administration announced Monday that g20 leaders agree on framework for global minimum corporate tax. Officials cited data showing consistent trends in the relevant sectors over the past quarter. Congressional leaders from both parties acknowledged the significance of the development. The press secretary stated: ""This reflects our ongoing commitment to evidence-based policymaking."" International observers noted the decision aligns with broader global economic trends.",News,2019-10-25
State department issues travel advisory for Southeast Asian region,"In a statement released Thursday, officials confirmed that state department issues travel advisory for southeast asian region. The decision follows months of negotiations and represents a significant policy shift. Experts said the move was expected given recent economic indicators and geopolitical developments. Spokesperson for the agency noted: ""We are committed to transparency and will continue to update the public."" The announcement was welcomed by industry leaders while some advocacy groups called for further review.",Government News,2022-07-22
Climate summit reaches agreement on carbon emission reductions,"The administration announced Thursday that climate summit reaches agreement on carbon emission reductions. Officials cited data showing consistent trends in the relevant sectors over the past quarter. Congressional leaders from both parties acknowledged the significance of the development. The press secretary stated: ""This reflects our ongoing commitment to evidence-based policymaking."" International observers noted the decision aligns with broader global economic trends.",Government News,2016-07-28
Federal court rules against merger of two major airline carriers,"federal court rules against merger of two major airline carriers, according to data released by the agency on Thursday. The figures mark a notable change compared to the same period last year. Analysts attributed the shift to several macroeconomic factors including supply chain normalization. A senior official speaking on background said policymakers are closely monitoring the situation. Further details are expected to be released at a press briefing scheduled for later this week.",politics,2018-01-12
Secretary of State holds bilateral talks with foreign minister in capital,"In a statement released Thursday, officials confirmed that secretary of state holds bilateral talks with foreign minister in capital. The decision follows months of negotiations and represents a significant policy shift. Experts said the move was expected given recent economic indicators and geopolitical developments. Spokesperson for the agency noted: ""We are committed to transparency and will continue to update the public."" The announcement was welcomed by industry leaders while some advocacy groups called for further review.",politics,2018-02-22
Supreme Court hears oral arguments in landmark free speech case,"supreme court hears oral arguments in landmark free speech case, according to data released by the agency on Tuesday. The figures mark a notable change compared to the same period last year. Analysts attributed the shift to several macroeconomic factors including supply chain normalization. A senior official speaking on background said policymakers are closely monitoring the situation. Further details are expected to be released at a press briefing scheduled for later this week.",Government News,2021-06-22
Supreme Court hears oral arguments in landmark free speech case,"In a statement released Thursday, officials confirmed that supreme court hears oral arguments in landmark free speech case. The decision follows months of negotiations and represents a significant policy shift. Experts said the move was expected given recent economic indicators and geopolitical developments. Spokesperson for the agency noted: ""We are committed to transparency and will continue to update the public."" The announcement was welcomed by industry leaders while some advocacy groups called for further review.",Government News,2021-01-25
SpaceX successfully lands booster for record fifteenth time,"According to a report published Thursday, spacex successfully lands booster for record fifteenth time. The findings were based on a comprehensive review of publicly available data and expert testimony. Committee members questioned agency officials for several hours before releasing the final report. Independent economists described the assessment as thorough and methodologically sound. The report will now be reviewed by the relevant oversight body before any formal policy action is taken.",politicsNews,2020-07-19
Pentagon releases annual defense budget request to Congress,"In a statement released Friday, officials confirmed that pentagon releases annual defense budget request to congress. The decision follows months of negotiations and represents a significant policy shift. Experts said the move was expected given recent economic indicators and geopolitical developments. Spokesperson for the agency noted: ""We are committed to transparency and will continue to update the public."" The announcement was welcomed by industry leaders while some advocacy groups called for further review.",Government News,2018-02-19
Stock markets decline as investors react to rising bond yields,"Researchers at a leading institution published findings Friday showing that stock markets decline as investors react to rising bond yields. The peer-reviewed study, conducted over 18 months, analyzed data from more than 10,000 participants. Lead author stated the results have important implications for public policy and future research. The methodology was independently verified by two external review boards before publication. Government agencies said they would consider the findings in upcoming regulatory reviews.",left-news,2023-10-02
Health officials report significant decline in childhood obesity rates,"According to a report published Friday, health officials report significant decline in childhood obesity rates. The findings were based on a comprehensive review of publicly available data and expert testimony. Committee members questioned agency officials for several hours before releasing the final report. Independent economists described the assessment as thorough and methodologically sound. The report will now be reviewed by the relevant oversight body before any formal policy action is taken.",Government News,2020-04-14
Environmental Protection Agency announces new clean air standards,"According to a report published Friday, environmental protection agency announces new clean air standards. The findings were based on a comprehensive review of publicly available data and expert testimony. Committee members questioned agency officials for several hours before releasing the final report. Independent economists described the assessment as thorough and methodologically sound. The report will now be reviewed by the relevant oversight body before any formal policy action is taken.",News,2016-03-05
United Nations calls for ceasefire as conflict in region intensifies,"Researchers at a leading institution published findings Monday showing that united nations calls for ceasefire as conflict in region intensifies. The peer-reviewed study, conducted over 18 months, analyzed data from more than 10,000 participants. Lead author stated the results have important implications for public policy and future research. The methodology was independently verified by two external review boards before publication. Government agencies said they would consider the findings in upcoming regulatory reviews.",politics,2019-11-27
Consumer confidence index rises for third consecutive month,"The administration announced Friday that consumer confidence index rises for third consecutive month. Officials cited data showing consistent trends in the relevant sectors over the past quarter. Congressional leaders from both parties acknowledged the significance of the development. The press secretary stated: ""This reflects our ongoing commitment to evidence-based policymaking."" International observers noted the decision aligns with broader global economic trends.",Government News,2020-09-10
Census Bureau releases updated population projections for next decade,"census bureau releases updated population projections for next decade, according to data released by the agency on Wednesday. The figures mark a notable change compared to the same period last year. Analysts attributed the shift to several macroeconomic factors including supply chain normalization. A senior official speaking on background said policymakers are closely monitoring the situation. Further details are expected to be released at a press briefing scheduled for later this week.",politics,2021-12-20
National Science Foundation awards grants for quantum computing research,"According to a report published Monday, national science foundation awards grants for quantum computing research. The findings were based on a comprehensive review of publicly available data and expert testimony. Committee members questioned agency officials for several hours before releasing the final report. Independent economists described the assessment as thorough and methodologically sound. The report will now be reviewed by the relevant oversight body before any formal policy action is taken.",Government News,2017-05-12
State department issues travel advisory for Southeast Asian region,"According to a report published Friday, state department issues travel advisory for southeast asian region. The findings were based on a comprehensive review of publicly available data and expert testimony. Committee members questioned agency officials for several hours before releasing the final report. Independent economists described the assessment as thorough and methodologically sound. The report will now be reviewed by the relevant oversight body before any formal policy action is taken.",left-news,2016-12-21
State department issues travel advisory for Southeast Asian region,"In a statement released Wednesday, officials confirmed that state department issues travel advisory for southeast asian region. The decision follows months of negotiations and represents a significant policy shift. Experts said the move was expected given recent economic indicators and geopolitical developments. Spokesperson for the agency noted: ""We are committed to transparency and will continue to update the public."" The announcement was welcomed by industry leaders while some advocacy groups called for further review.",worldnews,2019-09-13
State department issues travel advisory for Southeast Asian region,"The administration announced Thursday that state department issues travel advisory for southeast asian region. Officials cited data showing consistent trends in the relevant sectors over the past quarter. Congressional leaders from both parties acknowledged the significance of the development. The press secretary stated: ""This reflects our ongoing commitment to evidence-based policymaking."" International observers noted the decision aligns with broader global economic trends.",worldnews,2018-01-20
State department issues travel advisory for Southeast Asian region,"Researchers at a leading institution published findings Thursday showing that state department issues travel advisory for southeast asian region. The peer-reviewed study, conducted over 18 months, analyzed data from more than 10,000 participants. Lead author stated the results have important implications for public policy and future research. The methodology was independently verified by two external review boards before publication. Government agencies said they would consider the findings in upcoming regulatory reviews.",politicsNews,2017-12-21
Labor Department reports strong job gains across manufacturing sector,"The administration announced Thursday that labor department reports strong job gains across manufacturing sector. Officials cited data showing consistent trends in the relevant sectors over the past quarter. Congressional leaders from both parties acknowledged the significance of the development. The press secretary stated: ""This reflects our ongoing commitment to evidence-based policymaking."" International observers noted the decision aligns with broader global economic trends.",politics,2023-07-18
Pentagon releases annual defense budget request to Congress,"According to a report published Friday, pentagon releases annual defense budget request to congress. The findings were based on a comprehensive review of publicly available data and expert testimony. Committee members questioned agency officials for several hours before releasing the final report. Independent economists described the assessment as thorough and methodologically sound. The report will now be reviewed by the relevant oversight body before any formal policy action is taken.",left-news,2023-12-28
Pentagon releases annual defense budget request to Congress,"pentagon releases annual defense budget request to congress, according to data released by the agency on Wednesday. The figures mark a notable change compared to the same period last year. Analysts attributed the shift to several macroeconomic factors including supply chain normalization. A senior official speaking on background said policymakers are closely monitoring the situation. Further details are expected to be released at a press briefing scheduled for later this week.",politics,2019-08-24
United Nations calls for ceasefire as conflict in region intensifies,"According to a report published Wednesday, united nations calls for ceasefire as conflict in region intensifies. The findings were based on a comprehensive review of publicly available data and expert testimony. Committee members questioned agency officials for several hours before releasing the final report. Independent economists described the assessment as thorough and methodologically sound. The report will now be reviewed by the relevant oversight body before any formal policy action is taken.",Government News,2016-07-21
European Central Bank signals potential interest rate cut next quarter,"european central bank signals potential interest rate cut next quarter, according to data released by the agency on Wednesday. The figures mark a notable change compared to the same period last year. Analysts attributed the shift to several macroeconomic factors including supply chain normalization. A senior official speaking on background said policymakers are closely monitoring the situation. Further details are expected to be released at a press briefing scheduled for later this week.",politicsNews,2020-01-22
Congressional hearing examines social media impact on teen mental health,"The administration announced Thursday that congressional hearing examines social media impact on teen mental health. Officials cited data showing consistent trends in the relevant sectors over the past quarter. Congressional leaders from both parties acknowledged the significance of the development. The press secretary stated: ""This reflects our ongoing commitment to evidence-based policymaking."" International observers noted the decision aligns with broader global economic trends.",Government News,2021-11-15
House passes bipartisan legislation on prescription drug pricing reform,"In a statement released Monday, officials confirmed that house passes bipartisan legislation on prescription drug pricing reform. The decision follows months of negotiations and represents a significant policy shift. Experts said the move was expected given recent economic indicators and geopolitical developments. Spokesperson for the agency noted: ""We are committed to transparency and will continue to update the public."" The announcement was welcomed by industry leaders while some advocacy groups called for further review.",Government News,2017-03-09
Consumer confidence index rises for third consecutive month,"consumer confidence index rises for third consecutive month, according to data released by the agency on Wednesday. The figures mark a notable change compared to the same period last year. Analysts attributed the shift to several macroeconomic factors including supply chain normalization. A senior official speaking on background said policymakers are closely monitoring the situation. Further details are expected to be released at a press briefing scheduled for later this week.",News,2020-05-06
Defense Secretary meets with allies to discuss regional security threats,"The administration announced Thursday that defense secretary meets with allies to discuss regional security threats. Officials cited data showing consistent trends in the relevant sectors over the past quarter. Congressional leaders from both parties acknowledged the significance of the development. The press secretary stated: ""This reflects our ongoing commitment to evidence-based policymaking."" International observers noted the decision aligns with broader global economic trends.",politics,2022-04-05
Federal budget deficit widens as spending outpaces revenue growth,"According to a report published Wednesday, federal budget deficit widens as spending outpaces revenue growth. The findings were based on a comprehensive review of publicly available data and expert testimony. Committee members questioned agency officials for several hours before releasing the final report. Independent economists described the assessment as thorough and methodologically sound. The report will now be reviewed by the relevant oversight body before any formal policy action is taken.",worldnews,2019-11-05
Justice Department files antitrust suit against major technology firm,"According to a report published Friday, justice department files antitrust suit against major technology firm. The findings were based on a comprehensive review of publicly available data and expert testimony. Committee members questioned agency officials for several hours before releasing the final report. Independent economists described the assessment as thorough and methodologically sound. The report will now be reviewed by the relevant oversight body before any formal policy action is taken.",News,2022-04-28
CDC updates COVID-19 guidelines for healthcare workers,"According to a report published Friday, cdc updates covid-19 guidelines for healthcare workers. The findings were based on a comprehensive review of publicly available data and expert testimony. Committee members questioned agency officials for several hours before releasing the final report. Independent economists described the assessment as thorough and methodologically sound. The report will now be reviewed by the relevant oversight body before any formal policy action is taken.",politicsNews,2021-07-06
International Monetary Fund revises global growth forecast downward,"In a statement released Wednesday, officials confirmed that international monetary fund revises global growth forecast downward. The decision follows months of negotiations and represents a significant policy shift. Experts said the move was expected given recent economic indicators and geopolitical developments. Spokesperson for the agency noted: ""We are committed to transparency and will continue to update the public."" The announcement was welcomed by industry leaders while some advocacy groups called for further review.",worldnews,2021-12-16
European Central Bank signals potential interest rate cut next quarter,"Researchers at a leading institution published findings Thursday showing that european central bank signals potential interest rate cut next quarter. The peer-reviewed study, conducted over 18 months, analyzed data from more than 10,000 participants. Lead author stated the results have important implications for public policy and future research. The methodology was independently verified by two external review boards before publication. Government agencies said they would consider the findings in upcoming regulatory reviews.",worldnews,2018-07-19
Tech companies face antitrust scrutiny from regulators in EU and US,"tech companies face antitrust scrutiny from regulators in eu and us, according to data released by the agency on Wednesday. The figures mark a notable change compared to the same period last year. Analysts attributed the shift to several macroeconomic factors including supply chain normalization. A senior official speaking on background said policymakers are closely monitoring the situation. Further details are expected to be released at a press briefing scheduled for later this week.",politics,2021-02-08
National Science Foundation awards grants for quantum computing research,"In a statement released Friday, officials confirmed that national science foundation awards grants for quantum computing research. The decision follows months of negotiations and represents a significant policy shift. Experts said the move was expected given recent economic indicators and geopolitical developments. Spokesperson for the agency noted: ""We are committed to transparency and will continue to update the public."" The announcement was welcomed by industry leaders while some advocacy groups called for further review.",Government News,2022-06-12
Scientists achieve breakthrough in Alzheimer's disease treatment in new study,"The administration announced Friday that scientists achieve breakthrough in alzheimer's disease treatment in new study. Officials cited data showing consistent trends in the relevant sectors over the past quarter. Congressional leaders from both parties acknowledged the significance of the development. The press secretary stated: ""This reflects our ongoing commitment to evidence-based policymaking."" International observers noted the decision aligns with broader global economic trends.",News,2022-09-11
Scientists achieve breakthrough in Alzheimer's disease treatment in new study,"According to a report published Wednesday, scientists achieve breakthrough in alzheimer's disease treatment in new study. The findings were based on a comprehensive review of publicly available data and expert testimony. Committee members questioned agency officials for several hours before releasing the final report. Independent economists described the assessment as thorough and methodologically sound. The report will now be reviewed by the relevant oversight body before any formal policy action is taken.",left-news,2020-05-08
Federal Reserve raises interest rates by 25 basis points amid inflation concerns,"federal reserve raises interest rates by 25 basis points amid inflation concerns, according to data released by the agency on Wednesday. The figures mark a notable change compared to the same period last year. Analysts attributed the shift to several macroeconomic factors including supply chain normalization. A senior official speaking on background said policymakers are closely monitoring the situation. Further details are expected to be released at a press briefing scheduled for later this week.",Government News,2017-11-17
House passes bipartisan legislation on prescription drug pricing reform,"In a statement released Monday, officials confirmed that house passes bipartisan legislation on prescription drug pricing reform. The decision follows months of negotiations and represents a significant policy shift. Experts said the move was expected given recent economic indicators and geopolitical developments. Spokesperson for the agency noted: ""We are committed to transparency and will continue to update the public."" The announcement was welcomed by industry leaders while some advocacy groups called for further review.",left-news,2023-03-02
CDC updates COVID-19 guidelines for healthcare workers,"According to a report published Wednesday, cdc updates covid-19 guidelines for healthcare workers. The findings were based on a comprehensive review of publicly available data and expert testimony. Committee members questioned agency officials for several hours before releasing the final report. Independent economists described the assessment as thorough and methodologically sound. The report will now be reviewed by the relevant oversight body before any formal policy action is taken.",politics,2019-05-26
United Nations calls for ceasefire as conflict in region intensifies,"In a statement released Wednesday, officials confirmed that united nations calls for ceasefire as conflict in region intensifies. The decision follows months of negotiations and represents a significant policy shift. Experts said the move was expected given recent economic indicators and geopolitical developments. Spokesperson for the agency noted: ""We are committed to transparency and will continue to update the public."" The announcement was welcomed by industry leaders while some advocacy groups called for further review.",worldnews,2022-05-03
G20 leaders agree on framework for global minimum corporate tax,"Researchers at a leading institution published findings Thursday showing that g20 leaders agree on framework for global minimum corporate tax. The peer-reviewed study, conducted over 18 months, analyzed data from more than 10,000 participants. Lead author stated the results have important implications for public policy and future research. The methodology was independently verified by two external review boards before publication. Government agencies said they would consider the findings in upcoming regulatory reviews.",politicsNews,2021-06-07
Congress passes bipartisan infrastructure bill worth 1.2 trillion dollars,"congress passes bipartisan infrastructure bill worth 1.2 trillion dollars, according to data released by the agency on Tuesday. The figures mark a notable change compared to the same period last year. Analysts attributed the shift to several macroeconomic factors including supply chain normalization. A senior official speaking on background said policymakers are closely monitoring the situation. Further details are expected to be released at a press briefing scheduled for later this week.",News,2019-07-16
